Country,ISO3,Year,TaxRevenue_percent_GDP
Andorra,AND,2000,
Andorra,AND,2001,
Andorra,AND,2002,
Andorra,AND,2003,
Andorra,AND,2004,
Andorra,AND,2005,
Andorra,AND,2006,
Andorra,AND,2007,
Andorra,AND,2008,
Andorra,AND,2009,
Andorra,AND,2010,
Andorra,AND,2011,
Andorra,AND,2012,
Andorra,AND,2013,
Andorra,AND,2014,
Andorra,AND,2015,
Andorra,AND,2016,
Andorra,AND,2017,
Andorra,AND,2018,
Andorra,AND,2019,
Andorra,AND,2020,
Andorra,AND,2021,
Argentina,ARG,2000,9.62260350188905
Argentina,ARG,2001,9.32489879390056
Argentina,ARG,2002,9.81895834666325
Argentina,ARG,2003,12.5187797002949
Argentina,ARG,2004,13.1007798994386
Argentina,ARG,2005,13.1031756459852
Argentina,ARG,2006,12.8788866954319
Argentina,ARG,2007,12.4482684483004
Argentina,ARG,2008,13.3178463574032
Argentina,ARG,2009,12.3830415594157
Argentina,ARG,2010,12.8530426903255
Argentina,ARG,2011,12.6636277012315
Argentina,ARG,2012,12.9528415127413
Argentina,ARG,2013,12.4529027558077
Argentina,ARG,2014,12.6109666067191
Argentina,ARG,2015,12.3365069418291
Argentina,ARG,2016,12.0972836411962
Argentina,ARG,2017,10.939623860491
Argentina,ARG,2018,9.99239008384335
Argentina,ARG,2019,10.5943975145081
Argentina,ARG,2020,10.8658963820494
Argentina,ARG,2021,11.5000669715845
Armenia,ARM,2000,
Armenia,ARM,2001,
Armenia,ARM,2002,
Armenia,ARM,2003,
Armenia,ARM,2004,13.9964056466186
Armenia,ARM,2005,14.3356634088462
Armenia,ARM,2006,14.3959865593942
Armenia,ARM,2007,15.962531729107
Armenia,ARM,2008,17.3217587321083
Armenia,ARM,2009,16.5058632327843
Armenia,ARM,2010,17.0700513990102
Armenia,ARM,2011,17.2194190490991
Armenia,ARM,2012,17.4916420766113
Armenia,ARM,2013,21.5862138752919
Armenia,ARM,2014,21.5991745525223
Armenia,ARM,2015,20.931220827141
Armenia,ARM,2016,21.2773752756378
Armenia,ARM,2017,20.7806533587524
Armenia,ARM,2018,20.8701039031814
Armenia,ARM,2019,22.2851709900772
Armenia,ARM,2020,21.8604192761626
Armenia,ARM,2021,22.0010047423132
Australia,AUS,2000,23.0241415839463
Australia,AUS,2001,24.8578601700306
Australia,AUS,2002,23.5481448774929
Australia,AUS,2003,24.2999696180339
Australia,AUS,2004,24.2582650629738
Australia,AUS,2005,24.7545497178645
Australia,AUS,2006,24.51177238554
Australia,AUS,2007,24.0393453581788
Australia,AUS,2008,24.2076958094452
Australia,AUS,2009,22.0210061350471
Australia,AUS,2010,20.4779954643102
Australia,AUS,2011,20.3225244773041
Australia,AUS,2012,21.0990859163958
Australia,AUS,2013,21.9443416287694
Australia,AUS,2014,21.897878678174
Australia,AUS,2015,21.8740706763168
Australia,AUS,2016,22.2755221320286
Australia,AUS,2017,22.1103686445861
Australia,AUS,2018,23.2084449619852
Australia,AUS,2019,23.4084400141939
Australia,AUS,2020,22.5909248948989
Australia,AUS,2021,23.0612679317794
Bangladesh,BGD,2000,
Bangladesh,BGD,2001,6.61116027143823
Bangladesh,BGD,2002,6.69138419067813
Bangladesh,BGD,2003,6.96521390375867
Bangladesh,BGD,2004,7.04644841818552
Bangladesh,BGD,2005,7.13567003946154
Bangladesh,BGD,2006,7.04330405780911
Bangladesh,BGD,2007,6.91726266856821
Bangladesh,BGD,2008,7.65602988282474
Bangladesh,BGD,2009,7.49811626276927
Bangladesh,BGD,2010,7.83468474946733
Bangladesh,BGD,2011,8.68592470557816
Bangladesh,BGD,2012,9.02456269019499
Bangladesh,BGD,2013,8.96241331541821
Bangladesh,BGD,2014,8.6353777373447
Bangladesh,BGD,2015,8.49834882820801
Bangladesh,BGD,2016,7.31691184755758
Bangladesh,BGD,2017,6.99714263243688
Bangladesh,BGD,2018,7.73177216647423
Bangladesh,BGD,2019,7.63863895493657
Bangladesh,BGD,2020,7.00153674405437
Bangladesh,BGD,2021,7.64236301017901
Bolivia,BOL,2000,12.3308028811412
Bolivia,BOL,2001,11.7825460461138
Bolivia,BOL,2002,13.1841049760332
Bolivia,BOL,2003,12.9730003183325
Bolivia,BOL,2004,15.0163488014671
Bolivia,BOL,2005,16.2151641027597
Bolivia,BOL,2006,16.8161681623874
Bolivia,BOL,2007,16.9648657379261
Bolivia,BOL,2008,
Bolivia,BOL,2009,
Bolivia,BOL,2010,
Bolivia,BOL,2011,
Bolivia,BOL,2012,
Bolivia,BOL,2013,
Bolivia,BOL,2014,
Bolivia,BOL,2015,
Bolivia,BOL,2016,
Bolivia,BOL,2017,
Bolivia,BOL,2018,
Bolivia,BOL,2019,
Bolivia,BOL,2020,
Bolivia,BOL,2021,
Brazil,BRA,2000,
Brazil,BRA,2001,
Brazil,BRA,2002,
Brazil,BRA,2003,
Brazil,BRA,2004,
Brazil,BRA,2005,
Brazil,BRA,2006,
Brazil,BRA,2007,
Brazil,BRA,2008,
Brazil,BRA,2009,
Brazil,BRA,2010,14.2495759565686
Brazil,BRA,2011,14.8512987831907
Brazil,BRA,2012,14.332411090207
Brazil,BRA,2013,14.1253057430265
Brazil,BRA,2014,13.4900745188201
Brazil,BRA,2015,13.6296293654077
Brazil,BRA,2016,13.7104309816062
Brazil,BRA,2017,13.605228515206
Brazil,BRA,2018,13.9401079935106
Brazil,BRA,2019,13.7376948362641
Brazil,BRA,2020,12.7193878571982
Brazil,BRA,2021,14.1366751318622
Canada,CAN,2000,14.8577431846106
Canada,CAN,2001,14.1814798149467
Canada,CAN,2002,13.3776274685072
Canada,CAN,2003,13.2289347132717
Canada,CAN,2004,13.3447478670743
Canada,CAN,2005,13.2994928856977
Canada,CAN,2006,13.3482206693421
Canada,CAN,2007,13.3344320068963
Canada,CAN,2008,12.3901655964853
Canada,CAN,2009,12.3043859548638
Canada,CAN,2010,11.7328092981826
Canada,CAN,2011,11.8039212812623
Canada,CAN,2012,11.6644273631038
Canada,CAN,2013,11.6235045990299
Canada,CAN,2014,11.8083790792206
Canada,CAN,2015,12.3898109063213
Canada,CAN,2016,12.496562633144
Canada,CAN,2017,12.6120166809848
Canada,CAN,2018,13.0576846693075
Canada,CAN,2019,12.7416889014909
Canada,CAN,2020,13.5033320933869
Canada,CAN,2021,13.2198942999607
Chile,CHL,2000,16.0724036281393
Chile,CHL,2001,15.9131257668038
Chile,CHL,2002,16.0730676241731
Chile,CHL,2003,15.7688272670367
Chile,CHL,2004,16.4239450550574
Chile,CHL,2005,18.1208899059452
Chile,CHL,2006,19.6120173266907
Chile,CHL,2007,20.3790285412133
Chile,CHL,2008,18.7092655630147
Chile,CHL,2009,14.6058605653373
Chile,CHL,2010,17.47100626721
Chile,CHL,2011,18.9360959989957
Chile,CHL,2012,18.9910595536986
Chile,CHL,2013,17.4587728971955
Chile,CHL,2014,17.044501214415
Chile,CHL,2015,17.5460829271472
Chile,CHL,2016,17.4689644140042
Chile,CHL,2017,17.5057946830766
Chile,CHL,2018,18.3955244984111
Chile,CHL,2019,17.7188527688584
Chile,CHL,2020,16.1961693332108
Chile,CHL,2021,19.6644047302073
China,CHN,2000,
China,CHN,2001,
China,CHN,2002,
China,CHN,2003,
China,CHN,2004,
China,CHN,2005,8.56924385783334
China,CHN,2006,9.05725398272786
China,CHN,2007,9.77140606467415
China,CHN,2008,10.1014265266002
China,CHN,2009,10.3094417362922
China,CHN,2010,10.212048608843
China,CHN,2011,10.3127948892952
China,CHN,2012,10.2567686829398
China,CHN,2013,9.90773258312895
China,CHN,2014,9.67861882699669
China,CHN,2015,9.37692044713406
China,CHN,2016,9.12291556057604
China,CHN,2017,9.41931765253305
China,CHN,2018,9.05268573156305
China,CHN,2019,8.49286376989869
China,CHN,2020,8.09062621607631
China,CHN,2021,7.96512804614377
Colombia,COL,2000,11.219754185325
Colombia,COL,2001,
Colombia,COL,2002,
Colombia,COL,2003,11.2588268638482
Colombia,COL,2004,
Colombia,COL,2005,
Colombia,COL,2006,
Colombia,COL,2007,
Colombia,COL,2008,13.0315110144915
Colombia,COL,2009,12.6752273841946
Colombia,COL,2010,12.1421652023674
Colombia,COL,2011,14.5758811869672
Colombia,COL,2012,13.2269907142761
Colombia,COL,2013,14.0221143464507
Colombia,COL,2014,15.6997483720014
Colombia,COL,2015,15.797262655066
Colombia,COL,2016,14.3852129298513
Colombia,COL,2017,14.8508184081791
Colombia,COL,2018,14.6098424480272
Colombia,COL,2019,14.90052462326
Colombia,COL,2020,14.0452385553971
Colombia,COL,2021,14.4463230965207
Cyprus,CYP,2000,20.7966335767945
Cyprus,CYP,2001,21.2956362120587
Cyprus,CYP,2002,21.4312693114226
Cyprus,CYP,2003,22.0150698014494
Cyprus,CYP,2004,21.8288375781342
Cyprus,CYP,2005,23.1684581894033
Cyprus,CYP,2006,24.31188563645
Cyprus,CYP,2007,28.4229518891301
Cyprus,CYP,2008,26.9496263455086
Cyprus,CYP,2009,23.2492377292522
Cyprus,CYP,2010,23.0541633071918
Cyprus,CYP,2011,23.1497766022135
Cyprus,CYP,2012,23.3347688877135
Cyprus,CYP,2013,23.5211674986721
Cyprus,CYP,2014,24.7157220076717
Cyprus,CYP,2015,24.0473874693333
Cyprus,CYP,2016,23.5160580075036
Cyprus,CYP,2017,23.819883399544
Cyprus,CYP,2018,23.8334479788945
Cyprus,CYP,2019,23.0747988940916
Cyprus,CYP,2020,21.9401064770959
Cyprus,CYP,2021,22.5521077949787
Czechia,CZE,2000,14.3940909280327
Czechia,CZE,2001,14.6706596068644
Czechia,CZE,2002,14.4922139897488
Czechia,CZE,2003,14.9342597779117
Czechia,CZE,2004,15.3637066407322
Czechia,CZE,2005,14.4719480929411
Czechia,CZE,2006,14.2247635579556
Czechia,CZE,2007,14.6226925120358
Czechia,CZE,2008,13.6910275601823
Czechia,CZE,2009,13.6005403617534
Czechia,CZE,2010,13.5150877074659
Czechia,CZE,2011,14.4031469799321
Czechia,CZE,2012,14.8219229571973
Czechia,CZE,2013,14.986384060872
Czechia,CZE,2014,14.3234419623065
Czechia,CZE,2015,14.6856290224908
Czechia,CZE,2016,14.7706497791672
Czechia,CZE,2017,14.8067786190684
Czechia,CZE,2018,14.65729130846
Czechia,CZE,2019,14.524571696195
Czechia,CZE,2020,14.0731168065984
Czechia,CZE,2021,12.9358385035563
Ecuador,ECU,2000,
Ecuador,ECU,2001,
Ecuador,ECU,2002,
Ecuador,ECU,2003,
Ecuador,ECU,2004,
Ecuador,ECU,2005,
Ecuador,ECU,2006,
Ecuador,ECU,2007,
Ecuador,ECU,2008,
Ecuador,ECU,2009,
Ecuador,ECU,2010,
Ecuador,ECU,2011,
Ecuador,ECU,2012,
Ecuador,ECU,2013,14.1232339142175
Ecuador,ECU,2014,14.0206757250712
Ecuador,ECU,2015,16.3890534868359
Ecuador,ECU,2016,14.5417706457609
Ecuador,ECU,2017,13.6893043126773
Ecuador,ECU,2018,14.2925484323985
Ecuador,ECU,2019,13.40088971302
Ecuador,ECU,2020,12.9414347272775
Ecuador,ECU,2021,12.7055177467813
"Egypt, Arab Rep.",EGY,2000,
"Egypt, Arab Rep.",EGY,2001,
"Egypt, Arab Rep.",EGY,2002,13.4077593032462
"Egypt, Arab Rep.",EGY,2003,13.3499401197605
"Egypt, Arab Rep.",EGY,2004,13.8359777457243
"Egypt, Arab Rep.",EGY,2005,14.068635097493
"Egypt, Arab Rep.",EGY,2006,15.8295127084345
"Egypt, Arab Rep.",EGY,2007,15.3498523093448
"Egypt, Arab Rep.",EGY,2008,15.3205248464545
"Egypt, Arab Rep.",EGY,2009,15.6613605833813
"Egypt, Arab Rep.",EGY,2010,14.1300762473065
"Egypt, Arab Rep.",EGY,2011,14.0086354022318
"Egypt, Arab Rep.",EGY,2012,12.3849047590613
"Egypt, Arab Rep.",EGY,2013,13.4980649322726
"Egypt, Arab Rep.",EGY,2014,12.2201408450704
"Egypt, Arab Rep.",EGY,2015,12.5192110970171
"Egypt, Arab Rep.",EGY,2016,
"Egypt, Arab Rep.",EGY,2017,
"Egypt, Arab Rep.",EGY,2018,
"Egypt, Arab Rep.",EGY,2019,
"Egypt, Arab Rep.",EGY,2020,
"Egypt, Arab Rep.",EGY,2021,
Ethiopia,ETH,2000,
Ethiopia,ETH,2001,8.08387167264084
Ethiopia,ETH,2002,9.70983167885198
Ethiopia,ETH,2003,9.11689550681182
Ethiopia,ETH,2004,9.68076220287628
Ethiopia,ETH,2005,8.72441638457737
Ethiopia,ETH,2006,8.26284585481565
Ethiopia,ETH,2007,7.81252966616113
Ethiopia,ETH,2008,7.81414425408042
Ethiopia,ETH,2009,6.58118138102551
Ethiopia,ETH,2010,8.1634410798229
Ethiopia,ETH,2011,9.20935861701915
Ethiopia,ETH,2012,9.37759471505438
Ethiopia,ETH,2013,8.76472537700643
Ethiopia,ETH,2014,8.81195539315636
Ethiopia,ETH,2015,8.35133826701354
Ethiopia,ETH,2016,8.08706553329928
Ethiopia,ETH,2017,7.6039292287321
Ethiopia,ETH,2018,7.519920423209
Ethiopia,ETH,2019,6.66173914844703
Ethiopia,ETH,2020,6.19630057347232
Ethiopia,ETH,2021,5.32472623532696
Germany,DEU,2000,11.5919442540124
Germany,DEU,2001,10.8469025702222
Germany,DEU,2002,10.7123003022453
Germany,DEU,2003,10.8550033246906
Germany,DEU,2004,10.2875222412169
Germany,DEU,2005,10.4854431549935
Germany,DEU,2006,10.6677987618396
Germany,DEU,2007,11.1438034473806
Germany,DEU,2008,11.2809690772605
Germany,DEU,2009,11.386164409368
Germany,DEU,2010,10.9693202755288
Germany,DEU,2011,11.2547082949694
Germany,DEU,2012,11.3944179004278
Germany,DEU,2013,11.3850059987166
Germany,DEU,2014,11.2604642281679
Germany,DEU,2015,11.257498420106
Germany,DEU,2016,11.0792181745935
Germany,DEU,2017,11.1999003335225
Germany,DEU,2018,11.2376680568792
Germany,DEU,2019,11.2143835151405
Germany,DEU,2020,10.4109728028015
Germany,DEU,2021,11.0225053448154
Greece,GRC,2000,23.309875911687
Greece,GRC,2001,21.6130465155138
Greece,GRC,2002,21.8769704329815
Greece,GRC,2003,20.2520438018772
Greece,GRC,2004,19.6220114639512
Greece,GRC,2005,20.7928823703071
Greece,GRC,2006,20.3113525444312
Greece,GRC,2007,20.5440647006846
Greece,GRC,2008,20.4892108105139
Greece,GRC,2009,20.0467212280259
Greece,GRC,2010,20.4346791237019
Greece,GRC,2011,22.4592713947757
Greece,GRC,2012,24.9543887136577
Greece,GRC,2013,24.7308046940324
Greece,GRC,2014,25.3987231791514
Greece,GRC,2015,25.3959107582621
Greece,GRC,2016,27.0349616993722
Greece,GRC,2017,26.7428191688464
Greece,GRC,2018,27.1083919768284
Greece,GRC,2019,25.9324359654947
Greece,GRC,2020,24.9917156858479
Greece,GRC,2021,25.5777359596935
Guatemala,GTM,2000,10.0649764496874
Guatemala,GTM,2001,11.0386722099797
Guatemala,GTM,2002,12.0735961626442
Guatemala,GTM,2003,11.8583959396845
Guatemala,GTM,2004,11.7428498298475
Guatemala,GTM,2005,11.3843835155732
Guatemala,GTM,2006,12.0510563506017
Guatemala,GTM,2007,12.2552412852976
Guatemala,GTM,2008,11.4590303096883
Guatemala,GTM,2009,10.5046855711114
Guatemala,GTM,2010,10.6050218415249
Guatemala,GTM,2011,11.0178435431948
Guatemala,GTM,2012,11.0095522578867
Guatemala,GTM,2013,11.1022938902238
Guatemala,GTM,2014,10.777815919786
Guatemala,GTM,2015,10.3582515698864
Guatemala,GTM,2016,10.4215148794664
Guatemala,GTM,2017,10.6355739727646
Guatemala,GTM,2018,10.5609499289313
Guatemala,GTM,2019,10.4353913291649
Guatemala,GTM,2020,9.95508996692912
Guatemala,GTM,2021,11.5557790012848
"Hong Kong SAR, China",HKG,2000,
"Hong Kong SAR, China",HKG,2001,
"Hong Kong SAR, China",HKG,2002,
"Hong Kong SAR, China",HKG,2003,
"Hong Kong SAR, China",HKG,2004,
"Hong Kong SAR, China",HKG,2005,
"Hong Kong SAR, China",HKG,2006,
"Hong Kong SAR, China",HKG,2007,
"Hong Kong SAR, China",HKG,2008,
"Hong Kong SAR, China",HKG,2009,
"Hong Kong SAR, China",HKG,2010,
"Hong Kong SAR, China",HKG,2011,
"Hong Kong SAR, China",HKG,2012,
"Hong Kong SAR, China",HKG,2013,
"Hong Kong SAR, China",HKG,2014,
"Hong Kong SAR, China",HKG,2015,
"Hong Kong SAR, China",HKG,2016,
"Hong Kong SAR, China",HKG,2017,
"Hong Kong SAR, China",HKG,2018,
"Hong Kong SAR, China",HKG,2019,
"Hong Kong SAR, China",HKG,2020,
"Hong Kong SAR, China",HKG,2021,
India,IND,2000,8.81014349636308
India,IND,2001,8.07945444456957
India,IND,2002,8.67627393090217
India,IND,2003,9.10808432214403
India,IND,2004,9.57081708050975
India,IND,2005,10.0809315263538
India,IND,2006,11.1293370539779
India,IND,2007,12.1083469904149
India,IND,2008,10.9771721522223
India,IND,2009,9.80972540638804
India,IND,2010,10.3880397905312
India,IND,2011,10.1773871997608
India,IND,2012,10.8367717209692
India,IND,2013,11.0016256942917
India,IND,2014,9.98465419071312
India,IND,2015,10.5697090519718
India,IND,2016,11.1477384183764
India,IND,2017,11.3874439798131
India,IND,2018,12.0174277483166
India,IND,2019,
India,IND,2020,
India,IND,2021,
Indonesia,IDN,2000,
Indonesia,IDN,2001,11.5781845835748
Indonesia,IDN,2002,11.8269595891699
Indonesia,IDN,2003,12.3855320643093
Indonesia,IDN,2004,12.3307678952353
Indonesia,IDN,2005,
Indonesia,IDN,2006,
Indonesia,IDN,2007,
Indonesia,IDN,2008,13.310617826949
Indonesia,IDN,2009,11.0577865188848
Indonesia,IDN,2010,
Indonesia,IDN,2011,
Indonesia,IDN,2012,
Indonesia,IDN,2013,
Indonesia,IDN,2014,
Indonesia,IDN,2015,
Indonesia,IDN,2016,
Indonesia,IDN,2017,
Indonesia,IDN,2018,
Indonesia,IDN,2019,
Indonesia,IDN,2020,
Indonesia,IDN,2021,
"Iran, Islamic Rep.",IRN,2000,5.86128209638759
"Iran, Islamic Rep.",IRN,2001,5.74690355849208
"Iran, Islamic Rep.",IRN,2002,4.99437771164826
"Iran, Islamic Rep.",IRN,2003,5.20132534960526
"Iran, Islamic Rep.",IRN,2004,5.19532335188804
"Iran, Islamic Rep.",IRN,2005,6.65759371533812
"Iran, Islamic Rep.",IRN,2006,6.21768140946726
"Iran, Islamic Rep.",IRN,2007,5.93768768949975
"Iran, Islamic Rep.",IRN,2008,6.19780928808194
"Iran, Islamic Rep.",IRN,2009,7.35847804148683
"Iran, Islamic Rep.",IRN,2010,
"Iran, Islamic Rep.",IRN,2011,
"Iran, Islamic Rep.",IRN,2012,
"Iran, Islamic Rep.",IRN,2013,
"Iran, Islamic Rep.",IRN,2014,
"Iran, Islamic Rep.",IRN,2015,
"Iran, Islamic Rep.",IRN,2016,
"Iran, Islamic Rep.",IRN,2017,
"Iran, Islamic Rep.",IRN,2018,
"Iran, Islamic Rep.",IRN,2019,
"Iran, Islamic Rep.",IRN,2020,
"Iran, Islamic Rep.",IRN,2021,
Iraq,IRQ,2000,
Iraq,IRQ,2001,
Iraq,IRQ,2002,
Iraq,IRQ,2003,
Iraq,IRQ,2004,
Iraq,IRQ,2005,
Iraq,IRQ,2006,
Iraq,IRQ,2007,
Iraq,IRQ,2008,
Iraq,IRQ,2009,
Iraq,IRQ,2010,
Iraq,IRQ,2011,
Iraq,IRQ,2012,
Iraq,IRQ,2013,
Iraq,IRQ,2014,0.91477329322806
Iraq,IRQ,2015,1.32119614893692
Iraq,IRQ,2016,2.07780523585979
Iraq,IRQ,2017,2.68703020692064
Iraq,IRQ,2018,1.98400716286706
Iraq,IRQ,2019,1.34459361810327
Iraq,IRQ,2020,
Iraq,IRQ,2021,
Ireland,IRL,2000,26.3499404107767
Ireland,IRL,2001,24.2082381522214
Ireland,IRL,2002,23.5168457829207
Ireland,IRL,2003,24.1607391790456
Ireland,IRL,2004,25.0697230795881
Ireland,IRL,2005,25.4571402375003
Ireland,IRL,2006,26.818812774603
Ireland,IRL,2007,25.937168346525
Ireland,IRL,2008,23.810941221499
Ireland,IRL,2009,22.0623761788555
Ireland,IRL,2010,21.8328969233319
Ireland,IRL,2011,21.6464169302643
Ireland,IRL,2012,22.3065644373172
Ireland,IRL,2013,22.4421898424785
Ireland,IRL,2014,22.4604426817187
Ireland,IRL,2015,18.1112305946373
Ireland,IRL,2016,18.6308582747747
Ireland,IRL,2017,17.6128723324965
Ireland,IRL,2018,17.6404114712849
Ireland,IRL,2019,17.3566699903949
Ireland,IRL,2020,15.9051983090981
Ireland,IRL,2021,16.5930205963518
Japan,JPN,2000,
Japan,JPN,2001,
Japan,JPN,2002,
Japan,JPN,2003,
Japan,JPN,2004,
Japan,JPN,2005,
Japan,JPN,2006,
Japan,JPN,2007,
Japan,JPN,2008,
Japan,JPN,2009,
Japan,JPN,2010,
Japan,JPN,2011,
Japan,JPN,2012,
Japan,JPN,2013,
Japan,JPN,2014,
Japan,JPN,2015,
Japan,JPN,2016,
Japan,JPN,2017,
Japan,JPN,2018,
Japan,JPN,2019,
Japan,JPN,2020,
Japan,JPN,2021,
Jordan,JOR,2000,18.9981162585227
Jordan,JOR,2001,18.6804846237252
Jordan,JOR,2002,17.4816014130115
Jordan,JOR,2003,18.2179368351156
Jordan,JOR,2004,20.9955023421375
Jordan,JOR,2005,24.4151653670341
Jordan,JOR,2006,24.5548644547277
Jordan,JOR,2007,24.6898518707805
Jordan,JOR,2008,17.152210648873
Jordan,JOR,2009,16.5303515829394
Jordan,JOR,2010,15.4990908124012
Jordan,JOR,2011,14.6082372225069
Jordan,JOR,2012,14.9212805170996
Jordan,JOR,2013,14.9305149962785
Jordan,JOR,2014,15.4316440340028
Jordan,JOR,2015,14.9510256180555
Jordan,JOR,2016,15.0206304355319
Jordan,JOR,2017,14.7021242425125
Jordan,JOR,2018,14.7288480451847
Jordan,JOR,2019,14.8140015671358
Jordan,JOR,2020,15.9811020446786
Jordan,JOR,2021,
Kazakhstan,KAZ,2000,10.2213950712596
Kazakhstan,KAZ,2001,9.64230065323767
Kazakhstan,KAZ,2002,12.1343597833771
Kazakhstan,KAZ,2003,13.0832376530724
Kazakhstan,KAZ,2004,13.9086779667034
Kazakhstan,KAZ,2005,
Kazakhstan,KAZ,2006,
Kazakhstan,KAZ,2007,
Kazakhstan,KAZ,2008,
Kazakhstan,KAZ,2009,
Kazakhstan,KAZ,2010,15.7123804636498
Kazakhstan,KAZ,2011,18.2578342100647
Kazakhstan,KAZ,2012,13.3120981501594
Kazakhstan,KAZ,2013,16.0301777646187
Kazakhstan,KAZ,2014,14.1934327397187
Kazakhstan,KAZ,2015,9.8357115521941
Kazakhstan,KAZ,2016,9.92425019653
Kazakhstan,KAZ,2017,10.3030113756124
Kazakhstan,KAZ,2018,11.7177995865876
Kazakhstan,KAZ,2019,11.78694274063
Kazakhstan,KAZ,2020,8.3188093138288
Kazakhstan,KAZ,2021,9.44711136309549
Kenya,KEN,2000,
Kenya,KEN,2001,
Kenya,KEN,2002,
Kenya,KEN,2003,
Kenya,KEN,2004,
Kenya,KEN,2005,
Kenya,KEN,2006,
Kenya,KEN,2007,
Kenya,KEN,2008,
Kenya,KEN,2009,
Kenya,KEN,2010,
Kenya,KEN,2011,
Kenya,KEN,2012,
Kenya,KEN,2013,
Kenya,KEN,2014,15.1870212650473
Kenya,KEN,2015,14.8394826504099
Kenya,KEN,2016,14.9664727307544
Kenya,KEN,2017,15.0524641340645
Kenya,KEN,2018,14.3612789172776
Kenya,KEN,2019,15.1001093470909
Kenya,KEN,2020,14.2998226320714
Kenya,KEN,2021,13.554644324086
"Korea, Rep.",KOR,2000,14.2617780767866
"Korea, Rep.",KOR,2001,13.5487884169826
"Korea, Rep.",KOR,2002,13.2486667899345
"Korea, Rep.",KOR,2003,13.6934575722654
"Korea, Rep.",KOR,2004,12.9668278295344
"Korea, Rep.",KOR,2005,13.3130704357982
"Korea, Rep.",KOR,2006,13.7275352115127
"Korea, Rep.",KOR,2007,14.8173827033418
"Korea, Rep.",KOR,2008,14.495199990643
"Korea, Rep.",KOR,2009,13.6509644478519
"Korea, Rep.",KOR,2010,13.4369302936494
"Korea, Rep.",KOR,2011,13.8509676319419
"Korea, Rep.",KOR,2012,14.0775914974355
"Korea, Rep.",KOR,2013,13.6306234375615
"Korea, Rep.",KOR,2014,13.2411616632556
"Korea, Rep.",KOR,2015,13.1581443398916
"Korea, Rep.",KOR,2016,13.981952981677
"Korea, Rep.",KOR,2017,14.4938185341627
"Korea, Rep.",KOR,2018,15.5363837327673
"Korea, Rep.",KOR,2019,15.1995665314457
"Korea, Rep.",KOR,2020,14.8612576736336
"Korea, Rep.",KOR,2021,16.7347339402527
Kyrgyz Republic,KGZ,2000,
Kyrgyz Republic,KGZ,2001,
Kyrgyz Republic,KGZ,2002,
Kyrgyz Republic,KGZ,2003,
Kyrgyz Republic,KGZ,2004,
Kyrgyz Republic,KGZ,2005,
Kyrgyz Republic,KGZ,2006,
Kyrgyz Republic,KGZ,2007,
Kyrgyz Republic,KGZ,2008,
Kyrgyz Republic,KGZ,2009,
Kyrgyz Republic,KGZ,2010,
Kyrgyz Republic,KGZ,2011,
Kyrgyz Republic,KGZ,2012,
Kyrgyz Republic,KGZ,2013,
Kyrgyz Republic,KGZ,2014,17.5486530868942
Kyrgyz Republic,KGZ,2015,16.801668055009
Kyrgyz Republic,KGZ,2016,16.9491731803417
Kyrgyz Republic,KGZ,2017,17.0462850607483
Kyrgyz Republic,KGZ,2018,17.998857013595
Kyrgyz Republic,KGZ,2019,15.9638338680814
Kyrgyz Republic,KGZ,2020,14.0363281932396
Kyrgyz Republic,KGZ,2021,16.4912602816795
Lebanon,LBN,2000,11.9012298232129
Lebanon,LBN,2001,11.8780771977299
Lebanon,LBN,2002,14.4305901911887
Lebanon,LBN,2003,15.3767134599505
Lebanon,LBN,2004,16.5086439486372
Lebanon,LBN,2005,15.1681037724548
Lebanon,LBN,2006,15.0082855368253
Lebanon,LBN,2007,14.9441191654965
Lebanon,LBN,2008,16.4183940002292
Lebanon,LBN,2009,16.8563060057445
Lebanon,LBN,2010,16.8444766850707
Lebanon,LBN,2011,16.3773329137847
Lebanon,LBN,2012,15.1980266225285
Lebanon,LBN,2013,14.0661144534751
Lebanon,LBN,2014,14.1095658840407
Lebanon,LBN,2015,13.4650512835689
Lebanon,LBN,2016,13.5253568933955
Lebanon,LBN,2017,15.3598817637047
Lebanon,LBN,2018,15.3254054569312
Lebanon,LBN,2019,15.4053905267612
Lebanon,LBN,2020,8.90172832507978
Lebanon,LBN,2021,5.68479554564454
Libya,LBY,2000,
Libya,LBY,2001,
Libya,LBY,2002,
Libya,LBY,2003,
Libya,LBY,2004,
Libya,LBY,2005,
Libya,LBY,2006,
Libya,LBY,2007,
Libya,LBY,2008,
Libya,LBY,2009,
Libya,LBY,2010,
Libya,LBY,2011,
Libya,LBY,2012,
Libya,LBY,2013,
Libya,LBY,2014,
Libya,LBY,2015,
Libya,LBY,2016,
Libya,LBY,2017,
Libya,LBY,2018,
Libya,LBY,2019,
Libya,LBY,2020,
Libya,LBY,2021,
Malaysia,MYS,2000,13.6669089031737
Malaysia,MYS,2001,17.7948888050621
Malaysia,MYS,2002,17.4469550876406
Malaysia,MYS,2003,15.4956551225138
Malaysia,MYS,2004,15.1990937626569
Malaysia,MYS,2005,14.8263910607125
Malaysia,MYS,2006,14.5161969824928
Malaysia,MYS,2007,14.3037228371975
Malaysia,MYS,2008,14.6629582567858
Malaysia,MYS,2009,14.9405015326636
Malaysia,MYS,2010,13.3321953103767
Malaysia,MYS,2011,14.794353171378
Malaysia,MYS,2012,15.613146742555
Malaysia,MYS,2013,15.310235280489
Malaysia,MYS,2014,14.8407907140268
Malaysia,MYS,2015,14.0568621293393
Malaysia,MYS,2016,13.5507251724192
Malaysia,MYS,2017,12.9459662411797
Malaysia,MYS,2018,12.0226658594691
Malaysia,MYS,2019,11.9363488299347
Malaysia,MYS,2020,10.8846712054019
Malaysia,MYS,2021,11.2160748437663
Maldives,MDV,2000,13.796110041301
Maldives,MDV,2001,9.82630738897756
Maldives,MDV,2002,9.50792544852813
Maldives,MDV,2003,9.42070183448992
Maldives,MDV,2004,10.4894358542978
Maldives,MDV,2005,11.5693738822473
Maldives,MDV,2006,11.7564407107925
Maldives,MDV,2007,12.1474495062228
Maldives,MDV,2008,11.5788828140298
Maldives,MDV,2009,9.1006679916955
Maldives,MDV,2010,8.84762793030511
Maldives,MDV,2011,12.0781339785612
Maldives,MDV,2012,
Maldives,MDV,2013,
Maldives,MDV,2014,19.3230032785505
Maldives,MDV,2015,19.6501550926862
Maldives,MDV,2016,19.9758256426903
Maldives,MDV,2017,20.6915788854656
Maldives,MDV,2018,20.1449360379289
Maldives,MDV,2019,19.9413849005153
Maldives,MDV,2020,20.1121885867863
Maldives,MDV,2021,19.4532482767244
Mexico,MEX,2000,9.13229541380319
Mexico,MEX,2001,
Mexico,MEX,2002,
Mexico,MEX,2003,
Mexico,MEX,2004,
Mexico,MEX,2005,
Mexico,MEX,2006,
Mexico,MEX,2007,
Mexico,MEX,2008,9.57877153010104
Mexico,MEX,2009,9.23460486136909
Mexico,MEX,2010,9.67531745323634
Mexico,MEX,2011,9.61707214633816
Mexico,MEX,2012,9.35241106248164
Mexico,MEX,2013,9.88361012257494
Mexico,MEX,2014,10.2428550435991
Mexico,MEX,2015,12.3459757814792
Mexico,MEX,2016,13.1237856071941
Mexico,MEX,2017,12.6874317280509
Mexico,MEX,2018,12.7121572973761
Mexico,MEX,2019,12.7877486120091
Mexico,MEX,2020,13.8975134544893
Mexico,MEX,2021,13.4112621199031
Mongolia,MNG,2000,13.9101606963282
Mongolia,MNG,2001,14.6620591872387
Mongolia,MNG,2002,13.3692402225643
Mongolia,MNG,2003,18.0387455713481
Mongolia,MNG,2004,
Mongolia,MNG,2005,
Mongolia,MNG,2006,28.7099746786874
Mongolia,MNG,2007,23.4791764785419
Mongolia,MNG,2008,21.6518153603901
Mongolia,MNG,2009,16.5402944034255
Mongolia,MNG,2010,19.5931192505774
Mongolia,MNG,2011,18.466991091551
Mongolia,MNG,2012,15.3121421838175
Mongolia,MNG,2013,15.7312080369785
Mongolia,MNG,2014,12.9016342446788
Mongolia,MNG,2015,11.8941379230625
Mongolia,MNG,2016,11.3509934515419
Mongolia,MNG,2017,13.5469084468923
Mongolia,MNG,2018,16.6885283141983
Mongolia,MNG,2019,16.8505209165187
Mongolia,MNG,2020,14.1457872325812
Mongolia,MNG,2021,16.9088495192029
Morocco,MAR,2000,
Morocco,MAR,2001,
Morocco,MAR,2002,17.1115740310881
Morocco,MAR,2003,16.8582507292145
Morocco,MAR,2004,17.1163253219024
Morocco,MAR,2005,18.9900493143229
Morocco,MAR,2006,19.403590924953
Morocco,MAR,2007,21.7314747760242
Morocco,MAR,2008,24.0687710887435
Morocco,MAR,2009,21.5414840078664
Morocco,MAR,2010,21.0889640891443
Morocco,MAR,2011,21.4534608720228
Morocco,MAR,2012,21.9652841058592
Morocco,MAR,2013,20.6278690149343
Morocco,MAR,2014,20.3536177532067
Morocco,MAR,2015,19.4374650876196
Morocco,MAR,2016,19.8672577619678
Morocco,MAR,2017,20.1297012322291
Morocco,MAR,2018,20.2861213777208
Morocco,MAR,2019,19.9144279438656
Morocco,MAR,2020,20.0221120456722
Morocco,MAR,2021,19.6652056359581
Myanmar,MMR,2000,2.96650745818451
Myanmar,MMR,2001,2.25714041101971
Myanmar,MMR,2002,2.0010471703619
Myanmar,MMR,2003,2.21041186420545
Myanmar,MMR,2004,3.27245665609108
Myanmar,MMR,2005,3.88177835640941
Myanmar,MMR,2006,
Myanmar,MMR,2007,
Myanmar,MMR,2008,
Myanmar,MMR,2009,
Myanmar,MMR,2010,
Myanmar,MMR,2011,
Myanmar,MMR,2012,4.52409369741194
Myanmar,MMR,2013,5.52956758874506
Myanmar,MMR,2014,5.84092892509613
Myanmar,MMR,2015,6.01128503979476
Myanmar,MMR,2016,7.17585983640205
Myanmar,MMR,2017,6.07774232896579
Myanmar,MMR,2018,2.75697125272766
Myanmar,MMR,2019,6.01765247726484
Myanmar,MMR,2020,
Myanmar,MMR,2021,
Netherlands,NLD,2000,20.9294302628756
Netherlands,NLD,2001,21.0083633404495
Netherlands,NLD,2002,21.0800932986811
Netherlands,NLD,2003,20.0840549930958
Netherlands,NLD,2004,20.3554356598247
Netherlands,NLD,2005,20.8877969055651
Netherlands,NLD,2006,21.1017560822819
Netherlands,NLD,2007,21.2500501786359
Netherlands,NLD,2008,21.7043170648197
Netherlands,NLD,2009,20.8039697035576
Netherlands,NLD,2010,20.8014655797158
Netherlands,NLD,2011,20.6643770778933
Netherlands,NLD,2012,20.3223179669174
Netherlands,NLD,2013,20.5597633296122
Netherlands,NLD,2014,21.5393728808314
Netherlands,NLD,2015,21.7961168520041
Netherlands,NLD,2016,22.3479015517062
Netherlands,NLD,2017,23.0613921884343
Netherlands,NLD,2018,22.9523938963993
Netherlands,NLD,2019,23.575774886203
Netherlands,NLD,2020,23.9228232020312
Netherlands,NLD,2021,24.3086759015198
New Zealand,NZL,2000,
New Zealand,NZL,2001,28.5576325439741
New Zealand,NZL,2002,28.2080536465923
New Zealand,NZL,2003,29.2481384340701
New Zealand,NZL,2004,29.2579312754353
New Zealand,NZL,2005,30.3129068290198
New Zealand,NZL,2006,31.9858840492082
New Zealand,NZL,2007,30.1098712722247
New Zealand,NZL,2008,31.5254004624985
New Zealand,NZL,2009,29.6855131312819
New Zealand,NZL,2010,26.1523000658988
New Zealand,NZL,2011,25.6666291132704
New Zealand,NZL,2012,26.9094457778146
New Zealand,NZL,2013,26.7156406654725
New Zealand,NZL,2014,26.8505144232156
New Zealand,NZL,2015,27.4117158776336
New Zealand,NZL,2016,27.2771662422565
New Zealand,NZL,2017,27.3310425007911
New Zealand,NZL,2018,27.4821620456409
New Zealand,NZL,2019,28.1697748200882
New Zealand,NZL,2020,27.3768537037489
New Zealand,NZL,2021,29.0601312027406
Nicaragua,NIC,2000,10.6468701120311
Nicaragua,NIC,2001,9.80250806649996
Nicaragua,NIC,2002,10.3954991061828
Nicaragua,NIC,2003,11.7208158960434
Nicaragua,NIC,2004,12.1881791801183
Nicaragua,NIC,2005,12.8998034816805
Nicaragua,NIC,2006,13.6841750955082
Nicaragua,NIC,2007,13.8620039284124
Nicaragua,NIC,2008,13.2017059330992
Nicaragua,NIC,2009,13.1376850661469
Nicaragua,NIC,2010,13.6784134892971
Nicaragua,NIC,2011,14.5197169475596
Nicaragua,NIC,2012,15.0091937917603
Nicaragua,NIC,2013,15.0204806853043
Nicaragua,NIC,2014,15.3162663787317
Nicaragua,NIC,2015,15.5895883603149
Nicaragua,NIC,2016,16.1664462040546
Nicaragua,NIC,2017,16.5737516137274
Nicaragua,NIC,2018,15.6994164536848
Nicaragua,NIC,2019,17.4217691279891
Nicaragua,NIC,2020,17.0710795569353
Nicaragua,NIC,2021,18.9072309186047
Nigeria,NGA,2000,
Nigeria,NGA,2001,
Nigeria,NGA,2002,
Nigeria,NGA,2003,
Nigeria,NGA,2004,
Nigeria,NGA,2005,
Nigeria,NGA,2006,
Nigeria,NGA,2007,
Nigeria,NGA,2008,
Nigeria,NGA,2009,
Nigeria,NGA,2010,
Nigeria,NGA,2011,
Nigeria,NGA,2012,
Nigeria,NGA,2013,
Nigeria,NGA,2014,
Nigeria,NGA,2015,
Nigeria,NGA,2016,
Nigeria,NGA,2017,
Nigeria,NGA,2018,
Nigeria,NGA,2019,
Nigeria,NGA,2020,
Nigeria,NGA,2021,
Pakistan,PAK,2000,7.49968677287633
Pakistan,PAK,2001,
Pakistan,PAK,2002,
Pakistan,PAK,2003,
Pakistan,PAK,2004,
Pakistan,PAK,2005,
Pakistan,PAK,2006,
Pakistan,PAK,2007,
Pakistan,PAK,2008,
Pakistan,PAK,2009,
Pakistan,PAK,2010,
Pakistan,PAK,2011,
Pakistan,PAK,2012,
Pakistan,PAK,2013,
Pakistan,PAK,2014,
Pakistan,PAK,2015,
Pakistan,PAK,2016,
Pakistan,PAK,2017,
Pakistan,PAK,2018,
Pakistan,PAK,2019,
Pakistan,PAK,2020,
Pakistan,PAK,2021,
Peru,PER,2000,12.6086474992247
Peru,PER,2001,12.8971056336871
Peru,PER,2002,12.4871426273152
Peru,PER,2003,13.411521163568
Peru,PER,2004,13.6633689429004
Peru,PER,2005,14.1047421923916
Peru,PER,2006,15.6699876015142
Peru,PER,2007,16.4074683503203
Peru,PER,2008,16.5121709202423
Peru,PER,2009,14.4565268083919
Peru,PER,2010,15.4665717570431
Peru,PER,2011,15.9688951452089
Peru,PER,2012,16.5466871027669
Peru,PER,2013,16.4330066930272
Peru,PER,2014,16.7209266785318
Peru,PER,2015,14.9196513179116
Peru,PER,2016,13.7875476429229
Peru,PER,2017,13.1743416510927
Peru,PER,2018,14.2863713099787
Peru,PER,2019,14.5254040570996
Peru,PER,2020,13.2210909618819
Peru,PER,2021,15.9225447315513
Philippines,PHL,2000,12.4403247745092
Philippines,PHL,2001,12.2655086469998
Philippines,PHL,2002,11.6681306910299
Philippines,PHL,2003,11.6664325949085
Philippines,PHL,2004,11.3644043893781
Philippines,PHL,2005,11.9242240624029
Philippines,PHL,2006,13.1273014401873
Philippines,PHL,2007,12.9604093017337
Philippines,PHL,2008,13.0335136905172
Philippines,PHL,2009,11.6989355673304
Philippines,PHL,2010,11.63527559371
Philippines,PHL,2011,11.8490007823205
Philippines,PHL,2012,12.3059271147044
Philippines,PHL,2013,12.7438220631734
Philippines,PHL,2014,13.0155171794537
Philippines,PHL,2015,13.0196105915341
Philippines,PHL,2016,13.0871006914948
Philippines,PHL,2017,13.5937937492138
Philippines,PHL,2018,14.0475332791904
Philippines,PHL,2019,14.4884730212515
Philippines,PHL,2020,13.9509857073772
Philippines,PHL,2021,14.1300039313539
Puerto Rico,PRI,2000,
Puerto Rico,PRI,2001,
Puerto Rico,PRI,2002,
Puerto Rico,PRI,2003,
Puerto Rico,PRI,2004,
Puerto Rico,PRI,2005,
Puerto Rico,PRI,2006,
Puerto Rico,PRI,2007,
Puerto Rico,PRI,2008,
Puerto Rico,PRI,2009,
Puerto Rico,PRI,2010,
Puerto Rico,PRI,2011,
Puerto Rico,PRI,2012,
Puerto Rico,PRI,2013,
Puerto Rico,PRI,2014,
Puerto Rico,PRI,2015,
Puerto Rico,PRI,2016,
Puerto Rico,PRI,2017,
Puerto Rico,PRI,2018,
Puerto Rico,PRI,2019,
Puerto Rico,PRI,2020,
Puerto Rico,PRI,2021,
Romania,ROU,2000,17.962709479419
Romania,ROU,2001,16.6334160764758
Romania,ROU,2002,16.4891000614035
Romania,ROU,2003,17.7747637527772
Romania,ROU,2004,17.4212661578016
Romania,ROU,2005,17.4680569291356
Romania,ROU,2006,17.9470572343657
Romania,ROU,2007,17.5395257265186
Romania,ROU,2008,16.7854444924841
Romania,ROU,2009,15.2721052302458
Romania,ROU,2010,16.2393386961731
Romania,ROU,2011,17.2153737430501
Romania,ROU,2012,17.1587053558134
Romania,ROU,2013,17.7605860355839
Romania,ROU,2014,17.9390645906369
Romania,ROU,2015,18.9181762479079
Romania,ROU,2016,17.1118362525795
Romania,ROU,2017,15.586647387346
Romania,ROU,2018,14.3743364188349
Romania,ROU,2019,14.5223191022293
Romania,ROU,2020,14.1465071921172
Romania,ROU,2021,14.9237413745441
Russian Federation,RUS,2000,13.7255344540838
Russian Federation,RUS,2001,15.778699595813
Russian Federation,RUS,2002,13.6349660680486
Russian Federation,RUS,2003,13.3140302043711
Russian Federation,RUS,2004,13.2340253899051
Russian Federation,RUS,2005,16.6229096832565
Russian Federation,RUS,2006,16.5682157586489
Russian Federation,RUS,2007,16.5513130624161
Russian Federation,RUS,2008,15.8180678239761
Russian Federation,RUS,2009,12.9563524123295
Russian Federation,RUS,2010,13.048348846076
Russian Federation,RUS,2011,13.9542036796753
Russian Federation,RUS,2012,13.7546730412872
Russian Federation,RUS,2013,12.933492451261
Russian Federation,RUS,2014,13.2553613046452
Russian Federation,RUS,2015,10.6420948088217
Russian Federation,RUS,2016,9.18312209969854
Russian Federation,RUS,2017,10.2884056740183
Russian Federation,RUS,2018,11.4687676015317
Russian Federation,RUS,2019,10.938399737976
Russian Federation,RUS,2020,10.7991196203537
Russian Federation,RUS,2021,11.606494475109
Serbia,SRB,2000,
Serbia,SRB,2001,
Serbia,SRB,2002,
Serbia,SRB,2003,
Serbia,SRB,2004,
Serbia,SRB,2005,
Serbia,SRB,2006,
Serbia,SRB,2007,20.4872747900195
Serbia,SRB,2008,20.3574730803532
Serbia,SRB,2009,19.2408906576394
Serbia,SRB,2010,19.4313895022311
Serbia,SRB,2011,18.3137738004771
Serbia,SRB,2012,17.8145603317234
Serbia,SRB,2013,19.9874009064063
Serbia,SRB,2014,21.0521740869991
Serbia,SRB,2015,21.4666537370513
Serbia,SRB,2016,22.4444642528224
Serbia,SRB,2017,23.1289563600506
Serbia,SRB,2018,22.6384537211685
Serbia,SRB,2019,23.0002958047357
Serbia,SRB,2020,22.4302344933492
Serbia,SRB,2021,19.6609961159321
Singapore,SGP,2000,14.8557890847443
Singapore,SGP,2001,14.5855191514965
Singapore,SGP,2002,12.6887393397993
Singapore,SGP,2003,12.4460741638593
Singapore,SGP,2004,11.6045115798244
Singapore,SGP,2005,11.5770274018324
Singapore,SGP,2006,11.8310221766032
Singapore,SGP,2007,12.8204281959211
Singapore,SGP,2008,13.7543914469361
Singapore,SGP,2009,12.9549265300847
Singapore,SGP,2010,12.7858239691039
Singapore,SGP,2011,13.1057219512653
Singapore,SGP,2012,13.5806687357042
Singapore,SGP,2013,13.2712500808714
Singapore,SGP,2014,13.5565571344028
Singapore,SGP,2015,13.1397745298612
Singapore,SGP,2016,13.3086682238479
Singapore,SGP,2017,13.9900847741536
Singapore,SGP,2018,13.0131483056707
Singapore,SGP,2019,13.1515012662641
Singapore,SGP,2020,12.7315446821269
Singapore,SGP,2021,12.8128979341856
Slovak Republic,SVK,2000,18.5187665091838
Slovak Republic,SVK,2001,17.3046857738748
Slovak Republic,SVK,2002,17.144541429323
Slovak Republic,SVK,2003,17.7982723506955
Slovak Republic,SVK,2004,17.3599644270589
Slovak Republic,SVK,2005,18.0822416372251
Slovak Republic,SVK,2006,16.8045340951562
Slovak Republic,SVK,2007,16.7443040469437
Slovak Republic,SVK,2008,16.453938199572
Slovak Republic,SVK,2009,15.5330935888503
Slovak Republic,SVK,2010,15.0119250558756
Slovak Republic,SVK,2011,16.0042981154156
Slovak Republic,SVK,2012,15.4996173956928
Slovak Republic,SVK,2013,16.6592069032471
Slovak Republic,SVK,2014,17.3884666474231
Slovak Republic,SVK,2015,18.051517345777
Slovak Republic,SVK,2016,18.0127807632426
Slovak Republic,SVK,2017,18.5023911736731
Slovak Republic,SVK,2018,18.4643244182766
Slovak Republic,SVK,2019,18.7604421075869
Slovak Republic,SVK,2020,18.4644755641513
Slovak Republic,SVK,2021,18.9625203261059
Tajikistan,TJK,2000,7.70308389768848
Tajikistan,TJK,2001,8.20192682736563
Tajikistan,TJK,2002,
Tajikistan,TJK,2003,9.70218843197379
Tajikistan,TJK,2004,9.82102378674623
Tajikistan,TJK,2005,
Tajikistan,TJK,2006,
Tajikistan,TJK,2007,
Tajikistan,TJK,2008,
Tajikistan,TJK,2009,
Tajikistan,TJK,2010,
Tajikistan,TJK,2011,
Tajikistan,TJK,2012,
Tajikistan,TJK,2013,
Tajikistan,TJK,2014,
Tajikistan,TJK,2015,
Tajikistan,TJK,2016,
Tajikistan,TJK,2017,
Tajikistan,TJK,2018,
Tajikistan,TJK,2019,
Tajikistan,TJK,2020,
Tajikistan,TJK,2021,10.345980548358
Thailand,THA,2000,12.9767329017598
Thailand,THA,2001,13.0702183217552
Thailand,THA,2002,13.4703127620992
Thailand,THA,2003,14.4815688032319
Thailand,THA,2004,14.8533309059365
Thailand,THA,2005,16.0618602656932
Thailand,THA,2006,15.6369927115112
Thailand,THA,2007,15.1431565568396
Thailand,THA,2008,15.3848864043407
Thailand,THA,2009,14.1942308395144
Thailand,THA,2010,14.9326475542288
Thailand,THA,2011,16.3618347937093
Thailand,THA,2012,15.4409356740255
Thailand,THA,2013,17.7360544662812
Thailand,THA,2014,16.4987842783279
Thailand,THA,2015,16.8508515509662
Thailand,THA,2016,16.1000351509677
Thailand,THA,2017,15.5187271600897
Thailand,THA,2018,15.6981581348008
Thailand,THA,2019,15.3979482209566
Thailand,THA,2020,15.1931521641962
Thailand,THA,2021,15.0614176014876
Tunisia,TUN,2000,19.2923685337066
Tunisia,TUN,2001,19.597497669027
Tunisia,TUN,2002,19.5406246580672
Tunisia,TUN,2003,18.7452647767236
Tunisia,TUN,2004,18.6721938282889
Tunisia,TUN,2005,18.8775047168685
Tunisia,TUN,2006,18.5107154877372
Tunisia,TUN,2007,19.067873938373
Tunisia,TUN,2008,20.4998082253244
Tunisia,TUN,2009,20.0481618073119
Tunisia,TUN,2010,19.199750829309
Tunisia,TUN,2011,20.1748559350054
Tunisia,TUN,2012,20.1154877238471
Tunisia,TUN,2013,
Tunisia,TUN,2014,
Tunisia,TUN,2015,
Tunisia,TUN,2016,
Tunisia,TUN,2017,
Tunisia,TUN,2018,
Tunisia,TUN,2019,
Tunisia,TUN,2020,
Tunisia,TUN,2021,
Turkiye,TUR,2000,
Turkiye,TUR,2001,
Turkiye,TUR,2002,
Turkiye,TUR,2003,
Turkiye,TUR,2004,
Turkiye,TUR,2005,
Turkiye,TUR,2006,
Turkiye,TUR,2007,
Turkiye,TUR,2008,17.5022873062229
Turkiye,TUR,2009,18.0739349464114
Turkiye,TUR,2010,18.859020486632
Turkiye,TUR,2011,18.5709178655187
Turkiye,TUR,2012,18.1071816357094
Turkiye,TUR,2013,18.3638081029172
Turkiye,TUR,2014,17.9458170478531
Turkiye,TUR,2015,18.1807806755588
Turkiye,TUR,2016,18.2655872255633
Turkiye,TUR,2017,17.7181577427261
Turkiye,TUR,2018,17.2700746239773
Turkiye,TUR,2019,16.5243858377989
Turkiye,TUR,2020,17.6637230256171
Turkiye,TUR,2021,17.8636373659083
Ukraine,UKR,2000,13.6153819949128
Ukraine,UKR,2001,11.6624126908962
Ukraine,UKR,2002,12.6327971410023
Ukraine,UKR,2003,13.161625947039
Ukraine,UKR,2004,12.8140914560614
Ukraine,UKR,2005,16.5287705679768
Ukraine,UKR,2006,17.0921634355012
Ukraine,UKR,2007,15.8179537908098
Ukraine,UKR,2008,17.0917178616882
Ukraine,UKR,2009,15.7892363802239
Ukraine,UKR,2010,14.997505767077
Ukraine,UKR,2011,17.8400492744471
Ukraine,UKR,2012,17.6333154227001
Ukraine,UKR,2013,16.8986843392832
Ukraine,UKR,2014,17.294347838416
Ukraine,UKR,2015,20.4513654211322
Ukraine,UKR,2016,19.6301198096561
Ukraine,UKR,2017,20.0523676996082
Ukraine,UKR,2018,20.1425525138036
Ukraine,UKR,2019,19.1961400966208
Ukraine,UKR,2020,19.1514002992876
Ukraine,UKR,2021,19.0823227721039
United Kingdom,GBR,2000,26.089164498452
United Kingdom,GBR,2001,25.7422554934628
United Kingdom,GBR,2002,24.9615800725006
United Kingdom,GBR,2003,24.5554042090574
United Kingdom,GBR,2004,25.1523282654273
United Kingdom,GBR,2005,25.488132609925
United Kingdom,GBR,2006,25.770394514272
United Kingdom,GBR,2007,25.9947159105991
United Kingdom,GBR,2008,26.4580823293173
United Kingdom,GBR,2009,24.1727477108113
United Kingdom,GBR,2010,25.2733978923915
United Kingdom,GBR,2011,25.8349322442695
United Kingdom,GBR,2012,25.1030655622434
United Kingdom,GBR,2013,25.1363423809099
United Kingdom,GBR,2014,24.8805109652867
United Kingdom,GBR,2015,25.0666466296295
United Kingdom,GBR,2016,25.4550384230121
United Kingdom,GBR,2017,25.5968599008299
United Kingdom,GBR,2018,25.5467164489775
United Kingdom,GBR,2019,25.1112729590706
United Kingdom,GBR,2020,24.7854276187243
United Kingdom,GBR,2021,26.4149383040168
United States,USA,2000,12.9707952978416
United States,USA,2001,11.8577047719749
United States,USA,2002,9.86801667620084
United States,USA,2003,9.3906925792894
United States,USA,2004,9.53747079117008
United States,USA,2005,10.6817329318669
United States,USA,2006,11.3104788990808
United States,USA,2007,11.2899126640813
United States,USA,2008,10.2761880916694
United States,USA,2009,7.90351709244059
United States,USA,2010,8.56322203026373
United States,USA,2011,9.53892861749163
United States,USA,2012,9.76391736911044
United States,USA,2013,10.4602254541478
United States,USA,2014,10.8997481732594
United States,USA,2015,11.1828279598944
United States,USA,2016,10.8545149876524
United States,USA,2017,11.5038867327939
United States,USA,2018,9.92953894064227
United States,USA,2019,9.88478959731721
United States,USA,2020,10.1534220235407
United States,USA,2021,11.394678497951
Uruguay,URY,2000,14.6991370386579
Uruguay,URY,2001,15.3059815839749
Uruguay,URY,2002,15.7776762187295
Uruguay,URY,2003,17.2060058985691
Uruguay,URY,2004,17.8462046174237
Uruguay,URY,2005,17.8969219665738
Uruguay,URY,2006,18.8323064186538
Uruguay,URY,2007,18.1109425946772
Uruguay,URY,2008,17.8002013221528
Uruguay,URY,2009,18.1226990471616
Uruguay,URY,2010,18.1364190185862
Uruguay,URY,2011,18.1987734858938
Uruguay,URY,2012,17.7918744506058
Uruguay,URY,2013,17.8597397264673
Uruguay,URY,2014,17.275289380084
Uruguay,URY,2015,17.0956158572883
Uruguay,URY,2016,21.732247872365
Uruguay,URY,2017,18.077464335383
Uruguay,URY,2018,18.324704480062
Uruguay,URY,2019,17.8650909080426
Uruguay,URY,2020,18.5148717533759
Uruguay,URY,2021,17.8116079258597
Uzbekistan,UZB,2000,
Uzbekistan,UZB,2001,
Uzbekistan,UZB,2002,
Uzbekistan,UZB,2003,
Uzbekistan,UZB,2004,
Uzbekistan,UZB,2005,
Uzbekistan,UZB,2006,
Uzbekistan,UZB,2007,
Uzbekistan,UZB,2008,
Uzbekistan,UZB,2009,
Uzbekistan,UZB,2010,
Uzbekistan,UZB,2011,12.3662567573144
Uzbekistan,UZB,2012,13.1744077704128
Uzbekistan,UZB,2013,13.8004798918479
Uzbekistan,UZB,2014,13.4703929830448
Uzbekistan,UZB,2015,13.5577540324739
Uzbekistan,UZB,2016,13.4329630615828
Uzbekistan,UZB,2017,10.3687470116311
Uzbekistan,UZB,2018,12.6952900811941
Uzbekistan,UZB,2019,11.3019651124218
Uzbekistan,UZB,2020,13.4020276222392
Uzbekistan,UZB,2021,13.3629025613176
"Venezuela, RB",VEN,2000,
"Venezuela, RB",VEN,2001,
"Venezuela, RB",VEN,2002,
"Venezuela, RB",VEN,2003,
"Venezuela, RB",VEN,2004,
"Venezuela, RB",VEN,2005,
"Venezuela, RB",VEN,2006,
"Venezuela, RB",VEN,2007,
"Venezuela, RB",VEN,2008,
"Venezuela, RB",VEN,2009,
"Venezuela, RB",VEN,2010,
"Venezuela, RB",VEN,2011,
"Venezuela, RB",VEN,2012,
"Venezuela, RB",VEN,2013,
"Venezuela, RB",VEN,2014,
"Venezuela, RB",VEN,2015,
"Venezuela, RB",VEN,2016,
"Venezuela, RB",VEN,2017,
"Venezuela, RB",VEN,2018,
"Venezuela, RB",VEN,2019,
"Venezuela, RB",VEN,2020,
"Venezuela, RB",VEN,2021,
Viet Nam,VNM,2000,
Viet Nam,VNM,2001,
Viet Nam,VNM,2002,
Viet Nam,VNM,2003,
Viet Nam,VNM,2004,
Viet Nam,VNM,2005,
Viet Nam,VNM,2006,
Viet Nam,VNM,2007,
Viet Nam,VNM,2008,
Viet Nam,VNM,2009,
Viet Nam,VNM,2010,
Viet Nam,VNM,2011,
Viet Nam,VNM,2012,
Viet Nam,VNM,2013,
Viet Nam,VNM,2014,
Viet Nam,VNM,2015,
Viet Nam,VNM,2016,
Viet Nam,VNM,2017,
Viet Nam,VNM,2018,
Viet Nam,VNM,2019,
Viet Nam,VNM,2020,
Viet Nam,VNM,2021,
Zimbabwe,ZWE,2000,
Zimbabwe,ZWE,2001,
Zimbabwe,ZWE,2002,
Zimbabwe,ZWE,2003,
Zimbabwe,ZWE,2004,
Zimbabwe,ZWE,2005,
Zimbabwe,ZWE,2006,
Zimbabwe,ZWE,2007,
Zimbabwe,ZWE,2008,
Zimbabwe,ZWE,2009,9.19689233898681
Zimbabwe,ZWE,2010,17.434923710737
Zimbabwe,ZWE,2011,17.9282541990398
Zimbabwe,ZWE,2012,17.8354892203875
Zimbabwe,ZWE,2013,
Zimbabwe,ZWE,2014,
Zimbabwe,ZWE,2015,17.6733631953313
Zimbabwe,ZWE,2016,15.4583408165803
Zimbabwe,ZWE,2017,5.46551150806074
Zimbabwe,ZWE,2018,7.21476500513885
Zimbabwe,ZWE,2019,
Zimbabwe,ZWE,2020,
Zimbabwe,ZWE,2021,
