Country Name,1990,1991,1992,1993,1994,1995,1996,1997,1998,1999,2000,2001,2002,2003,2004,2005,2006,2007,2008,2009,2010
Bangladesh,0.125,0.125,0.125,0.125,0.125,0.125,0.25,0.25,0.25,0.25,0.25,0.25,0.25,0.25,0.25,0.125,0.125,0.125,0.125,0.25,0.25
Switzerland,1.0,1.0,1.0,1.0,1.0,1.0,1.0,1.0,1.0,1.0,1.0,1.0,1.0,1.0,1.0,1.0,1.0,1.0,1.0,1.0,1.0
Morocco,0.25,0.25,0.25,0.5,0.5,0.5,0.5,0.5,0.5,0.5,0.375,0.375,0.375,0.375,0.375,0.375,0.375,0.375,0.375,0.375,0.375
Mozambique,0.375,0.375,0.375,0.375,0.375,0.375,0.375,0.375,0.375,0.375,0.375,0.375,0.375,0.375,0.375,0.375,0.375,0.375,0.375,0.375,0.375
Nepal,0.375,0.375,0.375,0.375,0.375,0.375,0.375,0.375,0.375,0.375,0.375,0.375,0.375,0.375,0.375,0.375,0.375,0.375,0.375,0.375,0.375
India,0.25,0.375,0.375,0.375,0.5,0.5,0.5,0.5,0.5,0.5,0.5,0.5,0.5,0.5,0.5,0.5,0.5,0.5,0.5,0.5,0.5
New Zealand,0.875,0.875,0.875,0.875,0.875,0.875,1.0,1.0,1.0,1.0,1.0,1.0,1.0,1.0,1.0,1.0,1.0,1.0,1.0,1.0,1.0
Nicaragua,0.5,0.5,0.5,0.5,0.5,1.0,1.0,1.0,1.0,1.0,1.0,1.0,1.0,1.0,1.0,1.0,1.0,1.0,1.0,1.0,1.0
Nigeria,0.5,0.5,0.5,0.5,0.25,0.25,0.25,0.5,0.5,0.5,0.5,0.5,0.5,0.5,0.5,0.5,0.5,0.5,0.5,0.5,0.5
Madagascar,0.25,0.25,0.25,0.25,0.25,0.25,0.5,0.5,0.5,0.5,0.5,0.5,0.5,0.5,0.5,0.5,0.5,0.25,0.25,0.25,0.25
Portugal,0.75,0.75,0.875,0.875,0.875,0.875,0.875,0.875,0.875,0.875,0.875,0.875,0.875,0.875,0.875,1.0,1.0,1.0,1.0,1.0,1.0
Romania,0.25,0.25,0.5,0.5,0.5,0.5,0.5,0.5,0.5,0.5,0.5,0.625,0.625,0.75,0.75,0.75,1.0,1.0,1.0,1.0,1.0
Singapore,1.0,1.0,1.0,1.0,1.0,1.0,1.0,1.0,0.875,0.875,1.0,1.0,1.0,1.0,1.0,1.0,1.0,1.0,1.0,1.0,1.0
Senegal,0.5,0.5,0.5,0.5,0.5,0.5,0.625,0.625,0.625,0.625,0.625,0.625,0.625,0.625,0.625,0.625,0.625,0.625,0.625,0.625,0.625
Netherlands,1.0,1.0,1.0,1.0,1.0,1.0,1.0,1.0,1.0,1.0,1.0,1.0,1.0,1.0,1.0,1.0,1.0,1.0,1.0,1.0,1.0
Indonesia,0.625,0.625,0.625,0.75,0.75,0.75,0.75,0.75,0.625,0.625,0.625,0.5,0.5,0.5,0.5,0.5,0.625,0.625,0.625,0.625,0.625
Ireland,0.625,0.625,1.0,1.0,1.0,1.0,1.0,1.0,1.0,1.0,1.0,1.0,1.0,1.0,1.0,1.0,1.0,1.0,1.0,1.0,1.0
Finland,0.875,0.875,0.875,0.875,1.0,1.0,1.0,1.0,1.0,1.0,1.0,1.0,1.0,1.0,1.0,1.0,1.0,1.0,1.0,1.0,1.0
Zimbabwe,0.375,0.375,0.375,0.375,0.375,0.375,0.375,0.375,0.375,0.375,0.375,0.375,0.375,0.375,0.375,0.375,0.375,0.375,0.375,0.375,0.375
Venezuela,0.875,0.875,0.875,0.875,0.375,0.375,0.75,0.75,0.75,0.75,0.625,0.625,0.625,0.5,0.5,0.5,0.5,0.5,0.5,0.25,0.25
Poland,0.25,0.375,0.375,0.375,0.375,0.375,0.5,0.5,0.5,0.5,0.5,0.5,0.75,0.75,0.75,0.75,0.75,0.75,0.75,0.75,0.75
Sweden,0.875,0.875,0.875,0.875,0.875,0.875,0.875,0.875,0.875,0.875,0.875,0.875,0.875,0.875,0.875,0.875,0.875,0.875,1.0,1.0,1.0
Tanzania,0.375,0.375,0.375,0.375,0.375,0.375,0.375,0.375,0.375,0.375,0.375,0.375,0.375,0.375,0.375,0.375,0.375,0.375,0.375,0.375,0.375
Hungary,0.25,0.375,0.25,0.25,0.25,0.25,0.375,0.75,0.75,0.75,0.625,1.0,1.0,1.0,1.0,1.0,1.0,1.0,1.0,1.0,1.0
Burkina Faso,0.5,0.5,0.5,0.5,0.5,0.5,0.5,0.5,0.5,0.5,0.25,0.25,0.25,0.25,0.25,0.25,0.25,0.25,0.25,0.25,0.25
Thailand,0.5,0.75,0.75,0.75,0.75,0.75,0.75,0.375,0.375,0.375,0.375,0.375,0.375,0.375,0.375,0.375,0.375,0.375,0.5,0.5,0.5
Tunisia,0.375,0.375,0.375,0.5,0.5,0.5,0.5,0.5,0.5,0.5,0.5,0.5,0.5,0.5,0.5,0.5,0.5,0.5,0.5,0.5,0.5
Turkey,0.625,0.625,0.625,0.625,0.625,0.625,0.625,0.625,0.625,0.625,0.625,0.625,0.625,0.875,0.875,0.75,0.875,0.875,0.875,0.875,0.875
Colombia,0.375,0.375,0.375,0.625,0.625,0.625,0.875,0.875,0.875,0.875,0.875,0.875,0.5,0.75,0.5,0.5,0.5,0.375,0.5,0.5,0.5
CÃ´te d'Ivoire,0.25,0.25,0.25,0.25,0.25,0.25,0.25,0.25,0.25,0.25,0.375,0.375,0.375,0.375,0.375,0.375,0.375,0.375,0.375,0.375,0.375
Israel,0.375,0.375,0.5,0.5,0.5,0.5,0.5,0.5,0.75,0.75,0.875,0.875,1.0,1.0,1.0,1.0,1.0,1.0,1.0,1.0,1.0
Italy,0.875,0.875,0.875,1.0,1.0,1.0,1.0,1.0,1.0,1.0,1.0,1.0,1.0,1.0,1.0,1.0,1.0,1.0,1.0,1.0,1.0
Jamaica,0.375,0.875,0.875,0.875,0.875,0.875,0.75,0.75,0.75,0.75,0.75,0.75,0.75,0.75,0.75,0.75,0.75,0.75,0.75,0.75,0.75
Costa Rica,0.5,0.5,1.0,1.0,1.0,1.0,1.0,1.0,1.0,1.0,1.0,1.0,1.0,1.0,1.0,1.0,1.0,1.0,1.0,1.0,1.0
Korea,0.5,0.5,0.625,0.625,0.625,0.625,0.625,0.625,0.75,0.75,0.625,0.625,0.625,0.625,0.625,0.625,0.75,0.75,0.875,0.875,0.875
Ethiopia,0.25,0.25,0.25,0.25,0.25,0.25,0.25,0.25,0.25,0.25,0.25,0.25,0.25,0.25,0.25,0.25,0.25,0.25,0.25,0.25,0.25
Spain,0.75,0.75,0.75,0.75,0.75,0.75,0.75,0.75,0.75,1.0,1.0,1.0,1.0,1.0,1.0,1.0,1.0,1.0,1.0,1.0,1.0
Sri Lanka,0.375,0.375,0.375,0.375,0.5,0.5,0.5,0.5,0.5,0.5,0.5,0.5,0.5,0.5,0.5,0.5,0.5,0.5,0.5,0.5,0.5
Egypt,0.375,0.5,0.5,0.5,0.5,0.5,0.875,0.875,0.875,0.875,0.875,0.875,0.875,0.875,0.875,1.0,1.0,1.0,1.0,1.0,1.0
Philippines,0.25,0.25,0.625,0.625,0.75,0.75,0.75,0.75,0.75,0.75,0.75,0.75,0.75,0.75,0.75,0.75,0.75,0.75,0.75,0.75,0.75
United Kingdom,1.0,1.0,1.0,1.0,1.0,1.0,1.0,1.0,1.0,1.0,1.0,1.0,1.0,1.0,1.0,1.0,1.0,1.0,1.0,1.0,1.0
United States,1.0,1.0,1.0,1.0,1.0,1.0,1.0,1.0,1.0,1.0,1.0,1.0,1.0,1.0,1.0,1.0,1.0,1.0,1.0,1.0,1.0
Uruguay,1.0,1.0,1.0,1.0,1.0,1.0,1.0,1.0,1.0,1.0,1.0,1.0,1.0,1.0,1.0,1.0,1.0,1.0,1.0,1.0,1.0
Cameroon,0.625,0.625,0.625,0.625,0.625,0.625,0.625,0.625,0.625,0.625,0.625,0.625,0.625,0.625,0.5,0.5,0.5,0.5,0.5,0.5,0.5
Malaysia,0.625,0.625,0.625,0.625,0.625,0.625,0.625,0.625,0.25,0.375,0.25,0.375,0.375,0.375,0.375,0.375,0.375,0.375,0.375,0.5,0.5
Mexico,0.625,0.625,0.625,0.625,0.625,0.625,0.625,0.625,0.625,0.625,0.625,0.625,0.625,0.625,0.625,0.625,0.625,0.625,0.625,0.625,0.625
Austria,0.875,0.875,0.875,0.875,0.875,0.875,0.875,0.875,0.875,0.875,0.875,0.875,0.875,0.875,0.875,0.875,0.875,0.875,0.875,0.875,0.875
Japan,0.625,0.625,0.75,0.75,0.75,0.75,0.75,0.75,0.75,0.75,1.0,1.0,1.0,1.0,1.0,1.0,1.0,1.0,1.0,1.0,1.0
Peru,0.5,0.875,1.0,1.0,1.0,1.0,1.0,1.0,1.0,1.0,1.0,1.0,1.0,1.0,1.0,1.0,1.0,1.0,1.0,1.0,1.0
Chile,0.375,0.25,0.25,0.375,0.375,0.5,0.5,0.5,0.625,0.625,0.75,1.0,1.0,1.0,1.0,1.0,1.0,1.0,1.0,1.0,1.0
China,0.125,0.125,0.125,0.125,0.125,0.125,0.125,0.125,0.125,0.125,0.125,0.125,0.125,0.125,0.125,0.125,0.25,0.25,0.375,0.5,0.5
Ghana,0.375,0.375,0.375,0.375,0.375,0.375,0.375,0.375,0.375,0.375,0.375,0.375,0.375,0.375,0.375,0.375,0.75,0.75,0.75,0.75,0.75
Greece,0.75,0.75,0.75,0.75,0.75,0.75,0.875,1.0,1.0,1.0,1.0,1.0,1.0,1.0,1.0,1.0,1.0,1.0,1.0,1.0,1.0
Australia,0.75,0.75,0.75,0.75,0.75,0.75,0.75,0.75,0.75,0.75,0.75,0.75,0.75,0.75,0.75,0.75,0.75,0.75,0.875,0.875,0.875
Vietnam,0.125,0.125,0.125,0.25,0.25,0.25,0.25,0.25,0.375,0.375,0.375,0.375,0.375,0.375,0.375,0.375,0.375,0.5,0.5,0.5,0.5
South Africa,0.375,0.375,0.375,0.375,0.375,0.375,0.5,0.5,0.5,0.5,0.5,0.5,0.5,0.5,0.5,0.5,0.5,0.5,0.5,0.75,0.75
Germany,1.0,1.0,1.0,1.0,1.0,1.0,1.0,1.0,1.0,1.0,1.0,1.0,1.0,1.0,1.0,1.0,1.0,1.0,1.0,1.0,1.0
Denmark,1.0,1.0,1.0,1.0,1.0,1.0,1.0,1.0,1.0,1.0,1.0,1.0,1.0,1.0,1.0,1.0,1.0,1.0,1.0,1.0,1.0
Ecuador,0.75,0.875,0.875,0.875,0.875,0.875,1.0,1.0,1.0,1.0,1.0,1.0,1.0,1.0,1.0,1.0,1.0,1.0,1.0,1.0,1.0
Algeria,0.125,0.125,0.125,0.125,0.125,0.125,0.125,0.25,0.25,0.25,0.375,0.375,0.375,0.375,0.375,0.375,0.375,0.375,0.375,0.375,0.375
Argentina,0.625,0.625,0.625,1.0,1.0,1.0,1.0,1.0,1.0,1.0,1.0,0.75,0.25,0.375,0.375,0.375,0.25,0.25,0.25,0.25,0.25
Brazil,0.375,0.375,0.5,0.5,0.5,0.5,0.5,0.5,0.5,0.5,0.5,0.5,0.5,0.5,0.5,0.625,0.625,0.625,0.625,0.625,0.625
Bulgaria,0.5,0.5,0.625,0.625,0.625,0.625,0.625,0.5,0.5,0.75,0.75,0.75,0.75,0.75,0.75,0.75,0.75,0.875,1.0,1.0,1.0
Canada,1.0,1.0,1.0,1.0,1.0,1.0,1.0,1.0,1.0,1.0,1.0,1.0,1.0,1.0,1.0,1.0,1.0,1.0,1.0,1.0,1.0
El Salvador,0.25,0.5,1.0,1.0,1.0,1.0,1.0,1.0,1.0,1.0,1.0,0.875,0.875,0.875,0.875,0.875,0.875,0.875,0.875,0.875,0.875
Guatemala,1.0,1.0,1.0,1.0,1.0,1.0,1.0,1.0,1.0,1.0,1.0,1.0,1.0,1.0,1.0,1.0,1.0,1.0,1.0,1.0,1.0
France,0.875,0.875,0.875,0.875,0.875,0.875,0.875,0.875,1.0,1.0,1.0,1.0,1.0,1.0,1.0,1.0,1.0,1.0,1.0,1.0,1.0
Paraguay,0.75,0.75,0.75,0.75,0.75,0.75,1.0,1.0,1.0,1.0,1.0,1.0,1.0,1.0,1.0,1.0,1.0,1.0,1.0,1.0,1.0
Hong Kong SAR,1.0,1.0,1.0,1.0,1.0,1.0,1.0,1.0,1.0,1.0,1.0,1.0,1.0,1.0,1.0,1.0,1.0,1.0,1.0,1.0,1.0
Dominican Republic,0.5,0.5,0.5,0.5,0.5,0.625,0.625,0.625,0.625,0.625,0.625,0.625,0.625,0.625,0.625,0.75,0.75,0.75,1.0,1.0,1.0
Pakistan,0.375,0.375,0.375,0.375,0.375,0.375,0.375,0.375,0.375,0.375,0.375,0.375,0.375,0.375,0.375,0.375,0.375,0.375,0.25,0.25,0.25
Kenya,0.25,0.375,0.375,0.375,0.5,0.75,0.75,0.75,0.75,0.75,0.75,0.75,0.75,0.75,0.75,0.75,0.75,0.75,0.75,0.75,0.75
Jordan,0.375,0.375,0.375,0.375,0.375,0.375,0.375,0.75,0.75,0.75,0.875,0.875,0.875,0.875,0.875,0.875,1.0,1.0,1.0,1.0,1.0
Norway,1.0,1.0,1.0,1.0,1.0,1.0,1.0,1.0,1.0,1.0,1.0,1.0,1.0,1.0,1.0,0.875,0.875,0.875,0.875,0.875,0.875
Belgium,1.0,1.0,1.0,1.0,1.0,1.0,0.875,0.875,0.875,1.0,1.0,1.0,1.0,1.0,1.0,1.0,1.0,1.0,1.0,1.0,1.0
Bolivia,0.875,0.875,0.875,0.875,0.875,0.875,0.875,1.0,1.0,1.0,1.0,1.0,1.0,1.0,1.0,1.0,1.0,1.0,1.0,0.875,0.75
Uganda,0.25,0.25,0.375,0.375,0.375,0.375,1.0,1.0,1.0,1.0,1.0,1.0,1.0,1.0,1.0,1.0,1.0,1.0,1.0,1.0,1.0
