country,ISO3,year,gdp_per_capita
Andorra,AND,2000,54809.1441679423
Andorra,AND,2001,59109.0136806378
Andorra,AND,2002,61188.6370851474
Andorra,AND,2003,63656.1958332184
Andorra,AND,2004,64353.4858113531
Andorra,AND,2005,65114.8053663021
Andorra,AND,2006,66390.293726491
Andorra,AND,2007,65534.1168555171
Andorra,AND,2008,60691.6051530637
Andorra,AND,2009,57203.9708883731
Andorra,AND,2010,58285.0577756981
Andorra,AND,2011,60470.4662377044
Andorra,AND,2012,58172.1323929474
Andorra,AND,2013,57332.1585611366
Andorra,AND,2014,59929.2444670501
Andorra,AND,2015,62105.1542389675
Andorra,AND,2016,64402.8092369468
Andorra,AND,2017,63239.6577711911
Andorra,AND,2018,63048.5985572834
Andorra,AND,2019,63215.899791913
Andorra,AND,2020,55488.4902991095
Andorra,AND,2021,59332.2029100127
Andorra,AND,2022,63913.3835079105
Andorra,AND,2023,64631.2963909271
Argentina,ARG,2000,22281.3814299958
Argentina,ARG,2001,21066.4581290433
Argentina,ARG,2002,18571.7020471274
Argentina,ARG,2003,20005.1385113465
Argentina,ARG,2004,21591.449396517
Argentina,ARG,2005,23262.4075792816
Argentina,ARG,2006,24877.2493922296
Argentina,ARG,2007,26850.6645932771
Argentina,ARG,2008,27658.4853446831
Argentina,ARG,2009,25747.1976809995
Argentina,ARG,2010,28056.2570212342
Argentina,ARG,2011,29425.7593876084
Argentina,ARG,2012,28825.9666865361
Argentina,ARG,2013,29227.6601818437
Argentina,ARG,2014,28200.8152571318
Argentina,ARG,2015,28669.2061336796
Argentina,ARG,2016,27802.1057201498
Argentina,ARG,2017,28334.904184742
Argentina,ARG,2018,27367.115094108
Argentina,ARG,2019,26629.5529419501
Argentina,ARG,2020,23877.0931404855
Argentina,ARG,2021,26300.274261175
Argentina,ARG,2022,27627.9634764636
Argentina,ARG,2023,27104.9799978169
Armenia,ARM,2000,4589.00825039977
Armenia,ARM,2001,5044.11647826468
Armenia,ARM,2002,5731.35346609213
Armenia,ARM,2003,6569.26023440631
Armenia,ARM,2004,7299.40001858866
Armenia,ARM,2005,8362.90084037119
Armenia,ARM,2006,9525.23146779778
Armenia,ARM,2007,10898.8483795634
Armenia,ARM,2008,11727.4821272949
Armenia,ARM,2009,10143.2350796867
Armenia,ARM,2010,10438.5641904169
Armenia,ARM,2011,10990.177099035
Armenia,ARM,2012,11796.2741177994
Armenia,ARM,2013,12194.0189523843
Armenia,ARM,2014,12667.3757330249
Armenia,ARM,2015,13112.7600902915
Armenia,ARM,2016,13192.9940731731
Armenia,ARM,2017,14243.8749003795
Armenia,ARM,2018,15037.0452420712
Armenia,ARM,2019,16215.3607965094
Armenia,ARM,2020,15052.9359791136
Armenia,ARM,2021,15921.705281964
Armenia,ARM,2022,17886.1783877168
Armenia,ARM,2023,19230.1899296884
Australia,AUS,2000,45013.0099535152
Australia,AUS,2001,45338.6834259568
Australia,AUS,2002,46609.7441798787
Australia,AUS,2003,47500.8351163647
Australia,AUS,2004,48980.8931754432
Australia,AUS,2005,49914.5146351829
Australia,AUS,2006,50602.3502510337
Australia,AUS,2007,51562.094012556
Australia,AUS,2008,52351.5870495814
Australia,AUS,2009,52254.3227326852
Australia,AUS,2010,52589.8182081922
Australia,AUS,2011,53112.5328692855
Australia,AUS,2012,54237.5919075866
Australia,AUS,2013,54699.3516156156
Australia,AUS,2014,55288.1153378005
Australia,AUS,2015,55691.6988499962
Australia,AUS,2016,56341.5181616503
Australia,AUS,2017,56684.6473338143
Australia,AUS,2018,57450.3810363952
Australia,AUS,2019,57837.0606876407
Australia,AUS,2020,57059.7436441324
Australia,AUS,2021,58182.3369477501
Australia,AUS,2022,59883.6470356073
Australia,AUS,2023,60447.1608783424
Bangladesh,BGD,2000,2712.93512215725
Bangladesh,BGD,2001,2803.55471950946
Bangladesh,BGD,2002,2866.43454328715
Bangladesh,BGD,2003,2958.91503115633
Bangladesh,BGD,2004,3071.83778764611
Bangladesh,BGD,2005,3231.61370692891
Bangladesh,BGD,2006,3407.4273502159
Bangladesh,BGD,2007,3608.91543819399
Bangladesh,BGD,2008,3787.9382761855
Bangladesh,BGD,2009,3942.13631207203
Bangladesh,BGD,2010,4125.46390163202
Bangladesh,BGD,2011,4352.42643359325
Bangladesh,BGD,2012,4592.04840919812
Bangladesh,BGD,2013,4822.72621378266
Bangladesh,BGD,2014,5068.63965672741
Bangladesh,BGD,2015,5352.71133299566
Bangladesh,BGD,2016,5682.53553494306
Bangladesh,BGD,2017,6005.70718781048
Bangladesh,BGD,2018,6392.59334024091
Bangladesh,BGD,2019,6838.32611608243
Bangladesh,BGD,2020,7015.19792797056
Bangladesh,BGD,2021,7441.06913961254
Bangladesh,BGD,2022,7888.16389098304
Bangladesh,BGD,2023,8242.39798977242
Bolivia,BOL,2000,6146.02929250873
Bolivia,BOL,2001,6144.97829336289
Bolivia,BOL,2002,6193.26347365023
Bolivia,BOL,2003,6255.5155813074
Bolivia,BOL,2004,6407.83811661308
Bolivia,BOL,2005,6579.31228729913
Bolivia,BOL,2006,6778.38492393241
Bolivia,BOL,2007,6967.56987897155
Bolivia,BOL,2008,7272.16624073984
Bolivia,BOL,2009,7392.16259133447
Bolivia,BOL,2010,7571.67809088388
Bolivia,BOL,2011,7837.49318637041
Bolivia,BOL,2012,8108.20518658277
Bolivia,BOL,2013,8524.03213224208
Bolivia,BOL,2014,8851.71163169903
Bolivia,BOL,2015,9141.92841760819
Bolivia,BOL,2016,9390.79064490474
Bolivia,BOL,2017,9642.81396069058
Bolivia,BOL,2018,9907.0625569677
Bolivia,BOL,2019,9985.23048827288
Bolivia,BOL,2020,9000.97564781423
Bolivia,BOL,2021,9454.19814726348
Bolivia,BOL,2022,9681.70742674425
Bolivia,BOL,2023,9843.97014174079
Brazil,BRA,2000,14005.347188511
Brazil,BRA,2001,14016.1313783123
Brazil,BRA,2002,14265.9048781372
Brazil,BRA,2003,14259.3664100397
Brazil,BRA,2004,14911.2609620174
Brazil,BRA,2005,15221.0138293364
Brazil,BRA,2006,15657.4795729144
Brazil,BRA,2007,16440.5837413089
Brazil,BRA,2008,17113.3679835935
Brazil,BRA,2009,16939.4407823485
Brazil,BRA,2010,18062.1581117688
Brazil,BRA,2011,18627.8104543865
Brazil,BRA,2012,18832.2195541702
Brazil,BRA,2013,19241.5059830671
Brazil,BRA,2014,19183.172746126
Brazil,BRA,2015,18357.0690632249
Brazil,BRA,2016,17620.9272447823
Brazil,BRA,2017,17724.4799591551
Brazil,BRA,2018,17917.7492137276
Brazil,BRA,2019,18018.6209165513
Brazil,BRA,2020,17327.5157262925
Brazil,BRA,2021,18075.7060063108
Brazil,BRA,2022,18554.0461842977
Brazil,BRA,2023,19018.2390697496
Canada,CAN,2000,48345.3518124209
Canada,CAN,2001,48719.795956871
Canada,CAN,2002,49639.6085775214
Canada,CAN,2003,50083.892303641
Canada,CAN,2004,51153.5918853671
Canada,CAN,2005,52298.192678437
Canada,CAN,2006,53136.4812073413
Canada,CAN,2007,53701.9303365541
Canada,CAN,2008,53651.8034598593
Canada,CAN,2009,51494.9536821882
Canada,CAN,2010,52499.8506560483
Canada,CAN,2011,53621.2879642754
Canada,CAN,2012,53974.5675251608
Canada,CAN,2013,54651.1873758517
Canada,CAN,2014,55661.3651246938
Canada,CAN,2015,55598.818909051
Canada,CAN,2016,55544.1672980214
Canada,CAN,2017,56549.2192664333
Canada,CAN,2018,57273.573246258
Canada,CAN,2019,57519.6534956693
Canada,CAN,2020,54032.5783238699
Canada,CAN,2021,56575.0175664858
Canada,CAN,2022,57681.4385853329
Canada,CAN,2023,56714.1999131081
Chile,CHL,2000,17532.8036452455
Chile,CHL,2001,17877.9810359002
Chile,CHL,2002,18248.0407377004
Chile,CHL,2003,18910.9948496853
Chile,CHL,2004,19970.5627347261
Chile,CHL,2005,20927.5178289954
Chile,CHL,2006,21977.979056884
Chile,CHL,2007,22888.7162082252
Chile,CHL,2008,23519.8856016889
Chile,CHL,2009,23023.4724446477
Chile,CHL,2010,24127.1342478616
Chile,CHL,2011,25377.1708049646
Chile,CHL,2012,26681.9594386373
Chile,CHL,2013,27303.0867868966
Chile,CHL,2014,27516.8705266845
Chile,CHL,2015,27823.3271405007
Chile,CHL,2016,27970.7444523462
Chile,CHL,2017,27904.9823894821
Chile,CHL,2018,28504.9065695833
Chile,CHL,2019,28230.661999104
Chile,CHL,2020,26259.8426100998
Chile,CHL,2021,29107.3294950456
Chile,CHL,2022,29559.6561552202
Chile,CHL,2023,29464.8961488736
China,CHN,2000,3989.06189555851
China,CHN,2001,4290.30208092921
China,CHN,2002,4650.89682139111
China,CHN,2003,5085.97783096768
China,CHN,2004,5567.19061247801
China,CHN,2005,6165.18344017524
China,CHN,2006,6910.75785854773
China,CHN,2007,7853.09639538115
China,CHN,2008,8566.96485435217
China,CHN,2009,9325.65077925533
China,CHN,2010,10267.8056684447
China,CHN,2011,11187.1660995211
China,CHN,2012,11985.3171249131
China,CHN,2013,12830.3699705085
China,CHN,2014,13696.5174948492
China,CHN,2015,14575.9347897624
China,CHN,2016,15485.2130054608
China,CHN,2017,16461.069929896
China,CHN,2018,17490.1667301804
China,CHN,2019,18465.298945245
China,CHN,2020,18833.7847033116
China,CHN,2021,20406.7296584605
China,CHN,2022,21011.6171309077
China,CHN,2023,22137.5998277466
Colombia,COL,2000,10813.4942250011
Colombia,COL,2001,10823.4504878807
Colombia,COL,2002,10925.1485602082
Colombia,COL,2003,11183.2911819793
Colombia,COL,2004,11607.9384935105
Colombia,COL,2005,11999.2549591305
Colombia,COL,2006,12636.6246577724
Colombia,COL,2007,13318.3033138168
Colombia,COL,2008,13591.0609028567
Colombia,COL,2009,13586.7518430982
Colombia,COL,2010,14037.0642668639
Colombia,COL,2011,14852.3699513061
Colombia,COL,2012,15279.4790008058
Colombia,COL,2013,15912.2471293239
Colombia,COL,2014,16480.3631474161
Colombia,COL,2015,16821.3801400631
Colombia,COL,2016,17003.244366485
Colombia,COL,2017,16986.0334182842
Colombia,COL,2018,17104.1313545678
Colombia,COL,2019,17336.7716030551
Colombia,COL,2020,15861.4999291295
Colombia,COL,2021,17383.0901728295
Colombia,COL,2022,18451.9459195936
Colombia,COL,2023,18357.6446425686
Cyprus,CYP,2000,36125.12890625
Cyprus,CYP,2001,37150.40234375
Cyprus,CYP,2002,38094.41796875
Cyprus,CYP,2003,38621.5
Cyprus,CYP,2004,40023.7734375
Cyprus,CYP,2005,41366.078125
Cyprus,CYP,2006,42599.32421875
Cyprus,CYP,2007,43827.93359375
Cyprus,CYP,2008,44299.76953125
Cyprus,CYP,2009,42257.26171875
Cyprus,CYP,2010,42106.50390625
Cyprus,CYP,2011,41216.8203125
Cyprus,CYP,2012,39194.15234375
Cyprus,CYP,2013,36697.453125
Cyprus,CYP,2014,36444.6171875
Cyprus,CYP,2015,37905.8359375
Cyprus,CYP,2016,40212.73828125
Cyprus,CYP,2017,42131.578125
Cyprus,CYP,2018,44231.07421875
Cyprus,CYP,2019,46198.89453125
Cyprus,CYP,2020,44207.05078125
Cyprus,CYP,2021,48784.578125
Cyprus,CYP,2022,51669.30078125
Cyprus,CYP,2023,52195.34765625
Czechia,CZE,2000,29427.4070019017
Czechia,CZE,2001,30399.8730821595
Czechia,CZE,2002,30919.5496650702
Czechia,CZE,2003,31949.2963172159
Czechia,CZE,2004,33452.3408053286
Czechia,CZE,2005,35535.748000894
Czechia,CZE,2006,37786.8781765699
Czechia,CZE,2007,39629.0061386399
Czechia,CZE,2008,40328.3426615738
Czechia,CZE,2009,38175.1422753813
Czechia,CZE,2010,39097.3886259443
Czechia,CZE,2011,39708.1626257241
Czechia,CZE,2012,39347.0492990118
Czechia,CZE,2013,39317.5535758017
Czechia,CZE,2014,40158.0164293443
Czechia,CZE,2015,42066.5759824007
Czechia,CZE,2016,43069.465980016
Czechia,CZE,2017,45177.5226061829
Czechia,CZE,2018,46301.082042021
Czechia,CZE,2019,47763.616553948
Czechia,CZE,2020,45119.9387370784
Czechia,CZE,2021,47796.0337408466
Czechia,CZE,2022,48390.6616781057
Czechia,CZE,2023,47495.2305648524
Germany,DEU,2000,49979.1331729782
Germany,DEU,2001,50711.6804808083
Germany,DEU,2002,50510.9059494432
Germany,DEU,2003,50215.4253982865
Germany,DEU,2004,50810.1431148721
Germany,DEU,2005,51289.2800442192
Germany,DEU,2006,53326.9769407143
Germany,DEU,2007,54941.6017632199
Germany,DEU,2008,55547.3107483969
Germany,DEU,2009,52600.2325215272
Germany,DEU,2010,54865.4305289008
Germany,DEU,2011,57992.3667587423
Germany,DEU,2012,58158.1379752479
Germany,DEU,2013,58223.6495262666
Germany,DEU,2014,59239.3401157716
Germany,DEU,2015,59699.3381277236
Germany,DEU,2016,60578.2870828309
Germany,DEU,2017,61991.497305328
Germany,DEU,2018,62495.4989424234
Germany,DEU,2019,62970.7160877929
Germany,DEU,2020,60342.6627168229
Germany,DEU,2021,62530.7653199241
Germany,DEU,2022,62931.968415318
Germany,DEU,2023,63154.6748740201
Ecuador,ECU,2000,9171.7510824383
Ecuador,ECU,2001,9393.5430677334
Ecuador,ECU,2002,9685.6215689776
Ecuador,ECU,2003,9790.75094494132
Ecuador,ECU,2004,10277.9999522418
Ecuador,ECU,2005,10647.0863990257
Ecuador,ECU,2006,10920.0352242273
Ecuador,ECU,2007,10939.3443718859
Ecuador,ECU,2008,11460.4053920721
Ecuador,ECU,2009,11389.4948561309
Ecuador,ECU,2010,11651.3422970974
Ecuador,ECU,2011,12433.758980372
Ecuador,ECU,2012,12945.0771751419
Ecuador,ECU,2013,13672.3064630751
Ecuador,ECU,2014,14047.4913782084
Ecuador,ECU,2015,13864.4877052902
Ecuador,ECU,2016,13569.7967959864
Ecuador,ECU,2017,14161.7051815893
Ecuador,ECU,2018,14066.1762612468
Ecuador,ECU,2019,13853.4207787933
Ecuador,ECU,2020,12425.0175450466
Ecuador,ECU,2021,13539.7108484794
Ecuador,ECU,2022,14263.2039756632
Ecuador,ECU,2023,14472.3165053895
"Egypt, Arab Rep.",EGY,2000,9981.62775083138
"Egypt, Arab Rep.",EGY,2001,10117.3331821699
"Egypt, Arab Rep.",EGY,2002,10143.5063455702
"Egypt, Arab Rep.",EGY,2003,10250.3765500459
"Egypt, Arab Rep.",EGY,2004,10451.8217511537
"Egypt, Arab Rep.",EGY,2005,10700.6090373232
"Egypt, Arab Rep.",EGY,2006,11211.8320229508
"Egypt, Arab Rep.",EGY,2007,11782.0060717966
"Egypt, Arab Rep.",EGY,2008,12391.5847624705
"Egypt, Arab Rep.",EGY,2009,12728.0814586737
"Egypt, Arab Rep.",EGY,2010,13128.9878334085
"Egypt, Arab Rep.",EGY,2011,13082.4263680701
"Egypt, Arab Rep.",EGY,2012,13076.8052395914
"Egypt, Arab Rep.",EGY,2013,13058.0748239258
"Egypt, Arab Rep.",EGY,2014,13136.365629827
"Egypt, Arab Rep.",EGY,2015,13425.9119599775
"Egypt, Arab Rep.",EGY,2016,13727.3201600494
"Egypt, Arab Rep.",EGY,2017,14018.360593453
"Egypt, Arab Rep.",EGY,2018,14488.2094340483
"Egypt, Arab Rep.",EGY,2019,15026.5682438097
"Egypt, Arab Rep.",EGY,2020,15309.2359881702
"Egypt, Arab Rep.",EGY,2021,15579.0160861551
"Egypt, Arab Rep.",EGY,2022,16360.3907750364
"Egypt, Arab Rep.",EGY,2023,16691.1332373374
Ethiopia,ETH,2000,810.270707714513
Ethiopia,ETH,2001,851.313384896172
Ethiopia,ETH,2002,838.298004099301
Ethiopia,ETH,2003,795.772097624193
Ethiopia,ETH,2004,877.114450100542
Ethiopia,ETH,2005,952.115617567442
Ethiopia,ETH,2006,1024.72906692604
Ethiopia,ETH,2007,1109.14324580737
Ethiopia,ETH,2008,1193.74722217379
Ethiopia,ETH,2009,1262.46391533704
Ethiopia,ETH,2010,1381.19037588937
Ethiopia,ETH,2011,1492.5338883548
Ethiopia,ETH,2012,1576.76867666039
Ethiopia,ETH,2013,1696.86506903221
Ethiopia,ETH,2014,1821.39152446688
Ethiopia,ETH,2015,1957.41444173205
Ethiopia,ETH,2016,2084.84044949632
Ethiopia,ETH,2017,2222.82813075835
Ethiopia,ETH,2018,2311.16499825122
Ethiopia,ETH,2019,2437.97033495522
Ethiopia,ETH,2020,2516.54894667514
Ethiopia,ETH,2021,2588.41296931036
Ethiopia,ETH,2022,2655.57791619133
Ethiopia,ETH,2023,2755.45709577808
United Kingdom,GBR,2000,43247.6363873458
United Kingdom,GBR,2001,44189.8548896778
United Kingdom,GBR,2002,44793.3260727072
United Kingdom,GBR,2003,45990.7158909913
United Kingdom,GBR,2004,46853.7925395701
United Kingdom,GBR,2005,47804.7852569688
United Kingdom,GBR,2006,48584.4359469012
United Kingdom,GBR,2007,49472.985996223
United Kingdom,GBR,2008,48963.023157871
United Kingdom,GBR,2009,46348.7534175335
United Kingdom,GBR,2010,47013.8824123254
United Kingdom,GBR,2011,47178.9199001066
United Kingdom,GBR,2012,47558.9936362037
United Kingdom,GBR,2013,48091.8465962989
United Kingdom,GBR,2014,49264.0553741224
United Kingdom,GBR,2015,49961.687628766
United Kingdom,GBR,2016,50537.3417528108
United Kingdom,GBR,2017,51528.6046743424
United Kingdom,GBR,2018,51937.0226977295
United Kingdom,GBR,2019,52483.8125088392
United Kingdom,GBR,2020,46907.7139264028
United Kingdom,GBR,2021,50972.2445879987
United Kingdom,GBR,2022,52836.0247301829
United Kingdom,GBR,2023,52582.0612138594
Greece,GRC,2000,31386.6397823871
Greece,GRC,2001,32675.9290840743
Greece,GRC,2002,34081.0288496165
Greece,GRC,2003,35970.7016466991
Greece,GRC,2004,37811.4913130884
Greece,GRC,2005,38146.9628219173
Greece,GRC,2006,40483.1568120089
Greece,GRC,2007,41796.2337470888
Greece,GRC,2008,41709.3876118794
Greece,GRC,2009,39886.2134611393
Greece,GRC,2010,37566.7482904511
Greece,GRC,2011,33906.4915655117
Greece,GRC,2012,31250.2267785089
Greece,GRC,2013,30762.4431700648
Greece,GRC,2014,31213.376451539
Greece,GRC,2015,31347.976492847
Greece,GRC,2016,31468.619625013
Greece,GRC,2017,31995.4107393778
Greece,GRC,2018,32722.3310423615
Greece,GRC,2019,33502.7506412729
Greece,GRC,2020,30487.1129350427
Greece,GRC,2021,33531.1551122601
Greece,GRC,2022,35906.6128241021
Greece,GRC,2023,36854.50424993
Guatemala,GTM,2000,8773.45415314278
Guatemala,GTM,2001,8774.20553347456
Guatemala,GTM,2002,8904.63200785651
Guatemala,GTM,2003,8929.25781077635
Guatemala,GTM,2004,9006.98844361059
Guatemala,GTM,2005,9102.88788119857
Guatemala,GTM,2006,9389.2652981631
Guatemala,GTM,2007,9776.20405934391
Guatemala,GTM,2008,9893.01137664653
Guatemala,GTM,2009,9744.09686850665
Guatemala,GTM,2010,9828.4345066177
Guatemala,GTM,2011,10035.5774720552
Guatemala,GTM,2012,10130.350149237
Guatemala,GTM,2013,10301.4208550491
Guatemala,GTM,2014,10557.2344165536
Guatemala,GTM,2015,10789.709472985
Guatemala,GTM,2016,10876.3751133674
Guatemala,GTM,2017,11009.2867444783
Guatemala,GTM,2018,11196.2643955264
Guatemala,GTM,2019,11470.3642213488
Guatemala,GTM,2020,11101.009623613
Guatemala,GTM,2021,11828.3300095601
Guatemala,GTM,2022,12153.0305986535
Guatemala,GTM,2023,12389.385871782
"Hong Kong SAR, China",HKG,2000,39848.6384665799
"Hong Kong SAR, China",HKG,2001,39777.9102673691
"Hong Kong SAR, China",HKG,2002,40258.2336201672
"Hong Kong SAR, China",HKG,2003,41570.6208550992
"Hong Kong SAR, China",HKG,2004,44836.2205849367
"Hong Kong SAR, China",HKG,2005,47938.9010059236
"Hong Kong SAR, China",HKG,2006,50981.7608155493
"Hong Kong SAR, China",HKG,2007,53813.0654478819
"Hong Kong SAR, China",HKG,2008,54630.3628034831
"Hong Kong SAR, China",HKG,2009,53172.2964199592
"Hong Kong SAR, China",HKG,2010,56355.4116835942
"Hong Kong SAR, China",HKG,2011,58672.831834577
"Hong Kong SAR, China",HKG,2012,59015.3256943722
"Hong Kong SAR, China",HKG,2013,60601.5928401808
"Hong Kong SAR, China",HKG,2014,61839.7914288728
"Hong Kong SAR, China",HKG,2015,62779.7273197166
"Hong Kong SAR, China",HKG,2016,63749.3896400503
"Hong Kong SAR, China",HKG,2017,65662.8109535245
"Hong Kong SAR, China",HKG,2018,66993.9270307538
"Hong Kong SAR, China",HKG,2019,65388.3300696863
"Hong Kong SAR, China",HKG,2020,61328.5494578461
"Hong Kong SAR, China",HKG,2021,65884.9376260603
"Hong Kong SAR, China",HKG,2022,64036.7870392668
"Hong Kong SAR, China",HKG,2023,64467.5756817829
Indonesia,IDN,2000,6056.38197842165
Indonesia,IDN,2001,6190.51954040991
Indonesia,IDN,2002,6381.94955179996
Indonesia,IDN,2003,6599.09193597034
Indonesia,IDN,2004,6843.54654972364
Indonesia,IDN,2005,7140.8545640704
Indonesia,IDN,2006,7434.48785352221
Indonesia,IDN,2007,7802.46406905954
Indonesia,IDN,2008,8165.06155116624
Indonesia,IDN,2009,8435.4557468629
Indonesia,IDN,2010,8848.22473702066
Indonesia,IDN,2011,9274.96955181702
Indonesia,IDN,2012,9708.61182531081
Indonesia,IDN,2013,10121.8141535043
Indonesia,IDN,2014,10504.3869411088
Indonesia,IDN,2015,10893.6621142169
Indonesia,IDN,2016,11319.6634287738
Indonesia,IDN,2017,11772.5743296107
Indonesia,IDN,2018,12262.2310300771
Indonesia,IDN,2019,12757.7850854842
Indonesia,IDN,2020,12388.5449268131
Indonesia,IDN,2021,12757.0746440204
Indonesia,IDN,2022,13334.293520304
Indonesia,IDN,2023,13889.8828825663
India,IND,2000,3099.5028215766
India,IND,2001,3188.81024020636
India,IND,2002,3250.69565544917
India,IND,2003,3445.92592352395
India,IND,2004,3656.12620652098
India,IND,2005,3881.9661798273
India,IND,2006,4129.77837009239
India,IND,2007,4379.69604361151
India,IND,2008,4450.39022919238
India,IND,2009,4731.36160463896
India,IND,2010,5059.2827108398
India,IND,2011,5249.54925694026
India,IND,2012,5460.43768570052
India,IND,2013,5732.24189090876
India,IND,2014,6079.84393523695
India,IND,2015,6488.14602910787
India,IND,2016,6940.62588857522
India,IND,2017,7326.60693679859
India,IND,2018,7714.33974724531
India,IND,2019,7930.0911303899
India,IND,2020,7399.53068079041
India,IND,2021,8050.01857452664
India,IND,2022,8544.68888383182
India,IND,2023,9160.06365370888
Ireland,IRL,2000,53744.5426721978
Ireland,IRL,2001,55702.171512169
Ireland,IRL,2002,58002.5356733579
Ireland,IRL,2003,58785.2144560051
Ireland,IRL,2004,61638.3291331961
Ireland,IRL,2005,63771.5954977053
Ireland,IRL,2006,65171.5035288689
Ireland,IRL,2007,66676.4632500485
Ireland,IRL,2008,62401.4050446356
Ireland,IRL,2009,58623.1182256825
Ireland,IRL,2010,59285.8082895976
Ireland,IRL,2011,60001.0777417458
Ireland,IRL,2012,59508.9967534594
Ireland,IRL,2013,60494.1626974676
Ireland,IRL,2014,65660.1826902822
Ireland,IRL,2015,81053.3527369241
Ireland,IRL,2016,81123.4055417881
Ireland,IRL,2017,88309.3518073886
Ireland,IRL,2018,93802.3882103535
Ireland,IRL,2019,97192.1872016171
Ireland,IRL,2020,103082.792429507
Ireland,IRL,2021,118701.844040248
Ireland,IRL,2022,125625.319755241
Ireland,IRL,2023,115505.338456686
"Iran, Islamic Rep.",IRN,2000,10908.2929308945
"Iran, Islamic Rep.",IRN,2001,10998.1285086842
"Iran, Islamic Rep.",IRN,2002,11788.8950217415
"Iran, Islamic Rep.",IRN,2003,12666.2011613517
"Iran, Islamic Rep.",IRN,2004,12935.7859087138
"Iran, Islamic Rep.",IRN,2005,13056.2499373752
"Iran, Islamic Rep.",IRN,2006,13416.8415056781
"Iran, Islamic Rep.",IRN,2007,14275.7487984834
"Iran, Islamic Rep.",IRN,2008,14138.8010468136
"Iran, Islamic Rep.",IRN,2009,14104.9783035628
"Iran, Islamic Rep.",IRN,2010,14737.1558480906
"Iran, Islamic Rep.",IRN,2011,14941.2594887409
"Iran, Islamic Rep.",IRN,2012,14202.5507641889
"Iran, Islamic Rep.",IRN,2013,13804.7912969754
"Iran, Islamic Rep.",IRN,2014,14299.5717729808
"Iran, Islamic Rep.",IRN,2015,13905.1921172487
"Iran, Islamic Rep.",IRN,2016,14915.5941209299
"Iran, Islamic Rep.",IRN,2017,15108.1094121896
"Iran, Islamic Rep.",IRN,2018,14642.4975713628
"Iran, Islamic Rep.",IRN,2019,14040.6646532072
"Iran, Islamic Rep.",IRN,2020,14397.1535705748
"Iran, Islamic Rep.",IRN,2021,14951.8948716503
"Iran, Islamic Rep.",IRN,2022,15331.3329400419
"Iran, Islamic Rep.",IRN,2023,15912.0299184195
Iraq,IRQ,2000,12702.1641950892
Iraq,IRQ,2001,12529.6084050976
Iraq,IRQ,2002,11144.0505255902
Iraq,IRQ,2003,6849.3320080035
Iraq,IRQ,2004,10210.5631004936
Iraq,IRQ,2005,10078.4437646814
Iraq,IRQ,2006,10568.9137652953
Iraq,IRQ,2007,10853.8161022286
Iraq,IRQ,2008,11511.9387643638
Iraq,IRQ,2009,11470.5178061728
Iraq,IRQ,2010,11816.8410150233
Iraq,IRQ,2011,12267.5848940645
Iraq,IRQ,2012,13357.0143882323
Iraq,IRQ,2013,13712.931714296
Iraq,IRQ,2014,13536.8227681399
Iraq,IRQ,2015,13516.0271989173
Iraq,IRQ,2016,15016.0920644557
Iraq,IRQ,2017,14417.6306896454
Iraq,IRQ,2018,14456.2357053191
Iraq,IRQ,2019,14910.2250318827
Iraq,IRQ,2020,12827.6345392293
Iraq,IRQ,2021,12731.7535755128
Iraq,IRQ,2022,13393.6749428104
Iraq,IRQ,2023,12711.0616746745
Jordan,JOR,2000,8086.92215795305
Jordan,JOR,2001,8339.78594962647
Jordan,JOR,2002,8638.0804707775
Jordan,JOR,2003,8800.49688909923
Jordan,JOR,2004,9326.66854241318
Jordan,JOR,2005,9839.68850913446
Jordan,JOR,2006,9977.75919497734
Jordan,JOR,2007,10161.4022840707
Jordan,JOR,2008,10641.5895979974
Jordan,JOR,2009,10938.5029017232
Jordan,JOR,2010,10953.5378091936
Jordan,JOR,2011,10977.4822229714
Jordan,JOR,2012,11086.0301240431
Jordan,JOR,2013,10799.353989331
Jordan,JOR,2014,10148.9982632195
Jordan,JOR,2015,9581.6893809446
Jordan,JOR,2016,9321.9046623721
Jordan,JOR,2017,9339.81054860678
Jordan,JOR,2018,9311.53131354454
Jordan,JOR,2019,9288.5272415511
Jordan,JOR,2020,9022.63944977504
Jordan,JOR,2021,9182.49616125602
Jordan,JOR,2022,9266.57547415865
Jordan,JOR,2023,9362.58776056423
Japan,JPN,2000,39014.2110212917
Japan,JPN,2001,39070.5911170118
Japan,JPN,2002,38996.2038318537
Japan,JPN,2003,39510.2096602084
Japan,JPN,2004,40360.3600588774
Japan,JPN,2005,41084.5620630809
Japan,JPN,2006,41622.0003874483
Japan,JPN,2007,42191.1489132898
Japan,JPN,2008,41654.4311104211
Japan,JPN,2009,39287.8544592545
Japan,JPN,2010,40890.4936735911
Japan,JPN,2011,40976.0577687849
Japan,JPN,2012,41605.7723578966
Japan,JPN,2013,42501.2829637667
Japan,JPN,2014,42683.7754496421
Japan,JPN,2015,43395.9393536881
Japan,JPN,2016,43745.4341166357
Japan,JPN,2017,44514.7464836783
Japan,JPN,2018,44858.0301736984
Japan,JPN,2019,44740.4255043033
Japan,JPN,2020,43011.3379536038
Japan,JPN,2021,44315.4979912492
Japan,JPN,2022,44937.608867666
Japan,JPN,2023,45915.353682577
Kazakhstan,KAZ,2000,12935.864368308
Kazakhstan,KAZ,2001,14612.0290050498
Kazakhstan,KAZ,2002,15960.8738450013
Kazakhstan,KAZ,2003,17344.752672995
Kazakhstan,KAZ,2004,18886.5811908122
Kazakhstan,KAZ,2005,20565.5294470866
Kazakhstan,KAZ,2006,22574.3429577665
Kazakhstan,KAZ,2007,24351.3464102542
Kazakhstan,KAZ,2008,24895.6645683245
Kazakhstan,KAZ,2009,24901.3527260084
Kazakhstan,KAZ,2010,26374.8407672795
Kazakhstan,KAZ,2011,27946.1603432944
Kazakhstan,KAZ,2012,28881.2417563728
Kazakhstan,KAZ,2013,30177.4887221736
Kazakhstan,KAZ,2014,30986.4379168995
Kazakhstan,KAZ,2015,30893.7594851041
Kazakhstan,KAZ,2016,30758.3227260598
Kazakhstan,KAZ,2017,31524.4416339794
Kazakhstan,KAZ,2018,32330.2274546567
Kazakhstan,KAZ,2019,33298.2123695035
Kazakhstan,KAZ,2020,32011.5491499004
Kazakhstan,KAZ,2021,32945.8515725823
Kazakhstan,KAZ,2022,33506.2614893237
Kazakhstan,KAZ,2023,34703.2349286604
Kenya,KEN,2000,3756.63622296879
Kenya,KEN,2001,3778.25854755615
Kenya,KEN,2002,3681.2569427491
Kenya,KEN,2003,3674.08592758409
Kenya,KEN,2004,3743.56785736929
Kenya,KEN,2005,3844.73557120578
Kenya,KEN,2006,3970.73349887685
Kenya,KEN,2007,4116.45094720856
Kenya,KEN,2008,4002.88364073792
Kenya,KEN,2009,4012.19428382397
Kenya,KEN,2010,4211.52462957784
Kenya,KEN,2011,4307.10611556858
Kenya,KEN,2012,4387.93790075409
Kenya,KEN,2013,4443.371215682
Kenya,KEN,2014,4558.55155266374
Kenya,KEN,2015,4679.62182831938
Kenya,KEN,2016,4770.31046388086
Kenya,KEN,2017,4846.86210851932
Kenya,KEN,2018,5017.66784674664
Kenya,KEN,2019,5171.71264279257
Kenya,KEN,2020,5057.40115537429
Kenya,KEN,2021,5338.85243382781
Kenya,KEN,2022,5491.69378280246
Kenya,KEN,2023,5682.98916248678
Kyrgyz Republic,KGZ,2000,3638.46351431821
Kyrgyz Republic,KGZ,2001,3795.89097724664
Kyrgyz Republic,KGZ,2002,3760.53239965257
Kyrgyz Republic,KGZ,2003,3982.92722017802
Kyrgyz Republic,KGZ,2004,4211.52289559176
Kyrgyz Republic,KGZ,2005,4156.95889490127
Kyrgyz Republic,KGZ,2006,4240.17017797554
Kyrgyz Republic,KGZ,2007,4558.71311158978
Kyrgyz Republic,KGZ,2008,4894.9427801376
Kyrgyz Republic,KGZ,2009,4969.96132720374
Kyrgyz Republic,KGZ,2010,4876.47964886483
Kyrgyz Republic,KGZ,2011,5092.85211661461
Kyrgyz Republic,KGZ,2012,4993.39431683528
Kyrgyz Republic,KGZ,2013,5418.54061993935
Kyrgyz Republic,KGZ,2014,5513.75493632988
Kyrgyz Republic,KGZ,2015,5600.21479787578
Kyrgyz Republic,KGZ,2016,5715.01087451862
Kyrgyz Republic,KGZ,2017,5861.22246508753
Kyrgyz Republic,KGZ,2018,5951.8292293921
Kyrgyz Republic,KGZ,2019,6087.60193826927
Kyrgyz Republic,KGZ,2020,5537.79588482812
Kyrgyz Republic,KGZ,2021,5736.47883415154
Kyrgyz Republic,KGZ,2022,6139.77832836366
Kyrgyz Republic,KGZ,2023,6403.14308780476
"Korea, Rep.",KOR,2000,25111.1377134842
"Korea, Rep.",KOR,2001,26128.3915101176
"Korea, Rep.",KOR,2002,27984.6394791633
"Korea, Rep.",KOR,2003,28716.1691006656
"Korea, Rep.",KOR,2004,30089.1713176168
"Korea, Rep.",KOR,2005,31319.1098686393
"Korea, Rep.",KOR,2006,32795.1568589182
"Korea, Rep.",KOR,2007,34522.2682574139
"Korea, Rep.",KOR,2008,35293.4102047384
"Korea, Rep.",KOR,2009,35390.5620151325
"Korea, Rep.",KOR,2010,37610.9729146683
"Korea, Rep.",KOR,2011,38698.4610967111
"Korea, Rep.",KOR,2012,39420.4193918778
"Korea, Rep.",KOR,2013,40483.2534082562
"Korea, Rep.",KOR,2014,41518.0942296892
"Korea, Rep.",KOR,2015,42459.9028857999
"Korea, Rep.",KOR,2016,43538.0212717968
"Korea, Rep.",KOR,2017,44787.6482354421
"Korea, Rep.",KOR,2018,45890.4304094143
"Korea, Rep.",KOR,2019,46757.2614496182
"Korea, Rep.",KOR,2020,46361.5957811718
"Korea, Rep.",KOR,2021,48419.6432513509
"Korea, Rep.",KOR,2022,49777.929303529
"Korea, Rep.",KOR,2023,50414.2083391764
Lebanon,LBN,2000,11571.7326041085
Lebanon,LBN,2001,11817.9305012844
Lebanon,LBN,2002,12053.8341563826
Lebanon,LBN,2003,12272.3440677497
Lebanon,LBN,2004,12882.0757995163
Lebanon,LBN,2005,13024.6648924956
Lebanon,LBN,2006,13003.680803908
Lebanon,LBN,2007,13941.5614244767
Lebanon,LBN,2008,14955.1413563252
Lebanon,LBN,2009,16264.3506182706
Lebanon,LBN,2010,17390.7584012958
Lebanon,LBN,2011,17353.1960845294
Lebanon,LBN,2012,17323.3013764282
Lebanon,LBN,2013,16396.4969302163
Lebanon,LBN,2014,15205.873265402
Lebanon,LBN,2015,14980.020515614
Lebanon,LBN,2016,15572.3611739774
Lebanon,LBN,2017,16128.5838196051
Lebanon,LBN,2018,16290.0516478592
Lebanon,LBN,2019,15659.5661040012
Lebanon,LBN,2020,12507.4366368078
Lebanon,LBN,2021,11599.7755083765
Lebanon,LBN,2022,11474.7505845558
Lebanon,LBN,2023,
Libya,LBY,2000,17742.3474896438
Libya,LBY,2001,17111.4835611225
Libya,LBY,2002,16625.0592103276
Libya,LBY,2003,18417.8843446972
Libya,LBY,2004,18846.2418698799
Libya,LBY,2005,20644.0270766892
Libya,LBY,2006,21539.6274538208
Libya,LBY,2007,22416.1098051613
Libya,LBY,2008,21909.429070862
Libya,LBY,2009,20513.5632098849
Libya,LBY,2010,21109.9679253729
Libya,LBY,2011,10739.0931713183
Libya,LBY,2012,20595.580038429
Libya,LBY,2013,16553.1426523565
Libya,LBY,2014,12495.792970176
Libya,LBY,2015,12192.1386217463
Libya,LBY,2016,11828.7113766913
Libya,LBY,2017,15424.055430096
Libya,LBY,2018,16380.8515494718
Libya,LBY,2019,14333.4224412442
Libya,LBY,2020,9976.03740275891
Libya,LBY,2021,12641.5097714075
Libya,LBY,2022,11456.0768149668
Libya,LBY,2023,12478.1434623596
Morocco,MAR,2000,5100.11572265625
Morocco,MAR,2001,5417.57861328125
Morocco,MAR,2002,5544.07177734375
Morocco,MAR,2003,5810.05322265625
Morocco,MAR,2004,5996.39013671875
Morocco,MAR,2005,6103.42236328125
Morocco,MAR,2006,6488.673828125
Morocco,MAR,2007,6620.59033203125
Morocco,MAR,2008,6901.95068359375
Morocco,MAR,2009,7063.72705078125
Morocco,MAR,2010,7210.63671875
Morocco,MAR,2011,7503.79296875
Morocco,MAR,2012,7628.64404296875
Morocco,MAR,2013,7839.0322265625
Morocco,MAR,2014,7951.79833984375
Morocco,MAR,2015,8198.80859375
Morocco,MAR,2016,8141.9404296875
Morocco,MAR,2017,8450.0087890625
Morocco,MAR,2018,8611.75
Morocco,MAR,2019,8768.17578125
Morocco,MAR,2020,8054.56298828125
Morocco,MAR,2021,8623.265625
Morocco,MAR,2022,8666.0791015625
Morocco,MAR,2023,8868.7119140625
Maldives,MDV,2000,13678.8583084467
Maldives,MDV,2001,12921.8649373635
Maldives,MDV,2002,13630.5936054449
Maldives,MDV,2003,15249.8719915611
Maldives,MDV,2004,15873.3495486242
Maldives,MDV,2005,13861.1846060231
Maldives,MDV,2006,16728.0584966439
Maldives,MDV,2007,17332.7279638206
Maldives,MDV,2008,18232.2654541669
Maldives,MDV,2009,16162.9169308656
Maldives,MDV,2010,16668.6571186743
Maldives,MDV,2011,17473.7157175589
Maldives,MDV,2012,17278.9619586798
Maldives,MDV,2013,17869.9325763979
Maldives,MDV,2014,18633.0389279345
Maldives,MDV,2015,18715.3208296488
Maldives,MDV,2016,19263.5263628026
Maldives,MDV,2017,19948.4385847652
Maldives,MDV,2018,20998.879189238
Maldives,MDV,2019,21855.501224579
Maldives,MDV,2020,14242.9750701162
Maldives,MDV,2021,19052.6224904311
Maldives,MDV,2022,21357.8112511153
Maldives,MDV,2023,22286.9801703571
Mexico,MEX,2000,20470.4937684497
Mexico,MEX,2001,20078.2183946353
Mexico,MEX,2002,19744.7933690405
Mexico,MEX,2003,19701.4633913477
Mexico,MEX,2004,20127.2242885478
Mexico,MEX,2005,20277.2552856489
Mexico,MEX,2006,20965.8256113323
Mexico,MEX,2007,21102.2688354162
Mexico,MEX,2008,20992.5602657556
Mexico,MEX,2009,19385.5437266404
Mexico,MEX,2010,20058.3854897332
Mexico,MEX,2011,20457.6001702948
Mexico,MEX,2012,20898.9357234443
Mexico,MEX,2013,20805.3480450888
Mexico,MEX,2014,21069.76616886
Mexico,MEX,2015,21408.92832416
Mexico,MEX,2016,21578.2633594516
Mexico,MEX,2017,21777.5225152779
Mexico,MEX,2018,21997.773022688
Mexico,MEX,2019,21704.1859516705
Mexico,MEX,2020,19728.4817895873
Mexico,MEX,2021,20782.5877456479
Mexico,MEX,2022,21387.5987937272
Mexico,MEX,2023,21880.3277706628
Myanmar,MMR,2000,1359.93038778027
Myanmar,MMR,2001,1498.31163236515
Myanmar,MMR,2002,1661.73588517121
Myanmar,MMR,2003,1874.17128269376
Myanmar,MMR,2004,2110.23728495817
Myanmar,MMR,2005,2377.9025816296
Myanmar,MMR,2006,2669.32700379981
Myanmar,MMR,2007,2968.3033151234
Myanmar,MMR,2008,3254.73897888079
Myanmar,MMR,2009,3578.17424704491
Myanmar,MMR,2010,3893.79030665848
Myanmar,MMR,2011,4078.61220919938
Myanmar,MMR,2012,4340.99945069145
Myanmar,MMR,2013,4666.9537614136
Myanmar,MMR,2014,5006.50667149837
Myanmar,MMR,2015,5313.88615901501
Myanmar,MMR,2016,5580.98977273194
Myanmar,MMR,2017,5877.87465558136
Myanmar,MMR,2018,6201.26341429761
Myanmar,MMR,2019,6562.98898478581
Myanmar,MMR,2020,5926.83450206641
Myanmar,MMR,2021,5178.44718217164
Myanmar,MMR,2022,5350.4766689956
Myanmar,MMR,2023,5364.13797034407
Mongolia,MNG,2000,5818.24307842901
Mongolia,MNG,2001,5917.07088396343
Mongolia,MNG,2002,6117.9824222592
Mongolia,MNG,2003,6463.78966651762
Mongolia,MNG,2004,7070.667158451
Mongolia,MNG,2005,7499.84803935428
Mongolia,MNG,2006,8043.99678108557
Mongolia,MNG,2007,8750.13407442299
Mongolia,MNG,2008,9379.85489687765
Mongolia,MNG,2009,9095.9769892529
Mongolia,MNG,2010,9507.118823625
Mongolia,MNG,2011,10960.0959283864
Mongolia,MNG,2012,12078.9185320062
Mongolia,MNG,2013,13210.0945665668
Mongolia,MNG,2014,13943.4277148653
Mongolia,MNG,2015,13974.5967260365
Mongolia,MNG,2016,13898.1456953585
Mongolia,MNG,2017,14401.5375067562
Mongolia,MNG,2018,15230.2408828847
Mongolia,MNG,2019,15790.6961126441
Mongolia,MNG,2020,14801.3420829185
Mongolia,MNG,2021,14792.2509086422
Mongolia,MNG,2022,15310.4349469163
Mongolia,MNG,2023,16222.8638898529
Malaysia,MYS,2000,18532.9096706227
Malaysia,MYS,2001,18186.4411330146
Malaysia,MYS,2002,18708.8694877279
Malaysia,MYS,2003,19329.0062757538
Malaysia,MYS,2004,20168.5062099425
Malaysia,MYS,2005,20767.5857243346
Malaysia,MYS,2006,21444.4857715028
Malaysia,MYS,2007,22305.118263117
Malaysia,MYS,2008,22898.0027575442
Malaysia,MYS,2009,22106.6417311801
Malaysia,MYS,2010,23307.9698543785
Malaysia,MYS,2011,24115.8181203958
Malaysia,MYS,2012,25006.3587781537
Malaysia,MYS,2013,25736.3525554142
Malaysia,MYS,2014,26818.4317281659
Malaysia,MYS,2015,27699.6278860387
Malaysia,MYS,2016,28425.3707609412
Malaysia,MYS,2017,29551.5457597197
Malaysia,MYS,2018,30459.9655338061
Malaysia,MYS,2019,31300.5086554849
Malaysia,MYS,2020,29200.452632127
Malaysia,MYS,2021,29822.8491831618
Malaysia,MYS,2022,32079.1515157489
Malaysia,MYS,2023,32812.2997525336
Nigeria,NGA,2000,3290.70566119181
Nigeria,NGA,2001,3392.03528516309
Nigeria,NGA,2002,3806.21589634462
Nigeria,NGA,2003,3974.76787469397
Nigeria,NGA,2004,4223.7979478186
Nigeria,NGA,2005,4372.97561105085
Nigeria,NGA,2006,4511.63952365517
Nigeria,NGA,2007,4677.54184720889
Nigeria,NGA,2008,4856.81280081835
Nigeria,NGA,2009,5102.91640379355
Nigeria,NGA,2010,5359.51848370873
Nigeria,NGA,2011,5488.00481519556
Nigeria,NGA,2012,5563.64167560671
Nigeria,NGA,2013,5775.86634650721
Nigeria,NGA,2014,5980.191816483
Nigeria,NGA,2015,5985.09435248731
Nigeria,NGA,2016,5744.55787877157
Nigeria,NGA,2017,5651.73413165037
Nigeria,NGA,2018,5628.74079442015
Nigeria,NGA,2019,5628.17765244652
Nigeria,NGA,2020,5410.69355517726
Nigeria,NGA,2021,5491.70034068297
Nigeria,NGA,2022,5552.83764994957
Nigeria,NGA,2023,5593.05661448231
Nicaragua,NIC,2000,4838.23762688228
Nicaragua,NIC,2001,4917.66077309625
Nicaragua,NIC,2002,4895.00579876681
Nicaragua,NIC,2003,4959.59802437184
Nicaragua,NIC,2004,5161.69701514993
Nicaragua,NIC,2005,5313.02210348324
Nicaragua,NIC,2006,5455.30615507295
Nicaragua,NIC,2007,5650.46905997767
Nicaragua,NIC,2008,5761.38700942122
Nicaragua,NIC,2009,5492.95489745824
Nicaragua,NIC,2010,5654.3577976358
Nicaragua,NIC,2011,5927.26980013608
Nicaragua,NIC,2012,6224.34038404832
Nicaragua,NIC,2013,6440.85212801377
Nicaragua,NIC,2014,6657.19591845423
Nicaragua,NIC,2015,6882.09772141227
Nicaragua,NIC,2016,7100.00689756578
Nicaragua,NIC,2017,7330.63106959886
Nicaragua,NIC,2018,6991.24166096136
Nicaragua,NIC,2019,6701.19426432436
Nicaragua,NIC,2020,6501.68749935445
Nicaragua,NIC,2021,7086.62239515406
Nicaragua,NIC,2022,7258.68171711412
Nicaragua,NIC,2023,7486.94276222499
Netherlands,NLD,2000,56016.8726843978
Netherlands,NLD,2001,56887.4331963774
Netherlands,NLD,2002,56664.4134740418
Netherlands,NLD,2003,56452.8674516292
Netherlands,NLD,2004,57391.3645213479
Netherlands,NLD,2005,58422.0134559296
Netherlands,NLD,2006,60391.5442701666
Netherlands,NLD,2007,62601.620613428
Netherlands,NLD,2008,63678.4032793663
Netherlands,NLD,2009,61029.7299109958
Netherlands,NLD,2010,61518.5539798177
Netherlands,NLD,2011,62318.1416200592
Netherlands,NLD,2012,61480.8125177766
Netherlands,NLD,2013,61281.2887907524
Netherlands,NLD,2014,62045.8564005806
Netherlands,NLD,2015,63081.3941468901
Netherlands,NLD,2016,64267.7363924503
Netherlands,NLD,2017,65666.0036343403
Netherlands,NLD,2018,66758.2640039803
Netherlands,NLD,2019,67847.8542922542
Netherlands,NLD,2020,64862.192212119
Netherlands,NLD,2021,68573.5648786446
Netherlands,NLD,2022,71324.0360613187
Netherlands,NLD,2023,70673.9689450138
New Zealand,NZL,2000,35867.4548551381
New Zealand,NZL,2001,36873.1328866516
New Zealand,NZL,2002,37946.3216048614
New Zealand,NZL,2003,38964.1718619084
New Zealand,NZL,2004,39958.8177131225
New Zealand,NZL,2005,40835.1853127496
New Zealand,NZL,2006,41461.7232910271
New Zealand,NZL,2007,42329.7372515149
New Zealand,NZL,2008,41451.7466359923
New Zealand,NZL,2009,41018.0855140419
New Zealand,NZL,2010,41150.6070634786
New Zealand,NZL,2011,41753.3552842385
New Zealand,NZL,2012,42475.7823540074
New Zealand,NZL,2013,43314.10534401
New Zealand,NZL,2014,44199.957416181
New Zealand,NZL,2015,44926.3092731658
New Zealand,NZL,2016,45575.0743804125
New Zealand,NZL,2017,46149.3196978527
New Zealand,NZL,2018,46916.3573367542
New Zealand,NZL,2019,47266.4050587493
New Zealand,NZL,2020,46039.226643804
New Zealand,NZL,2021,47933.5886168028
New Zealand,NZL,2022,49206.8705317548
New Zealand,NZL,2023,48562.7047163743
Pakistan,PAK,2000,3531.71291531612
Pakistan,PAK,2001,3559.72784658715
Pakistan,PAK,2002,3563.67846926558
Pakistan,PAK,2003,3668.77938852508
Pakistan,PAK,2004,3859.64601808903
Pakistan,PAK,2005,4042.15457513378
Pakistan,PAK,2006,4185.86655659206
Pakistan,PAK,2007,4257.92556870432
Pakistan,PAK,2008,4233.34830715497
Pakistan,PAK,2009,4270.43882264229
Pakistan,PAK,2010,4228.7817715945
Pakistan,PAK,2011,4246.06710882497
Pakistan,PAK,2012,4292.02110293486
Pakistan,PAK,2013,4407.14705841377
Pakistan,PAK,2014,4520.23463399286
Pakistan,PAK,2015,4645.28631071145
Pakistan,PAK,2016,4886.61212115378
Pakistan,PAK,2017,5031.56060738433
Pakistan,PAK,2018,5255.06350681272
Pakistan,PAK,2019,5295.95295138203
Pakistan,PAK,2020,5135.01459288839
Pakistan,PAK,2021,5367.27364714762
Pakistan,PAK,2022,5526.27928310213
Pakistan,PAK,2023,5439.18762006677
Peru,PER,2000,7670.46011952872
Peru,PER,2001,7613.02086333477
Peru,PER,2002,7932.9912641787
Peru,PER,2003,8175.83414954999
Peru,PER,2004,8497.49834914444
Peru,PER,2005,8951.54717191217
Peru,PER,2006,9549.6124361264
Peru,PER,2007,10288.1853918369
Peru,PER,2008,11153.5150617806
Peru,PER,2009,11206.3708203437
Peru,PER,2010,12061.1640561503
Peru,PER,2011,12728.8648230529
Peru,PER,2012,13397.7832424936
Peru,PER,2013,14054.6383550251
Peru,PER,2014,14247.1010019489
Peru,PER,2015,14545.381144645
Peru,PER,2016,14920.1036750938
Peru,PER,2017,15072.2038993295
Peru,PER,2018,15388.9983222118
Peru,PER,2019,15466.2951511415
Peru,PER,2020,13612.0219422652
Peru,PER,2021,15282.2736372636
Peru,PER,2022,15548.9316184939
Peru,PER,2023,15294.2567811201
Philippines,PHL,2000,4740.43890934512
Philippines,PHL,2001,4778.4008437474
Philippines,PHL,2002,4856.49948429567
Philippines,PHL,2003,5003.38317718716
Philippines,PHL,2004,5229.45080700165
Philippines,PHL,2005,5386.81653712891
Philippines,PHL,2006,5578.57225112139
Philippines,PHL,2007,5840.06810169965
Philippines,PHL,2008,5987.03757861835
Philippines,PHL,2009,5965.30730902221
Philippines,PHL,2010,6273.0392775956
Philippines,PHL,2011,6388.31296965477
Philippines,PHL,2012,6697.5562095198
Philippines,PHL,2013,7016.53846475729
Philippines,PHL,2014,7340.36158580785
Philippines,PHL,2015,7691.76308664523
Philippines,PHL,2016,8131.82537948653
Philippines,PHL,2017,8584.13622704702
Philippines,PHL,2018,9016.28659627736
Philippines,PHL,2019,9452.29397140303
Philippines,PHL,2020,8455.18457114822
Philippines,PHL,2021,8857.78995115514
Philippines,PHL,2022,9457.10395402883
Philippines,PHL,2023,9901.05652395692
Puerto Rico,PRI,2000,37298.5450602035
Puerto Rico,PRI,2001,39568.5528464544
Puerto Rico,PRI,2002,39879.729549151
Puerto Rico,PRI,2003,39876.0670174166
Puerto Rico,PRI,2004,43355.8226398649
Puerto Rico,PRI,2005,42555.7081154719
Puerto Rico,PRI,2006,42133.9682852719
Puerto Rico,PRI,2007,41888.6232673375
Puerto Rico,PRI,2008,41358.068896155
Puerto Rico,PRI,2009,40772.3514251996
Puerto Rico,PRI,2010,40809.9036055753
Puerto Rico,PRI,2011,41136.6166996425
Puerto Rico,PRI,2012,41649.5777181317
Puerto Rico,PRI,2013,42000.3333927016
Puerto Rico,PRI,2014,42183.695734612
Puerto Rico,PRI,2015,42481.875791841
Puerto Rico,PRI,2016,42764.5622650312
Puerto Rico,PRI,2017,42547.1707290019
Puerto Rico,PRI,2018,42372.6584312506
Puerto Rico,PRI,2019,43078.0104179099
Puerto Rico,PRI,2020,40171.7906591883
Puerto Rico,PRI,2021,40559.6985749875
Puerto Rico,PRI,2022,42562.3765666695
Puerto Rico,PRI,2023,42994.7856404917
Romania,ROU,2000,14852.8644783399
Romania,ROU,2001,15847.519610494
Romania,ROU,2002,17060.7850204424
Romania,ROU,2003,17586.5922461312
Romania,ROU,2004,19531.5133935014
Romania,ROU,2005,20569.9074968796
Romania,ROU,2006,22353.4574991802
Romania,ROU,2007,24327.1891652186
Romania,ROU,2008,27038.2619456531
Romania,ROU,2009,25760.3556553393
Romania,ROU,2010,24901.6720895611
Romania,ROU,2011,26149.4534700942
Romania,ROU,2012,26766.1309758768
Romania,ROU,2013,26940.5985776056
Romania,ROU,2014,28154.7373884737
Romania,ROU,2015,29180.4340140103
Romania,ROU,2016,30187.6537168467
Romania,ROU,2017,32851.0097498646
Romania,ROU,2018,35067.2105924325
Romania,ROU,2019,36635.4834578388
Romania,ROU,2020,35484.2507903109
Romania,ROU,2021,37732.5554954853
Romania,ROU,2022,39380.2517863094
Romania,ROU,2023,40303.8343457308
Russian Federation,RUS,2000,20309.267578125
Russian Federation,RUS,2001,21435.765625
Russian Federation,RUS,2002,22546.7265625
Russian Federation,RUS,2003,24302.658203125
Russian Federation,RUS,2004,26157.556640625
Russian Federation,RUS,2005,27937.998046875
Russian Federation,RUS,2006,30328.078125
Russian Federation,RUS,2007,32962.30078125
Russian Federation,RUS,2008,34691.57421875
Russian Federation,RUS,2009,31976.005859375
Russian Federation,RUS,2010,33399.92578125
Russian Federation,RUS,2011,34795.03515625
Russian Federation,RUS,2012,36104.2734375
Russian Federation,RUS,2013,36628.921875
Russian Federation,RUS,2014,36217.96484375
Russian Federation,RUS,2015,35393.5703125
Russian Federation,RUS,2016,35361.546875
Russian Federation,RUS,2017,35932.234375
Russian Federation,RUS,2018,36908.3671875
Russian Federation,RUS,2019,37698.953125
Russian Federation,RUS,2020,36746.375
Russian Federation,RUS,2021,38938.49609375
Russian Federation,RUS,2022,38263.6171875
Russian Federation,RUS,2023,39753.45703125
Singapore,SGP,2000,68019.5295652496
Singapore,SGP,2001,65500.313408
Singapore,SGP,2002,67451.7181466549
Singapore,SGP,2003,71567.1333309928
Singapore,SGP,2004,77702.0149214372
Singapore,SGP,2005,81487.7295599192
Singapore,SGP,2006,86090.4362678176
Singapore,SGP,2007,90027.3400989592
Singapore,SGP,2008,86952.4628748601
Singapore,SGP,2009,84477.1245525634
Singapore,SGP,2010,95043.9638819189
Singapore,SGP,2011,98867.9452829021
Singapore,SGP,2012,100750.847964939
Singapore,SGP,2013,103908.358532594
Singapore,SGP,2014,106604.492771282
Singapore,SGP,2015,108483.21006419
Singapore,SGP,2016,110927.693046369
Singapore,SGP,2017,115831.111509588
Singapore,SGP,2018,119343.145527918
Singapore,SGP,2019,119572.277084107
Singapore,SGP,2020,115304.149458638
Singapore,SGP,2021,131864.092335522
Singapore,SGP,2022,132468.930252646
Singapore,SGP,2023,127543.55475211
Serbia,SRB,2000,11106.0008348458
Serbia,SRB,2001,11879.2316111462
Serbia,SRB,2002,12661.9987310673
Serbia,SRB,2003,13273.7519821659
Serbia,SRB,2004,14194.4312557307
Serbia,SRB,2005,15077.629134246
Serbia,SRB,2006,15727.4765021715
Serbia,SRB,2007,17028.1661069835
Serbia,SRB,2008,17983.3649630018
Serbia,SRB,2009,17488.2042470427
Serbia,SRB,2010,17841.5144029018
Serbia,SRB,2011,17986.6678468693
Serbia,SRB,2012,17993.8985767083
Serbia,SRB,2013,18163.2893745073
Serbia,SRB,2014,17922.5193188333
Serbia,SRB,2015,18247.8941506583
Serbia,SRB,2016,18889.4696252298
Serbia,SRB,2017,19439.0804833084
Serbia,SRB,2018,20454.3192908782
Serbia,SRB,2019,21541.2247736825
Serbia,SRB,2020,21479.1769419516
Serbia,SRB,2021,23406.4134532297
Serbia,SRB,2022,24634.5604407142
Serbia,SRB,2023,25741.7599829915
Slovak Republic,SVK,2000,18335.6561314857
Slovak Republic,SVK,2001,18906.5729386595
Slovak Republic,SVK,2002,19748.9021971774
Slovak Republic,SVK,2003,20721.6816104668
Slovak Republic,SVK,2004,21842.9235730665
Slovak Republic,SVK,2005,23257.1408810899
Slovak Republic,SVK,2006,25331.835910014
Slovak Republic,SVK,2007,28064.2039151309
Slovak Republic,SVK,2008,29544.0465088299
Slovak Republic,SVK,2009,27880.3693659117
Slovak Republic,SVK,2010,29745.8752682127
Slovak Republic,SVK,2011,30468.7801763767
Slovak Republic,SVK,2012,30894.2656699665
Slovak Republic,SVK,2013,31078.1384435037
Slovak Republic,SVK,2014,31888.757487154
Slovak Republic,SVK,2015,33507.7411975619
Slovak Republic,SVK,2016,34116.3993342467
Slovak Republic,SVK,2017,35042.7332945016
Slovak Republic,SVK,2018,36415.7375868248
Slovak Republic,SVK,2019,37194.15485409
Slovak Republic,SVK,2020,36201.4322222268
Slovak Republic,SVK,2021,38356.0501231018
Slovak Republic,SVK,2022,38638.4364624074
Slovak Republic,SVK,2023,39207.1817838701
Thailand,THA,2000,11622.1116671016
Thailand,THA,2001,11900.8949342988
Thailand,THA,2002,12511.7381306212
Thailand,THA,2003,13286.8323292884
Thailand,THA,2004,13996.5035765712
Thailand,THA,2005,14457.740966196
Thailand,THA,2006,15050.5253765829
Thailand,THA,2007,15742.0953939905
Thailand,THA,2008,15891.2171420249
Thailand,THA,2009,15665.3459498857
Thailand,THA,2010,16729.774764715
Thailand,THA,2011,16765.7514024823
Thailand,THA,2012,17869.0021183963
Thailand,THA,2013,18241.7768708
Thailand,THA,2014,18323.9627436667
Thailand,THA,2015,18811.3284521707
Thailand,THA,2016,19369.9198558946
Thailand,THA,2017,20093.963199274
Thailand,THA,2018,20879.1601782531
Thailand,THA,2019,21277.08251178
Thailand,THA,2020,19956.5473513659
Thailand,THA,2021,20245.2424111271
Thailand,THA,2022,20741.5235270511
Thailand,THA,2023,21142.6643331162
Tajikistan,TJK,2000,1365.23327447129
Tajikistan,TJK,2001,1467.39882474638
Tajikistan,TJK,2002,1594.93890470219
Tajikistan,TJK,2003,1736.64039749855
Tajikistan,TJK,2004,1878.28696227255
Tajikistan,TJK,2005,1965.30020458256
Tajikistan,TJK,2006,2063.288508243
Tajikistan,TJK,2007,2181.89798056536
Tajikistan,TJK,2008,2308.09430040334
Tajikistan,TJK,2009,2349.50030269416
Tajikistan,TJK,2010,2449.27358745359
Tajikistan,TJK,2011,2572.48074895498
Tajikistan,TJK,2012,2700.09546037358
Tajikistan,TJK,2013,2828.38542075147
Tajikistan,TJK,2014,2943.08867917317
Tajikistan,TJK,2015,3041.44479553257
Tajikistan,TJK,2016,3169.9667820524
Tajikistan,TJK,2017,3312.71202243506
Tajikistan,TJK,2018,3479.69235966041
Tajikistan,TJK,2019,3649.88375518646
Tajikistan,TJK,2020,3724.7489591466
Tajikistan,TJK,2021,3985.91247611219
Tajikistan,TJK,2022,4213.75618362687
Tajikistan,TJK,2023,4472.3241378777
Tunisia,TUN,2000,9083.76967144518
Tunisia,TUN,2001,9328.5530261711
Tunisia,TUN,2002,9355.39695185479
Tunisia,TUN,2003,9697.95472162193
Tunisia,TUN,2004,10206.8982909609
Tunisia,TUN,2005,10470.7813980127
Tunisia,TUN,2006,10923.0222817292
Tunisia,TUN,2007,11549.5318189658
Tunisia,TUN,2008,11923.7170830843
Tunisia,TUN,2009,12161.9677634948
Tunisia,TUN,2010,12389.1966609297
Tunisia,TUN,2011,12001.7991352202
Tunisia,TUN,2012,12367.4427221416
Tunisia,TUN,2013,12518.2014392516
Tunisia,TUN,2014,12752.9007303641
Tunisia,TUN,2015,12731.7906334553
Tunisia,TUN,2016,12732.897042548
Tunisia,TUN,2017,12881.7170725617
Tunisia,TUN,2018,13090.6199760753
Tunisia,TUN,2019,13175.7787786723
Tunisia,TUN,2020,11889.2918309025
Tunisia,TUN,2021,12375.3429338664
Tunisia,TUN,2022,12632.0392214109
Tunisia,TUN,2023,12552.9866903456
Turkiye,TUR,2000,14737.4417410446
Turkiye,TUR,2001,13718.2779131299
Turkiye,TUR,2002,14427.7608625445
Turkiye,TUR,2003,15083.1352817439
Turkiye,TUR,2004,16376.9647430877
Turkiye,TUR,2005,17659.8983161707
Turkiye,TUR,2006,18693.9010385269
Turkiye,TUR,2007,19605.1679020557
Turkiye,TUR,2008,19516.3851753358
Turkiye,TUR,2009,18320.4489220562
Turkiye,TUR,2010,19564.7888953107
Turkiye,TUR,2011,21439.0690551907
Turkiye,TUR,2012,22181.1207770887
Turkiye,TUR,2013,23756.2730417486
Turkiye,TUR,2014,24595.6990587674
Turkiye,TUR,2015,25746.4324494749
Turkiye,TUR,2016,26246.4947118354
Turkiye,TUR,2017,27851.9820029666
Turkiye,TUR,2018,28305.4612484943
Turkiye,TUR,2019,28132.0535745359
Turkiye,TUR,2020,28378.5520849539
Turkiye,TUR,2021,31338.2665190246
Turkiye,TUR,2022,32748.3189010181
Turkiye,TUR,2023,34282.5365042547
Ukraine,UKR,2000,10364.0625
Ukraine,UKR,2001,11379.3857421875
Ukraine,UKR,2002,12092.7890625
Ukraine,UKR,2003,13342.8798828125
Ukraine,UKR,2004,15021.06640625
Ukraine,UKR,2005,15610.5732421875
Ukraine,UKR,2006,16901.5078125
Ukraine,UKR,2007,18374.013671875
Ukraine,UKR,2008,18883.986328125
Ukraine,UKR,2009,16092.7958984375
Ukraine,UKR,2010,16811.794921875
Ukraine,UKR,2011,17783.95703125
Ukraine,UKR,2012,17848.740234375
Ukraine,UKR,2013,17889.091796875
Ukraine,UKR,2014,16978.8125
Ukraine,UKR,2015,15403.7099609375
Ukraine,UKR,2016,15856.8125
Ukraine,UKR,2017,16310.3603515625
Ukraine,UKR,2018,16978.984375
Ukraine,UKR,2019,17636.5546875
Ukraine,UKR,2020,17092.5390625
Ukraine,UKR,2021,17846.408203125
Ukraine,UKR,2022,13787.12109375
Ukraine,UKR,2023,15885.2255859375
Uruguay,URY,2000,18812.9810312217
Uruguay,URY,2001,18045.3380747251
Uruguay,URY,2002,16626.6312064146
Uruguay,URY,2003,16748.6771824629
Uruguay,URY,2004,17576.2980192753
Uruguay,URY,2005,18872.4353515664
Uruguay,URY,2006,19623.6301498778
Uruguay,URY,2007,20871.4825726383
Uruguay,URY,2008,22321.6691344208
Uruguay,URY,2009,23213.2549631487
Uruguay,URY,2010,24960.666663225
Uruguay,URY,2011,26184.1151409099
Uruguay,URY,2012,27040.849131823
Uruguay,URY,2013,28210.840212654
Uruguay,URY,2014,29029.1041532938
Uruguay,URY,2015,29035.6573446657
Uruguay,URY,2016,29427.8652876993
Uruguay,URY,2017,29859.1279426465
Uruguay,URY,2018,29854.6188930912
Uruguay,URY,2019,30108.0750507886
Uruguay,URY,2020,27871.6004788618
Uruguay,URY,2021,29441.4774869654
Uruguay,URY,2022,30879.9288178994
Uruguay,URY,2023,31019.3113912098
United States,USA,2000,55038.6224962336
United States,USA,2001,55017.3049779076
United States,USA,2002,55436.116979089
United States,USA,2003,56498.2078306327
United States,USA,2004,58131.6336824976
United States,USA,2005,59604.7536359083
United States,USA,2006,60676.565569186
United States,USA,2007,61306.5969389997
United States,USA,2008,60798.4338395386
United States,USA,2009,58714.9736881612
United States,USA,2010,59799.2868624573
United States,USA,2011,60294.978803066
United States,USA,2012,61224.405542414
United States,USA,2013,62089.3482369609
United States,USA,2014,63191.2477805927
United States,USA,2015,64575.4081869043
United States,USA,2016,65275.5718178599
United States,USA,2017,66458.0233734963
United States,USA,2018,68070.213421811
United States,USA,2019,69511.7634409067
United States,USA,2020,67352.3871392801
United States,USA,2021,71318.3073592183
United States,USA,2022,72841.9243127082
United States,USA,2023,74577.5065396723
Uzbekistan,UZB,2000,3410.65044992005
Uzbekistan,UZB,2001,3509.72863761804
Uzbekistan,UZB,2002,3604.69346202628
Uzbekistan,UZB,2003,3711.77853054539
Uzbekistan,UZB,2004,3939.53039815001
Uzbekistan,UZB,2005,4160.95512970835
Uzbekistan,UZB,2006,4413.72281227405
Uzbekistan,UZB,2007,4764.56391427679
Uzbekistan,UZB,2008,5115.64391465755
Uzbekistan,UZB,2009,5439.55068124018
Uzbekistan,UZB,2010,5760.80511957973
Uzbekistan,UZB,2011,6100.25100998477
Uzbekistan,UZB,2012,6435.5646722667
Uzbekistan,UZB,2013,6797.77494784376
Uzbekistan,UZB,2014,7145.10980664116
Uzbekistan,UZB,2015,7529.7636427451
Uzbekistan,UZB,2016,7839.97820100497
Uzbekistan,UZB,2017,8047.05375469459
Uzbekistan,UZB,2018,8348.96057873435
Uzbekistan,UZB,2019,8755.12593985156
Uzbekistan,UZB,2020,8727.41104939381
Uzbekistan,UZB,2021,9247.6438270393
Uzbekistan,UZB,2022,9607.56167273728
Uzbekistan,UZB,2023,10007.6855026198
"Venezuela, RB",VEN,2000,
"Venezuela, RB",VEN,2001,
"Venezuela, RB",VEN,2002,
"Venezuela, RB",VEN,2003,
"Venezuela, RB",VEN,2004,
"Venezuela, RB",VEN,2005,
"Venezuela, RB",VEN,2006,
"Venezuela, RB",VEN,2007,
"Venezuela, RB",VEN,2008,
"Venezuela, RB",VEN,2009,
"Venezuela, RB",VEN,2010,
"Venezuela, RB",VEN,2011,
"Venezuela, RB",VEN,2012,
"Venezuela, RB",VEN,2013,
"Venezuela, RB",VEN,2014,
"Venezuela, RB",VEN,2015,
"Venezuela, RB",VEN,2016,
"Venezuela, RB",VEN,2017,
"Venezuela, RB",VEN,2018,
"Venezuela, RB",VEN,2019,
"Venezuela, RB",VEN,2020,
"Venezuela, RB",VEN,2021,
"Venezuela, RB",VEN,2022,
"Venezuela, RB",VEN,2023,
Viet Nam,VNM,2000,4349.22348751462
Viet Nam,VNM,2001,4570.26846577385
Viet Nam,VNM,2002,4809.62151118535
Viet Nam,VNM,2003,5090.28990869885
Viet Nam,VNM,2004,5421.09702829121
Viet Nam,VNM,2005,5776.36304451268
Viet Nam,VNM,2006,6098.24495436514
Viet Nam,VNM,2007,6418.54381402878
Viet Nam,VNM,2008,6659.13561432065
Viet Nam,VNM,2009,6914.33863589545
Viet Nam,VNM,2010,7274.73310698016
Viet Nam,VNM,2011,7652.61895672271
Viet Nam,VNM,2012,7979.86828926858
Viet Nam,VNM,2013,8324.19871250047
Viet Nam,VNM,2014,8751.88280634375
Viet Nam,VNM,2015,9248.02396069622
Viet Nam,VNM,2016,9743.1882231455
Viet Nam,VNM,2017,10290.5487142244
Viet Nam,VNM,2018,10936.8937859558
Viet Nam,VNM,2019,11628.6139147451
Viet Nam,VNM,2020,11851.3965685649
Viet Nam,VNM,2021,12048.9019935536
Viet Nam,VNM,2022,12930.2562185687
Viet Nam,VNM,2023,13491.879417397
Zimbabwe,ZWE,2000,4071.02200147984
Zimbabwe,ZWE,2001,4102.08670475568
Zimbabwe,ZWE,2002,3701.45807849115
Zimbabwe,ZWE,2003,3036.05574879927
Zimbabwe,ZWE,2004,2828.84558050206
Zimbabwe,ZWE,2005,2642.17436757019
Zimbabwe,ZWE,2006,2519.82935910755
Zimbabwe,ZWE,2007,2395.99073035675
Zimbabwe,ZWE,2008,1949.03642916443
Zimbabwe,ZWE,2009,2152.79528477552
Zimbabwe,ZWE,2010,2572.76999242178
Zimbabwe,ZWE,2011,2897.10091885505
Zimbabwe,ZWE,2012,3299.25984716144
Zimbabwe,ZWE,2013,3357.12826908481
Zimbabwe,ZWE,2014,3360.55217283312
Zimbabwe,ZWE,2015,3382.92313299242
Zimbabwe,ZWE,2016,3366.34428993248
Zimbabwe,ZWE,2017,3453.50970838715
Zimbabwe,ZWE,2018,3572.98358928518
Zimbabwe,ZWE,2019,3294.80608355087
Zimbabwe,ZWE,2020,2987.26982296616
Zimbabwe,ZWE,2021,3184.78545138737
Zimbabwe,ZWE,2022,3323.1219315624
Zimbabwe,ZWE,2023,3442.25132658294
