Country Name,Year,Wage_Value
Africa Eastern and Southern,2005,24.2977538550962
Afghanistan,2005,7.87600675896674
Africa Western and Central,2005,14.1721255432034
Angola,2005,25.7980894520399
Albania,2005,39.6954062159845
Arab World,2005,63.2877786539027
United Arab Emirates,2005,96.9079560292043
Argentina,2005,74.7486977008557
Armenia,2005,33.8232626225345
Australia,2005,83.935243263813
Austria,2005,82.3120398287558
Azerbaijan,2005,31.9301896906521
Burundi,2005,12.1948652121386
Belgium,2005,84.7702764159642
Benin,2005,9.59704163086927
Burkina Faso,2005,20.8297936237535
Bangladesh,2005,35.2592868758186
Bulgaria,2005,85.7391466972129
Bahrain,2005,95.9510101538784
"Bahamas, The",2005,84.6215082637263
Bosnia and Herzegovina,2005,73.5226629901091
Belarus,2005,95.7087025918837
Belize,2005,69.3670778301636
Bolivia,2005,36.9393402282525
Brazil,2005,63.3268125181881
Barbados,2005,84.6313964858218
Brunei Darussalam,2005,93.3413957035113
Bhutan,2005,28.5854177252674
Botswana,2005,73.6058857513245
Central African Republic,2005,5.60595112371
Canada,2005,84.3897257771436
Central Europe and the Baltics,2005,77.2411905852315
Switzerland,2005,83.9794143408043
Channel Islands,2005,83.2812063669366
Chile,2005,75.694670035421
China,2005,42.3670557724239
Cote d'Ivoire,2005,18.4609591359812
Cameroon,2005,18.7655627506718
"Congo, Dem. Rep.",2005,10.3440906300523
"Congo, Rep.",2005,21.8232941690738
Colombia,2005,51.0566994098344
Comoros,2005,30.3742894824116
Cabo Verde,2005,50.6399410816298
Costa Rica,2005,74.9855639758599
Caribbean small states,2005,74.5356515850138
Cuba,2005,86.1153993693921
Cyprus,2005,76.7773686161383
Czechia,2005,83.9801458624532
Germany,2005,87.7424983527604
Djibouti,2005,44.8823697348014
Denmark,2005,91.0934212140968
Dominican Republic,2005,53.7624355114727
Algeria,2005,66.7848016351733
East Asia & Pacific (excluding high income),2005,40.7807940819628
Early-demographic dividend,2005,32.6802309068588
East Asia & Pacific,2005,44.9146938666779
Europe & Central Asia (excluding high income),2005,63.23716455567
Europe & Central Asia,2005,80.6112351675966
Ecuador,2005,53.4084073739745
"Egypt, Arab Rep.",2005,60.0001003917026
Euro area,2005,83.1489195333504
Eritrea,2005,23.0632050322394
Spain,2005,81.8658318107992
Estonia,2005,92.4032582611195
Ethiopia,2005,8.76767474278217
European Union,2005,82.0118199190841
Fragile and conflict affected situations,2005,24.8573307242041
Finland,2005,87.5386530546116
Fiji,2005,61.6188758420142
France,2005,89.1164105513036
Gabon,2005,62.7621711300683
United Kingdom,2005,87.0213800696208
Georgia,2005,34.5079255136122
Ghana,2005,20.2988303920433
Guinea,2005,8.10857140955101
"Gambia, The",2005,23.7812054920121
Guinea-Bissau,2005,21.1837050029232
Equatorial Guinea,2005,18.7643101427402
Greece,2005,63.9982459225694
Guatemala,2005,49.8134178920422
Guam,2005,88.0725465537357
Guyana,2005,61.7777813800622
High income,2005,86.3007695459351
"Hong Kong SAR, China",2005,87.7716319883112
Honduras,2005,47.6962403947249
Heavily indebted poor countries (HIPC),2005,16.7511891587736
Croatia,2005,78.6568115508341
Haiti,2005,24.2425278135538
Hungary,2005,86.3063857021976
IBRD only,2005,42.5115901612741
IDA & IBRD total,2005,38.8673468215723
IDA total,2005,24.3796081606831
IDA blend,2005,26.8722599147779
Indonesia,2005,38.1958030677276
IDA only,2005,23.1008601033981
India,2005,15.7051894624633
Ireland,2005,82.638614443547
"Iran, Islamic Rep.",2005,52.2888564274158
Iraq,2005,65.4235149240151
Iceland,2005,84.8122126301961
Israel,2005,88.0337879073314
Italy,2005,73.4471986507172
Jamaica,2005,62.2252886357092
Jordan,2005,84.8381217467102
Japan,2005,85.674357682626
Kazakhstan,2005,64.3624381150344
Kenya,2005,33.6158536430338
Kyrgyz Republic,2005,61.1155798463234
Cambodia,2005,26.143375148886
"Korea, Rep.",2005,66.1196264888239
Kuwait,2005,97.3281412960691
Latin America & Caribbean (excluding high income),2005,60.2270762018417
Lao PDR,2005,13.8566246989292
Lebanon,2005,62.7926910682348
Liberia,2005,18.8341993092934
Libya,2005,88.9412347803685
St. Lucia,2005,67.8090906199307
Latin America & Caribbean,2005,61.111120394902
Least developed countries: UN classification,2005,20.7067594236636
Low income,2005,16.8653787944941
Sri Lanka,2005,59.2927635180336
Lower middle income,2005,24.0101586584469
Low & middle income,2005,36.3557554325544
Lesotho,2005,60.0256471505261
Late-demographic dividend,2005,48.7751011108793
Lithuania,2005,82.8403265402537
Luxembourg,2005,91.9800060799059
Latvia,2005,85.5622254356142
"Macao SAR, China",2005,89.64223763233
Morocco,2005,51.3179773511861
Moldova,2005,55.2653043573317
Madagascar,2005,13.2426681483786
Maldives,2005,66.424382913102
Middle East & North Africa,2005,64.0228557261755
Mexico,2005,64.4108683618299
Middle income,2005,37.9151959083172
North Macedonia,2005,71.8291227227402
Mali,2005,16.3334500858899
Malta,2005,85.3588250877114
Myanmar,2005,22.505219808489
Middle East & North Africa (excluding high income),2005,58.6420324074373
Montenegro,2005,83.1398093080336
Mongolia,2005,38.1410295118132
Mozambique,2005,9.68465851423542
Mauritania,2005,40.7058894131591
Mauritius,2005,80.6716135648471
Malawi,2005,35.4882984497952
Malaysia,2005,70.5399249562616
North America,2005,91.6999000465975
Namibia,2005,67.1376345253233
New Caledonia,2005,84.8325632106329
Niger,2005,10.5811863391252
Nigeria,2005,11.2920017434854
Nicaragua,2005,50.0298476983912
Netherlands,2005,86.3036669463997
Norway,2005,92.4236843433069
Nepal,2005,16.3263044145563
New Zealand,2005,78.0375317990325
OECD members,2005,81.9137159052202
Oman,2005,92.8194331875629
Other small states,2005,69.7813960264368
Pakistan,2005,41.3370671989314
Panama,2005,63.3924446217289
Peru,2005,41.2438300977973
Philippines,2005,50.0999090791171
Papua New Guinea,2005,18.209865810531
Poland,2005,74.2473675056864
Pre-demographic dividend,2005,17.2532547960517
Puerto Rico,2005,85.4400107301192
"Korea, Dem. People's Rep.",2005,11.2272517106107
Portugal,2005,74.1881623152294
Paraguay,2005,47.0712056822532
West Bank and Gaza,2005,58.8330784808034
Pacific island small states,2005,43.8442245499593
Post-demographic dividend,2005,85.9351038037722
French Polynesia,2005,80.6454045900226
Qatar,2005,98.9754043500377
Romania,2005,64.6072807483648
Russian Federation,2005,94.6679714477335
Rwanda,2005,51.8648665708375
South Asia,2005,20.5563541723614
Saudi Arabia,2005,95.6668952518479
Sudan,2005,36.3540478917367
Senegal,2005,32.5977796908124
Singapore,2005,84.665491192683
Solomon Islands,2005,24.879896920412
Sierra Leone,2005,9.25139515179921
El Salvador,2005,56.9235110588203
Somalia,2005,45.0820253827168
Serbia,2005,63.4723531491192
Sub-Saharan Africa (excluding high income),2005,20.0099117438675
South Sudan,2005,16.3523781887562
Sub-Saharan Africa,2005,20.0099117438675
Small states,2005,67.204597673065
Sao Tome and Principe,2005,52.3736193712829
Suriname,2005,80.683592549333
Slovak Republic,2005,86.9784892401257
Slovenia,2005,82.8684201937422
Sweden,2005,89.4195922130186
Eswatini,2005,62.5747242913706
Syrian Arab Republic,2005,54.3221475986312
Chad,2005,6.81353747775349
East Asia & Pacific (IDA & IBRD countries),2005,41.2280479770744
Europe & Central Asia (IDA & IBRD countries),2005,76.7128862166178
Togo,2005,14.0177996443865
Thailand,2005,43.7940733306358
Tajikistan,2005,65.8294822008422
Turkmenistan,2005,59.6304591952577
Latin America & the Caribbean (IDA & IBRD countries),2005,60.411260472252
Timor-Leste,2005,15.6359200718358
Middle East & North Africa (IDA & IBRD countries),2005,58.6407502883833
Tonga,2005,45.1665756417258
South Asia (IDA & IBRD),2005,20.5563541723614
Sub-Saharan Africa (IDA & IBRD countries),2005,20.0099117438675
Trinidad and Tobago,2005,79.7644228903977
Tunisia,2005,69.0627649019776
Turkiye,2005,56.7376398001554
Tanzania,2005,11.064617135114
Uganda,2005,18.0615405614423
Ukraine,2005,80.1962247351714
Upper middle income,2005,47.9500241443546
Uruguay,2005,71.3674840206001
United States,2005,92.5302946056083
Uzbekistan,2005,48.3701668090586
St. Vincent and the Grenadines,2005,74.4394403986202
"Venezuela, RB",2005,63.4537694722462
Virgin Islands (U.S.),2005,89.4184606695197
Viet Nam,2005,27.446900803815
Vanuatu,2005,24.1221288515406
World,2005,46.9907001976732
Samoa,2005,49.9293975255514
"Yemen, Rep.",2005,52.1845357572689
South Africa,2005,82.4649681825059
Zambia,2005,16.9999961320717
Zimbabwe,2005,26.5390866448288
Africa Eastern and Southern,2006,24.4949051994576
Afghanistan,2006,8.25625448466931
Africa Western and Central,2006,14.3604841552528
Angola,2006,26.3976097627333
Albania,2006,40.6434358015191
Arab World,2006,64.2420817377896
United Arab Emirates,2006,96.6314860903426
Argentina,2006,75.6476956703151
Armenia,2006,34.165982050733
Australia,2006,84.0483740431448
Austria,2006,81.9816866915888
Azerbaijan,2006,32.1567588492717
Burundi,2006,12.2091435110562
Belgium,2006,84.9214489283204
Benin,2006,9.63658308332609
Burkina Faso,2006,21.0877158146095
Bangladesh,2006,35.5718088736286
Bulgaria,2006,86.8644048851619
Bahrain,2006,95.9136445062929
"Bahamas, The",2006,85.2511236942191
Bosnia and Herzegovina,2006,72.514374442192
Belarus,2006,95.8017427074807
Belize,2006,69.5300865365265
Bolivia,2006,36.8766698192139
Brazil,2006,64.1027011265843
Barbados,2006,84.6721485839196
Brunei Darussalam,2006,93.1863493803122
Bhutan,2006,29.05764563703
Botswana,2006,72.9425588949088
Central African Republic,2006,5.64574395343068
Canada,2006,84.6764051145271
Central Europe and the Baltics,2006,78.2241772655358
Switzerland,2006,84.0793770693659
Channel Islands,2006,83.4379613405262
Chile,2006,76.7434601787486
China,2006,43.4564806735805
Cote d'Ivoire,2006,18.6699727860216
Cameroon,2006,18.543634640186
"Congo, Dem. Rep.",2006,11.1326006921787
"Congo, Rep.",2006,22.0559944217268
Colombia,2006,50.153290182058
Comoros,2006,31.8012201622934
Cabo Verde,2006,51.103673289355
Costa Rica,2006,74.2246902320201
Caribbean small states,2006,74.6972202395896
Cuba,2006,87.3974596535757
Cyprus,2006,78.5109508936824
Czechia,2006,83.8597732806138
Germany,2006,87.5841189021806
Djibouti,2006,44.9232719206917
Denmark,2006,90.9440996696641
Dominican Republic,2006,54.3783098085213
Algeria,2006,67.2771246550584
East Asia & Pacific (excluding high income),2006,41.7638373471354
Early-demographic dividend,2006,33.1715236201806
East Asia & Pacific,2006,45.8600028759548
Europe & Central Asia (excluding high income),2006,63.8623814244281
Europe & Central Asia,2006,80.7917188414629
Ecuador,2006,53.3819852714609
"Egypt, Arab Rep.",2006,61.8047879347678
Euro area,2006,83.1314353095007
Eritrea,2006,23.0127044564068
Spain,2006,82.1423986882405
Estonia,2006,92.2676119203815
Ethiopia,2006,9.06533221372313
European Union,2006,82.2121867027705
Fragile and conflict affected situations,2006,25.1881398125589
Finland,2006,86.9454935124413
Fiji,2006,60.2867615607623
France,2006,88.6261955466771
Gabon,2006,63.4535575003671
United Kingdom,2006,86.7896360019043
Georgia,2006,34.597530717016
Ghana,2006,20.5041315640446
Guinea,2006,8.52890219191462
"Gambia, The",2006,23.6399734944921
Guinea-Bissau,2006,21.3181875531642
Equatorial Guinea,2006,19.4691863632746
Greece,2006,63.9616220983585
Guatemala,2006,51.6403766835646
Guam,2006,88.0935214749202
Guyana,2006,61.572353795655
High income,2006,86.5014280834154
"Hong Kong SAR, China",2006,87.7881731644048
Honduras,2006,48.0002917618312
Heavily indebted poor countries (HIPC),2006,16.9848665446303
Croatia,2006,79.6144491380349
Haiti,2006,24.428371653478
Hungary,2006,87.2853763713093
IBRD only,2006,43.2865062270307
IDA & IBRD total,2006,39.4418195902289
IDA total,2006,24.3300566301007
IDA blend,2006,26.1606706914424
Indonesia,2006,38.7413728987518
IDA only,2006,23.3906743917744
India,2006,15.8771912388543
Ireland,2006,83.7623539312872
"Iran, Islamic Rep.",2006,52.610715940978
Iraq,2006,65.2371856792978
Iceland,2006,85.0789725141926
Israel,2006,88.1112990352714
Italy,2006,73.7255164510494
Jamaica,2006,61.4025638075715
Jordan,2006,85.0224199984685
Japan,2006,86.4562862893028
Kazakhstan,2006,64.9378679528713
Kenya,2006,33.7710150330942
Kyrgyz Republic,2006,61.2012280855492
Cambodia,2006,28.8325904591478
"Korea, Rep.",2006,66.9680862798113
Kuwait,2006,98.0052239769712
Latin America & Caribbean (excluding high income),2006,60.8777917777681
Lao PDR,2006,14.2653620872287
Lebanon,2006,62.7224993494656
Liberia,2006,18.6871606072094
Libya,2006,89.0506873452505
St. Lucia,2006,68.4119461370646
Latin America & Caribbean,2006,61.7748073166734
Least developed countries: UN classification,2006,21.1068088962479
Low income,2006,17.1844825718608
Sri Lanka,2006,55.5887062114114
Lower middle income,2006,24.284107926842
Low & middle income,2006,36.9463662315533
Lesotho,2006,60.1820740115379
Late-demographic dividend,2006,49.6484558568406
Lithuania,2006,83.0111621161814
Luxembourg,2006,92.1476111767793
Latvia,2006,85.9406176364967
"Macao SAR, China",2006,90.6828789176735
Morocco,2006,52.2017156748127
Moldova,2006,51.6966196340148
Madagascar,2006,12.354948236295
Maldives,2006,67.501692620176
Middle East & North Africa,2006,64.8504470908324
Mexico,2006,65.2666867602616
Middle income,2006,38.5449966299999
North Macedonia,2006,71.9322501975798
Mali,2006,16.532205067147
Malta,2006,85.3543547555878
Myanmar,2006,23.705278045413
Middle East & North Africa (excluding high income),2006,59.410865058913
Montenegro,2006,83.3580729308783
Mongolia,2006,37.5160294843412
Mozambique,2006,10.1782440411184
Mauritania,2006,41.5131494058721
Mauritius,2006,80.7675801134319
Malawi,2006,35.7792471247231
Malaysia,2006,70.6604032243324
North America,2006,91.7898634600662
Namibia,2006,67.5528011396375
New Caledonia,2006,85.3786457012427
Niger,2006,10.5797830662088
Nigeria,2006,11.5094176994463
Nicaragua,2006,50.2009608247807
Netherlands,2006,85.9269493369758
Norway,2006,91.345033368373
Nepal,2006,16.5313990083165
New Zealand,2006,78.432785322583
OECD members,2006,82.1916695948664
Oman,2006,93.5457467706411
Other small states,2006,70.4305763090558
Pakistan,2006,38.6690334811302
Panama,2006,62.9658873202101
Peru,2006,42.717526081135
Philippines,2006,50.7061877938756
Papua New Guinea,2006,18.3446978306437
Poland,2006,75.5704640402011
Pre-demographic dividend,2006,17.4863476359531
Puerto Rico,2006,84.8364195107727
"Korea, Dem. People's Rep.",2006,11.3219156673197
Portugal,2006,75.3139169640714
Paraguay,2006,47.3677850531629
West Bank and Gaza,2006,58.4873851602911
Pacific island small states,2006,43.4884929467704
Post-demographic dividend,2006,86.1230760787113
French Polynesia,2006,81.3341104164459
Qatar,2006,99.0491624976179
Romania,2006,66.1384331421408
Russian Federation,2006,94.5114815686237
Rwanda,2006,52.2850972973725
South Asia,2006,20.4774679391489
Saudi Arabia,2006,95.8737080298315
Sudan,2006,36.9869746358899
Senegal,2006,32.7210863069631
Singapore,2006,84.9009419916061
Solomon Islands,2006,25.2370996069248
Sierra Leone,2006,9.40290020339129
El Salvador,2006,59.0375599956598
Somalia,2006,45.1342226572207
Serbia,2006,64.305242455894
Sub-Saharan Africa (excluding high income),2006,20.2023669269319
South Sudan,2006,16.7358205477713
Sub-Saharan Africa,2006,20.2023669269319
Small states,2006,67.6779563554391
Sao Tome and Principe,2006,52.7570093457944
Suriname,2006,80.5976143379488
Slovak Republic,2006,86.4839910453411
Slovenia,2006,82.6694427474889
Sweden,2006,89.297359485104
Eswatini,2006,62.6671237572849
Syrian Arab Republic,2006,55.5017015793525
Chad,2006,7.21188584939783
East Asia & Pacific (IDA & IBRD countries),2006,42.2240919008608
Europe & Central Asia (IDA & IBRD countries),2006,77.1243900433902
Togo,2006,13.8173490358632
Thailand,2006,43.7593029838069
Tajikistan,2006,66.2976038862289
Turkmenistan,2006,60.1398208988725
Latin America & the Caribbean (IDA & IBRD countries),2006,61.0830109212786
Timor-Leste,2006,15.9051711691373
Middle East & North Africa (IDA & IBRD countries),2006,59.4171433508832
Tonga,2006,44.9011432414257
South Asia (IDA & IBRD),2006,20.4774679391489
Sub-Saharan Africa (IDA & IBRD countries),2006,20.2023669269319
Trinidad and Tobago,2006,79.8600929101096
Tunisia,2006,68.2405123006994
Turkiye,2006,58.9050619406534
Tanzania,2006,11.3246897205446
Uganda,2006,18.4092421650713
Ukraine,2006,80.3584818006606
Upper middle income,2006,48.8533408861369
Uruguay,2006,70.2177509257678
United States,2006,92.5975562749926
Uzbekistan,2006,48.69841816535
St. Vincent and the Grenadines,2006,74.5990443298481
"Venezuela, RB",2006,64.5745390736095
Virgin Islands (U.S.),2006,89.3922557483546
Viet Nam,2006,29.2210045027598
Vanuatu,2006,24.5912843489298
World,2006,47.5102201087605
Samoa,2006,50.1554560042792
"Yemen, Rep.",2006,52.2394743115843
South Africa,2006,82.0058763320867
Zambia,2006,17.2768787053357
Zimbabwe,2006,27.6396359800562
Africa Eastern and Southern,2007,24.9110844017695
Afghanistan,2007,8.53537686399464
Africa Western and Central,2007,14.5535789749143
Angola,2007,27.4561463473733
Albania,2007,41.9039782621175
Arab World,2007,63.8564595551824
United Arab Emirates,2007,96.2493359649378
Argentina,2007,76.3567752731042
Armenia,2007,34.4971119947735
Australia,2007,85.7511777260872
Austria,2007,81.3366677916719
Azerbaijan,2007,32.5913272482725
Burundi,2007,12.1456885453836
Belgium,2007,85.1729325161326
Benin,2007,9.70343759202698
Burkina Faso,2007,21.3062550517579
Bangladesh,2007,36.0596143128945
Bulgaria,2007,87.5887530911427
Bahrain,2007,96.1072951961915
"Bahamas, The",2007,85.3601115760112
Bosnia and Herzegovina,2007,73.0056806152553
Belarus,2007,95.8892849015348
Belize,2007,69.5382078591903
Bolivia,2007,39.5361334591692
Brazil,2007,65.2463459341701
Barbados,2007,84.3725732692916
Brunei Darussalam,2007,92.923449173485
Bhutan,2007,29.5738558729444
Botswana,2007,72.2949484105494
Central African Republic,2007,5.7048978786243
Canada,2007,84.6223830950014
Central Europe and the Baltics,2007,78.7555691268971
Switzerland,2007,83.851104798269
Channel Islands,2007,83.5983218150466
Chile,2007,76.7427228022444
China,2007,44.6197328351628
Cote d'Ivoire,2007,18.8930823796581
Cameroon,2007,18.3129085715931
"Congo, Dem. Rep.",2007,12.0415677260075
"Congo, Rep.",2007,22.069093019555
Colombia,2007,54.2747251201414
Comoros,2007,33.0468683304402
Cabo Verde,2007,51.6956681770298
Costa Rica,2007,76.6021298371516
Caribbean small states,2007,74.7691939346717
Cuba,2007,88.0908945437802
Cyprus,2007,79.6552910339773
Czechia,2007,83.8255464423255
Germany,2007,88.1496436872531
Djibouti,2007,45.1978938388904
Denmark,2007,90.9881147106473
Dominican Republic,2007,55.1023499167262
Algeria,2007,67.4664388087032
East Asia & Pacific (excluding high income),2007,42.6043142778424
Early-demographic dividend,2007,33.5789963129712
East Asia & Pacific,2007,46.6736010324865
Europe & Central Asia (excluding high income),2007,64.5398875149764
Europe & Central Asia,2007,81.1109376084103
Ecuador,2007,54.3793080376365
"Egypt, Arab Rep.",2007,58.5307351487205
Euro area,2007,83.4733976811433
Eritrea,2007,23.0315619439863
Spain,2007,82.4010748321464
Estonia,2007,92.1466762961929
Ethiopia,2007,9.40519874160171
European Union,2007,82.5789566126986
Fragile and conflict affected situations,2007,25.4773198106385
Finland,2007,86.9500760653854
Fiji,2007,59.1202094108015
France,2007,88.999970401452
Gabon,2007,64.2762364611909
United Kingdom,2007,86.6289322944357
Georgia,2007,36.697557141184
Ghana,2007,21.1179698146407
Guinea,2007,9.03864769356567
"Gambia, The",2007,23.7075952298252
Guinea-Bissau,2007,21.5039143791497
Equatorial Guinea,2007,19.9211350031185
Greece,2007,64.6625858468521
Guatemala,2007,52.0037968986065
Guam,2007,88.1075027995521
Guyana,2007,61.792269971505
High income,2007,86.7694128339835
"Hong Kong SAR, China",2007,88.7023106163392
Honduras,2007,49.2364776486309
Heavily indebted poor countries (HIPC),2007,17.326767494658
Croatia,2007,80.0987652899035
Haiti,2007,24.5091204427178
Hungary,2007,87.5338264959098
IBRD only,2007,44.0041592619564
IDA & IBRD total,2007,40.0417964322129
IDA total,2007,24.637616001642
IDA blend,2007,26.2615629356508
Indonesia,2007,38.4453907676857
IDA only,2007,23.7988470358516
India,2007,16.0382501636716
Ireland,2007,83.7420517369104
"Iran, Islamic Rep.",2007,52.8403284553755
Iraq,2007,65.2032042230321
Iceland,2007,85.396230693235
Israel,2007,88.1843259560933
Italy,2007,74.0158638919055
Jamaica,2007,63.3216026711761
Jordan,2007,85.1908288381637
Japan,2007,86.8748813598236
Kazakhstan,2007,65.5791324611113
Kenya,2007,34.0501824635748
Kyrgyz Republic,2007,61.3273379131173
Cambodia,2007,31.5973919207267
"Korea, Rep.",2007,67.9271142538525
Kuwait,2007,98.405629279544
Latin America & Caribbean (excluding high income),2007,61.9881110385218
Lao PDR,2007,14.5150608386021
Lebanon,2007,62.4710928946733
Liberia,2007,18.735887057053
Libya,2007,88.9910672838198
St. Lucia,2007,68.6206648955267
Latin America & Caribbean,2007,62.8558102116571
Least developed countries: UN classification,2007,21.557888232069
Low income,2007,17.4450879458045
Sri Lanka,2007,56.4713578581199
Lower middle income,2007,24.6751432092715
Low & middle income,2007,37.5380719056398
Lesotho,2007,60.2524350683561
Late-demographic dividend,2007,50.658710152851
Lithuania,2007,85.4311544292231
Luxembourg,2007,92.7712571414912
Latvia,2007,85.9343518904792
"Macao SAR, China",2007,91.3751663452921
Morocco,2007,52.7276568233616
Moldova,2007,49.5744422930849
Madagascar,2007,11.499378216719
Maldives,2007,68.3582691232924
Middle East & North Africa,2007,64.5026260319992
Mexico,2007,65.569980009043
Middle income,2007,39.1821207994097
North Macedonia,2007,72.6379668975554
Mali,2007,16.6339904046413
Malta,2007,84.9916225122571
Myanmar,2007,25.0474425856131
Middle East & North Africa (excluding high income),2007,58.6686996652046
Montenegro,2007,83.6767728022327
Mongolia,2007,37.4635561403697
Mozambique,2007,10.5972720991079
Mauritania,2007,41.5984847286361
Mauritius,2007,79.7020063017962
Malawi,2007,36.1048922018474
Malaysia,2007,70.8049719061502
North America,2007,91.9394654201889
Namibia,2007,67.4683671695593
New Caledonia,2007,85.927606741907
Niger,2007,10.5492344382612
Nigeria,2007,11.720933583473
Nicaragua,2007,50.4471190489193
Netherlands,2007,85.7702401742749
Norway,2007,92.0308634562267
Nepal,2007,16.7571477425656
New Zealand,2007,78.9430236196377
OECD members,2007,82.6565929344469
Oman,2007,94.1237276707744
Other small states,2007,70.8511435220842
Pakistan,2007,38.4932680368382
Panama,2007,65.3198516538287
Peru,2007,43.7792162788768
Philippines,2007,51.7149550004661
Papua New Guinea,2007,18.4879451981596
Poland,2007,76.5432291293643
Pre-demographic dividend,2007,17.7391041091157
Puerto Rico,2007,84.6091838344761
"Korea, Dem. People's Rep.",2007,11.3817071859309
Portugal,2007,75.2217051437479
Paraguay,2007,49.0051628168382
West Bank and Gaza,2007,59.2481389216672
Pacific island small states,2007,43.348224668275
Post-demographic dividend,2007,86.4187029611013
French Polynesia,2007,81.9620947110113
Qatar,2007,99.1354644867971
Romania,2007,66.257029315326
Russian Federation,2007,94.3043735117699
Rwanda,2007,52.4479453481969
South Asia,2007,20.7147280192937
Saudi Arabia,2007,96.0530461336103
Sudan,2007,38.1669758492315
Senegal,2007,32.8127713509534
Singapore,2007,84.621764449147
Solomon Islands,2007,25.6215231625068
Sierra Leone,2007,9.59790854493731
El Salvador,2007,58.5475460358028
Somalia,2007,45.2382228613359
Serbia,2007,65.348913399585
Sub-Saharan Africa (excluding high income),2007,20.5257110477374
South Sudan,2007,17.1547796300465
Sub-Saharan Africa,2007,20.5257110477374
Small states,2007,67.9971688148999
Sao Tome and Principe,2007,53.1415061119775
Suriname,2007,80.456355587783
Slovak Republic,2007,85.8932838162677
Slovenia,2007,82.8272702100181
Sweden,2007,89.4021525667377
Eswatini,2007,62.8648014469846
Syrian Arab Republic,2007,53.7403968310733
Chad,2007,7.47176847161692
East Asia & Pacific (IDA & IBRD countries),2007,43.0755041340108
Europe & Central Asia (IDA & IBRD countries),2007,77.5483829472563
Togo,2007,13.6385168746452
Thailand,2007,40.9047768436331
Tajikistan,2007,66.7426815795645
Turkmenistan,2007,61.3037567250375
Latin America & the Caribbean (IDA & IBRD countries),2007,62.1920606232862
Timor-Leste,2007,16.1788323324828
Middle East & North Africa (IDA & IBRD countries),2007,58.6645640299048
Tonga,2007,45.1498454508803
South Asia (IDA & IBRD),2007,20.7147280192937
Sub-Saharan Africa (IDA & IBRD countries),2007,20.5257110477374
Trinidad and Tobago,2007,79.3173666619957
Tunisia,2007,69.8563997007741
Turkiye,2007,60.4620790390751
Tanzania,2007,11.5401428194712
Uganda,2007,18.8298858557853
Ukraine,2007,80.45462855727
Upper middle income,2007,49.7094682025425
Uruguay,2007,70.1228854013617
United States,2007,92.7803521164486
Uzbekistan,2007,48.98099089491
St. Vincent and the Grenadines,2007,75.1055149127743
"Venezuela, RB",2007,65.9586021700259
Virgin Islands (U.S.),2007,89.4036533327728
Viet Nam,2007,30.7636790786537
Vanuatu,2007,25.5007322536182
World,2007,48.0520532107742
Samoa,2007,50.6454125171917
"Yemen, Rep.",2007,52.1727756770222
South Africa,2007,83.8973884404363
Zambia,2007,17.5565849789377
Zimbabwe,2007,26.7782370653901
Africa Eastern and Southern,2008,25.2072419720162
Afghanistan,2008,8.90380832676972
Africa Western and Central,2008,14.8384103889912
Angola,2008,28.1092925859147
Albania,2008,39.8292277538368
Arab World,2008,65.4025489610905
United Arab Emirates,2008,95.8155708975906
Argentina,2008,76.3171815673304
Armenia,2008,34.754537988368
Australia,2008,86.2649115119126
Austria,2008,81.5872370189947
Azerbaijan,2008,32.5061205811692
Burundi,2008,12.1164379453367
Belgium,2008,85.7750056118591
Benin,2008,9.78480565390322
Burkina Faso,2008,21.7565138184758
Bangladesh,2008,36.5777361256546
Bulgaria,2008,87.7203766037368
Bahrain,2008,96.1812054798992
"Bahamas, The",2008,85.7925089473713
Bosnia and Herzegovina,2008,72.4847964720346
Belarus,2008,96.0409974026862
Belize,2008,69.4995035487074
Bolivia,2008,39.1890817605357
Brazil,2008,66.279493566828
Barbados,2008,84.2532865780625
Brunei Darussalam,2008,92.8020012677714
Bhutan,2008,29.9165133720108
Botswana,2008,71.1859966839033
Central African Republic,2008,5.7404708905406
Canada,2008,84.6120429475541
Central Europe and the Baltics,2008,79.3208416529305
Switzerland,2008,84.1217951426546
Channel Islands,2008,83.7199324233729
Chile,2008,76.1744515185762
China,2008,45.7605847258081
Cote d'Ivoire,2008,19.2259580342071
Cameroon,2008,18.9786718315417
"Congo, Dem. Rep.",2008,13.0546602298964
"Congo, Rep.",2008,22.4759857746065
Colombia,2008,49.5629266219049
Comoros,2008,34.3116481894112
Cabo Verde,2008,52.491367779264
Costa Rica,2008,76.3923707781655
Caribbean small states,2008,74.9146545228076
Cuba,2008,87.8319467469721
Cyprus,2008,80.053799154689
Czechia,2008,83.877837680854
Germany,2008,88.5367313896156
Djibouti,2008,45.5082818631143
Denmark,2008,90.8300955432103
Dominican Republic,2008,52.8749800944145
Algeria,2008,67.5071762185768
East Asia & Pacific (excluding high income),2008,43.631797840031
Early-demographic dividend,2008,33.9704765113873
East Asia & Pacific,2008,47.6297240138041
Europe & Central Asia (excluding high income),2008,64.88224416516
Europe & Central Asia,2008,81.3201357357414
Ecuador,2008,54.9129265419836
"Egypt, Arab Rep.",2008,60.0138556069531
Euro area,2008,83.8106659907354
Eritrea,2008,22.7175207595858
Spain,2008,82.2069899544745
Estonia,2008,92.0148081055533
Ethiopia,2008,9.80283258916591
European Union,2008,82.940233960477
Fragile and conflict affected situations,2008,25.8917715755689
Finland,2008,87.6619044884467
Fiji,2008,57.3900385376991
France,2008,89.3804433735455
Gabon,2008,65.3482427952183
United Kingdom,2008,86.6622955503685
Georgia,2008,38.9557077054172
Ghana,2008,21.7953000979817
Guinea,2008,9.60980554951998
"Gambia, The",2008,23.7843123559405
Guinea-Bissau,2008,21.7899561001495
Equatorial Guinea,2008,20.4820178574398
Greece,2008,64.9877977512842
Guatemala,2008,52.3989901288555
Guam,2008,88.1121368155742
Guyana,2008,62.1380961677138
High income,2008,87.0030474141329
"Hong Kong SAR, China",2008,88.8314025132668
Honduras,2008,49.4693900238982
Heavily indebted poor countries (HIPC),2008,17.695911129759
Croatia,2008,80.4775624995061
Haiti,2008,24.5945432483116
Hungary,2008,87.7894151106412
IBRD only,2008,44.7185717958472
IDA & IBRD total,2008,40.6185073882982
IDA total,2008,24.9019369630512
IDA blend,2008,26.0221607042337
Indonesia,2008,38.56853270613
IDA only,2008,24.3205457262175
India,2008,16.1727481154738
Ireland,2008,83.2392847781741
"Iran, Islamic Rep.",2008,54.0300422784717
Iraq,2008,66.1262109889816
Iceland,2008,85.8850530230958
Israel,2008,88.1521399509931
Italy,2008,74.693925446721
Jamaica,2008,61.3354246749853
Jordan,2008,85.3882985796154
Japan,2008,87.1989014251781
Kazakhstan,2008,66.5143684835624
Kenya,2008,34.264913261618
Kyrgyz Republic,2008,61.7522048500044
Cambodia,2008,34.4310328974631
"Korea, Rep.",2008,68.6269936515155
Kuwait,2008,98.7382287647397
Latin America & Caribbean (excluding high income),2008,62.2023139689134
Lao PDR,2008,14.8154170422759
Lebanon,2008,63.9306793195232
Liberia,2008,18.8596239668362
Libya,2008,89.0581995897403
St. Lucia,2008,68.9434807867873
Latin America & Caribbean,2008,63.0419571685721
Least developed countries: UN classification,2008,22.0265121220147
Low income,2008,18.0070722789223
Sri Lanka,2008,56.0000040917561
Lower middle income,2008,25.0034576535525
Low & middle income,2008,38.1394235904993
Lesotho,2008,60.3514828093387
Late-demographic dividend,2008,51.6362213884614
Lithuania,2008,88.3206185719134
Luxembourg,2008,93.4984373744108
Latvia,2008,86.183435183198
"Macao SAR, China",2008,92.5672159583695
Morocco,2008,53.7575319183067
Moldova,2008,49.5472052435331
Madagascar,2008,10.8295069203456
Maldives,2008,69.0027048863597
Middle East & North Africa,2008,66.1409577899851
Mexico,2008,66.3979692798512
Middle income,2008,39.8102906453703
North Macedonia,2008,72.1455984147644
Mali,2008,16.7430012135795
Malta,2008,85.5121248761993
Myanmar,2008,26.2948249379973
Middle East & North Africa (excluding high income),2008,60.192219400035
Montenegro,2008,83.9614481043516
Mongolia,2008,36.879465856756
Mozambique,2008,11.0459068529066
Mauritania,2008,41.8905275632898
Mauritius,2008,80.2214561515701
Malawi,2008,36.6835359963265
Malaysia,2008,71.0271574114237
North America,2008,92.1071093518746
Namibia,2008,67.5910436351677
New Caledonia,2008,85.2457585193377
Niger,2008,10.490065917347
Nigeria,2008,11.9611356980327
Nicaragua,2008,50.7780655078467
Netherlands,2008,85.5595831414611
Norway,2008,91.900341890595
Nepal,2008,16.9348944534104
New Zealand,2008,79.1091599484589
OECD members,2008,82.7520499061339
Oman,2008,94.819518263252
Other small states,2008,71.2401425388467
Pakistan,2008,37.1565239361437
Panama,2008,70.5339070486652
Peru,2008,44.4737186947559
Philippines,2008,52.0437849370991
Papua New Guinea,2008,18.6336376339118
Poland,2008,77.0794034236731
Pre-demographic dividend,2008,18.1054448222756
Puerto Rico,2008,85.2770735393946
"Korea, Dem. People's Rep.",2008,11.5027071811121
Portugal,2008,75.681541992055
Paraguay,2008,51.9257276762688
West Bank and Gaza,2008,64.564958679683
Pacific island small states,2008,42.935497051651
Post-demographic dividend,2008,86.6582342674822
French Polynesia,2008,82.1828435004528
Qatar,2008,99.229134049431
Romania,2008,67.4222632318068
Russian Federation,2008,94.103654330193
Rwanda,2008,53.0370370857707
South Asia,2008,20.7985221800142
Saudi Arabia,2008,96.3085646909845
Sudan,2008,38.963281552345
Senegal,2008,33.0738034396405
Singapore,2008,84.9198331174665
Solomon Islands,2008,26.09396600715
Sierra Leone,2008,9.75896398981295
El Salvador,2008,58.3992216220345
Somalia,2008,45.3657675342786
Serbia,2008,66.1725414859098
Sub-Saharan Africa (excluding high income),2008,20.8216338732179
South Sudan,2008,17.5904653168467
Sub-Saharan Africa,2008,20.8216338732179
Small states,2008,68.2628337563346
Sao Tome and Principe,2008,52.9124792662699
Suriname,2008,80.3109812032431
Slovak Republic,2008,85.5582897760068
Slovenia,2008,83.4908809112966
Sweden,2008,89.5907405002846
Eswatini,2008,62.9010176059439
Syrian Arab Republic,2008,61.770360216339
Chad,2008,7.70719558855326
East Asia & Pacific (IDA & IBRD countries),2008,44.1181609504169
Europe & Central Asia (IDA & IBRD countries),2008,77.7050839740367
Togo,2008,13.6215585993003
Thailand,2008,43.3091235364638
Tajikistan,2008,66.1233317796961
Turkmenistan,2008,63.6373440130409
Latin America & the Caribbean (IDA & IBRD countries),2008,62.3990170869008
Timor-Leste,2008,16.5352111967354
Middle East & North Africa (IDA & IBRD countries),2008,60.1623296757559
Tonga,2008,45.273204997587
South Asia (IDA & IBRD),2008,20.7985221800142
Sub-Saharan Africa (IDA & IBRD countries),2008,20.8216338732179
Trinidad and Tobago,2008,79.4372157886942
Tunisia,2008,70.0391596642265
Turkiye,2008,60.9924878871195
Tanzania,2008,11.8809440790357
Uganda,2008,19.3258634128149
Ukraine,2008,80.4904640685261
Upper middle income,2008,50.6114300135995
Uruguay,2008,70.503450358636
United States,2008,92.982287737884
Uzbekistan,2008,49.2744396560852
St. Vincent and the Grenadines,2008,75.0903705776721
"Venezuela, RB",2008,65.3711269366329
Virgin Islands (U.S.),2008,89.3560550207486
Viet Nam,2008,32.2309216703863
Vanuatu,2008,26.3220650317425
World,2008,48.5457828205007
Samoa,2008,50.9020639750021
"Yemen, Rep.",2008,52.2752746888109
South Africa,2008,84.1087755976831
Zambia,2008,17.8468544953174
Zimbabwe,2008,26.2833626519052
Africa Eastern and Southern,2009,25.2571212422164
Afghanistan,2009,9.55889093351511
Africa Western and Central,2009,15.0630765661979
Angola,2009,27.6596602041998
Albania,2009,41.709765827637
Arab World,2009,65.7994542112343
United Arab Emirates,2009,95.85334928743
Argentina,2009,75.9565128877783
Armenia,2009,34.594732565609
Australia,2009,85.3503938692713
Austria,2009,81.6222183097191
Azerbaijan,2009,32.4323947928236
Burundi,2009,12.2046455932238
Belgium,2009,85.2009000394021
Benin,2009,9.80140644121643
Burkina Faso,2009,21.8926542925071
Bangladesh,2009,37.1032985023769
Bulgaria,2009,87.6646086225028
Bahrain,2009,96.2710644641394
"Bahamas, The",2009,85.7841603208271
Bosnia and Herzegovina,2009,72.7922291477433
Belarus,2009,96.0295681184345
Belize,2009,68.8916865408314
Bolivia,2009,41.9292833701819
Brazil,2009,66.7844699175706
Barbados,2009,84.0972569311734
Brunei Darussalam,2009,92.2636423002004
Bhutan,2009,30.22341414751
Botswana,2009,69.640531047557
Central African Republic,2009,5.80691471257789
Canada,2009,84.086122904013
Central Europe and the Baltics,2009,79.2049863859086
Switzerland,2009,84.7498612274828
Channel Islands,2009,83.7117088054626
Chile,2009,76.4216093739376
China,2009,46.7408583971354
Cote d'Ivoire,2009,19.6144133291489
Cameroon,2009,19.6027691918996
"Congo, Dem. Rep.",2009,14.0418062828638
"Congo, Rep.",2009,22.5384678269413
Colombia,2009,47.5862778888059
Comoros,2009,35.3957354535598
Cabo Verde,2009,53.2258163196633
Costa Rica,2009,76.2072494797075
Caribbean small states,2009,74.7234750685231
Cuba,2009,88.3428094055588
Cyprus,2009,80.2225968298026
Czechia,2009,83.2334243123394
Germany,2009,88.4690900791985
Djibouti,2009,45.5771282569632
Denmark,2009,90.3385977703949
Dominican Republic,2009,52.6427686919532
Algeria,2009,67.1594034597219
East Asia & Pacific (excluding high income),2009,44.5192201230541
Early-demographic dividend,2009,34.1874703326123
East Asia & Pacific,2009,48.408381392321
Europe & Central Asia (excluding high income),2009,64.5419977712782
Europe & Central Asia,2009,81.0669305272178
Ecuador,2009,54.3446874066077
"Egypt, Arab Rep.",2009,60.5857287220916
Euro area,2009,83.8370811115517
Eritrea,2009,22.3601829676555
Spain,2009,83.097937132093
Estonia,2009,91.5541743060733
Ethiopia,2009,10.2101220626948
European Union,2009,82.9586221414738
Fragile and conflict affected situations,2009,26.0108971993315
Finland,2009,86.5380964203824
Fiji,2009,55.826853575731
France,2009,88.9976855070502
Gabon,2009,65.1392396356383
United Kingdom,2009,86.4006363559117
Georgia,2009,39.5274553729568
Ghana,2009,22.447021476511
Guinea,2009,9.96724096664087
"Gambia, The",2009,23.901555628044
Guinea-Bissau,2009,21.8693560923226
Equatorial Guinea,2009,20.2136015477151
Greece,2009,64.7272506993416
Guatemala,2009,52.6761763765437
Guam,2009,88.1183382416695
Guyana,2009,62.4041602508246
High income,2009,86.952894412478
"Hong Kong SAR, China",2009,88.8107275509159
Honduras,2009,47.3411713070018
Heavily indebted poor countries (HIPC),2009,18.0842229250209
Croatia,2009,80.5705437755291
Haiti,2009,24.7902434105249
Hungary,2009,87.3811707641684
IBRD only,2009,45.1098276082666
IDA & IBRD total,2009,40.9302627105252
IDA total,2009,25.2170577941533
IDA blend,2009,26.1342943548149
Indonesia,2009,38.7256053046461
IDA only,2009,24.7389785201377
India,2009,16.367996826753
Ireland,2009,82.4999664549435
"Iran, Islamic Rep.",2009,54.673140427017
Iraq,2009,66.7519268210401
Iceland,2009,86.0077168798159
Israel,2009,88.1575035287504
Italy,2009,75.1721379196087
Jamaica,2009,58.7979353878867
Jordan,2009,85.4244135218985
Japan,2009,87.5619984962372
Kazakhstan,2009,66.5574313966987
Kenya,2009,34.5392137684996
Kyrgyz Republic,2009,61.4348473871766
Cambodia,2009,37.2942456145731
"Korea, Rep.",2009,69.8536425891534
Kuwait,2009,98.7087412191135
Latin America & Caribbean (excluding high income),2009,61.9980149647462
Lao PDR,2009,15.183493237815
Lebanon,2009,65.1583474778768
Liberia,2009,19.0258710519768
Libya,2009,88.5261464911933
St. Lucia,2009,69.3936813301875
Latin America & Caribbean,2009,62.7800474475873
Least developed countries: UN classification,2009,22.4703584889923
Low income,2009,18.3369398892238
Sri Lanka,2009,57.5833897834344
Lower middle income,2009,25.4374251991628
Low & middle income,2009,38.5620374285798
Lesotho,2009,59.8932503933509
Late-demographic dividend,2009,52.2707853589129
Lithuania,2009,88.0234949591495
Luxembourg,2009,91.4417828647289
Latvia,2009,85.8470881721185
"Macao SAR, China",2009,92.0630419812482
Morocco,2009,54.3301795907608
Moldova,2009,48.0491374157512
Madagascar,2009,10.0685067394519
Maldives,2009,68.7370688554181
Middle East & North Africa,2009,66.6297733061464
Mexico,2009,65.6914910000301
Middle income,2009,40.2716638633317
North Macedonia,2009,72.401127683922
Mali,2009,16.9376043646515
Malta,2009,85.3928902965107
Myanmar,2009,27.4641460994978
Middle East & North Africa (excluding high income),2009,60.5931168211783
Montenegro,2009,84.0511842906077
Mongolia,2009,37.7839249575078
Mozambique,2009,11.4336478263529
Mauritania,2009,41.9048610131709
Mauritius,2009,80.0722288930305
Malawi,2009,36.8640658674383
Malaysia,2009,70.6596384930075
North America,2009,91.9657546673322
Namibia,2009,66.8750162818364
New Caledonia,2009,85.2306816024302
Niger,2009,10.1682565418577
Nigeria,2009,12.1681456462959
Nicaragua,2009,50.8292848712834
Netherlands,2009,85.0702352841061
Norway,2009,91.8414702133498
Nepal,2009,17.1152004903364
New Zealand,2009,79.0851180233515
OECD members,2009,82.4431205665077
Oman,2009,95.2417144695818
Other small states,2009,71.049737803691
Pakistan,2009,36.9386410982552
Panama,2009,64.6738924382157
Peru,2009,44.8623350320166
Philippines,2009,52.9673607840345
Papua New Guinea,2009,18.7687960685823
Poland,2009,77.2625954669753
Pre-demographic dividend,2009,18.4382067719088
Puerto Rico,2009,85.2706748000977
"Korea, Dem. People's Rep.",2009,11.5647875692171
Portugal,2009,75.9709345373187
Paraguay,2009,49.2907306860572
West Bank and Gaza,2009,66.498821090231
Pacific island small states,2009,42.5578934024179
Post-demographic dividend,2009,86.6577327682335
French Polynesia,2009,82.451506312848
Qatar,2009,99.2731420677641
Romania,2009,67.2155068400179
Russian Federation,2009,93.5195768957755
Rwanda,2009,53.435235566013
South Asia,2009,21.0635079831008
Saudi Arabia,2009,96.1818080217849
Sudan,2009,39.7103588320996
Senegal,2009,33.1352644425191
Singapore,2009,85.2466237598904
Solomon Islands,2009,26.6081293616483
Sierra Leone,2009,9.89256652884782
El Salvador,2009,58.0188037712837
Somalia,2009,45.511960717993
Serbia,2009,67.8597483835988
Sub-Saharan Africa (excluding high income),2009,20.9432856065016
South Sudan,2009,17.7823283492459
Sub-Saharan Africa,2009,20.9432856065016
Small states,2009,68.0017001650549
Sao Tome and Principe,2009,53.7061674427445
Suriname,2009,79.9762329174094
Slovak Republic,2009,84.5999151142233
Slovenia,2009,82.1031441522676
Sweden,2009,89.3090581797811
Eswatini,2009,63.0791492507382
Syrian Arab Republic,2009,61.8199069199255
Chad,2009,7.8510806267689
East Asia & Pacific (IDA & IBRD countries),2009,45.0196875837644
Europe & Central Asia (IDA & IBRD countries),2009,77.2479591411446
Togo,2009,13.731182378503
Thailand,2009,44.7164548749723
Tajikistan,2009,64.9502763676112
Turkmenistan,2009,64.4592684657138
Latin America & the Caribbean (IDA & IBRD countries),2009,62.1223091099636
Timor-Leste,2009,16.8956016924137
Middle East & North Africa (IDA & IBRD countries),2009,60.5507420542505
Tonga,2009,45.5108276157804
South Asia (IDA & IBRD),2009,21.0635079831008
Sub-Saharan Africa (IDA & IBRD countries),2009,20.9432856065016
Trinidad and Tobago,2009,79.0162377882782
Tunisia,2009,69.0617085236822
Turkiye,2009,60.0278029681099
Tanzania,2009,12.1411453499982
Uganda,2009,19.6324542326069
Ukraine,2009,80.4385188780802
Upper middle income,2009,51.1947801958796
Uruguay,2009,70.7521768383097
United States,2009,92.9067863873339
Uzbekistan,2009,49.6030958596442
St. Vincent and the Grenadines,2009,74.8640030013131
"Venezuela, RB",2009,64.7476391541442
Virgin Islands (U.S.),2009,89.3031797894377
Viet Nam,2009,33.5897117419678
Vanuatu,2009,27.0369131499725
World,2009,48.619593898607
Samoa,2009,50.9985664950805
"Yemen, Rep.",2009,52.2031477314685
South Africa,2009,84.4759068315683
Zambia,2009,19.2538138588389
Zimbabwe,2009,25.0597410351133
Africa Eastern and Southern,2010,25.1234568877535
Afghanistan,2010,10.0672023855202
Africa Western and Central,2010,15.3963233207881
Angola,2010,28.1425424230944
Albania,2010,43.2984439532634
Arab World,2010,66.6560214865968
United Arab Emirates,2010,95.9623956598208
Argentina,2010,76.4427702954515
Armenia,2010,34.8793195962965
Australia,2010,85.5944543613856
Austria,2010,81.44195684568
Azerbaijan,2010,31.9447483193235
Burundi,2010,12.2456224362088
Belgium,2010,85.6393079438759
Benin,2010,9.85120506400096
Burkina Faso,2010,22.3051338440199
Bangladesh,2010,37.659794043448
Bulgaria,2010,87.2382953410502
Bahrain,2010,97.3571181510773
"Bahamas, The",2010,85.4005684087978
Bosnia and Herzegovina,2010,73.4406748737652
Belarus,2010,96.0734218183816
Belize,2010,68.6042042144645
Bolivia,2010,40.7729426899465
Brazil,2010,67.6106941224671
Barbados,2010,83.7453687612314
Brunei Darussalam,2010,92.061394369441
Bhutan,2010,30.7980409104005
Botswana,2010,69.7090808118971
Central African Republic,2010,5.86917677737653
Canada,2010,84.4626247404895
Central Europe and the Baltics,2010,78.3659841290674
Switzerland,2010,84.2901093857461
Channel Islands,2010,83.7508011108737
Chile,2010,74.8341328450223
China,2010,47.8000036957961
Cote d'Ivoire,2010,20.1065349809789
Cameroon,2010,20.273790120516
"Congo, Dem. Rep.",2010,15.1186024127049
"Congo, Rep.",2010,23.0268425760163
Colombia,2010,46.2501516787878
Comoros,2010,36.7446886493181
Cabo Verde,2010,54.4068752841423
Costa Rica,2010,76.1261869211518
Caribbean small states,2010,74.6610000387961
Cuba,2010,88.1753441376051
Cyprus,2010,81.4441123474911
Czechia,2010,82.2749552090886
Germany,2010,88.7896692870411
Djibouti,2010,45.8072487644152
Denmark,2010,90.8497669711038
Dominican Republic,2010,52.4943058665675
Algeria,2010,67.1124507095175
East Asia & Pacific (excluding high income),2010,45.4703427554294
Early-demographic dividend,2010,34.7115913596495
East Asia & Pacific,2010,49.2962315879704
Europe & Central Asia (excluding high income),2010,64.7523190575851
Europe & Central Asia,2010,80.8781285058388
Ecuador,2010,55.0959894142695
"Egypt, Arab Rep.",2010,62.2048539491183
Euro area,2010,83.8846838293212
Eritrea,2010,22.3810383953721
Spain,2010,83.1350175135044
Estonia,2010,91.489185891553
Ethiopia,2010,10.5201111904365
European Union,2010,82.8060881286575
Fragile and conflict affected situations,2010,26.2767652024273
Finland,2010,86.0827363711042
Fiji,2010,54.5369241627101
France,2010,88.4744734979982
Gabon,2010,65.9195189375588
United Kingdom,2010,85.9961644669149
Georgia,2010,41.1495267590958
Ghana,2010,23.1516455761696
Guinea,2010,10.5329382096822
"Gambia, The",2010,24.2212400940521
Guinea-Bissau,2010,21.9978897330768
Equatorial Guinea,2010,19.7414108416047
Greece,2010,64.3989648603574
Guatemala,2010,53.0341665792288
Guam,2010,88.133417911989
Guyana,2010,62.7602695585065
High income,2010,86.9428572926975
"Hong Kong SAR, China",2010,90.0743263815322
Honduras,2010,44.5686934198257
Heavily indebted poor countries (HIPC),2010,18.3799556276619
Croatia,2010,80.2323113674614
Haiti,2010,24.7833345944517
Hungary,2010,87.6832002555419
IBRD only,2010,45.7339592012794
IDA & IBRD total,2010,41.4372052239909
IDA total,2010,25.5477980239683
IDA blend,2010,26.2671430730485
Indonesia,2010,39.7944611296248
IDA only,2010,25.172269971485
India,2010,16.5749515739007
Ireland,2010,82.7915514339941
"Iran, Islamic Rep.",2010,56.1714439427451
Iraq,2010,67.83223566437
Iceland,2010,86.0376988475781
Israel,2010,88.1554062579061
Italy,2010,74.8853993571373
Jamaica,2010,57.8373208641661
Jordan,2010,85.481339044223
Japan,2010,87.9057370355709
Kazakhstan,2010,67.0055870455978
Kenya,2010,34.8378132419436
Kyrgyz Republic,2010,61.4273529179643
Cambodia,2010,40.221750259181
"Korea, Rep.",2010,70.9112038331071
Kuwait,2010,98.7749930334147
Latin America & Caribbean (excluding high income),2010,62.3274855899051
Lao PDR,2010,15.6577106550272
Lebanon,2010,66.1540826615182
Liberia,2010,19.1400921362661
Libya,2010,88.4598840137828
St. Lucia,2010,69.8691724494213
Latin America & Caribbean,2010,62.9901912094682
Least developed countries: UN classification,2010,22.9946277387683
Low income,2010,18.6414713078258
Sri Lanka,2010,55.547273468864
Lower middle income,2010,25.8854058050595
Low & middle income,2010,39.1281208700269
Lesotho,2010,59.918196098929
Late-demographic dividend,2010,52.9648855836896
Lithuania,2010,89.1247119019647
Luxembourg,2010,91.730930445889
Latvia,2010,86.1428940022987
"Macao SAR, China",2010,92.0514509897877
Morocco,2010,55.000797289159
Moldova,2010,44.295507738114
Madagascar,2010,9.32182784324969
Maldives,2010,71.2342601066683
Middle East & North Africa,2010,67.6446672389061
Mexico,2010,66.6044185846233
Middle income,2010,40.8826853735218
North Macedonia,2010,72.2997267610995
Mali,2010,17.1057028072344
Malta,2010,85.0930717540743
Myanmar,2010,28.5324288478225
Middle East & North Africa (excluding high income),2010,61.6980736097269
Montenegro,2010,83.8661762625548
Mongolia,2010,43.1058831006306
Mozambique,2010,11.8194546679303
Mauritania,2010,42.3497046256487
Mauritius,2010,79.6513193444211
Malawi,2010,37.1260636959832
Malaysia,2010,70.9878801804637
North America,2010,92.034603795912
Namibia,2010,66.5274464016071
New Caledonia,2010,85.7383534229999
Niger,2010,9.8767775723474
Nigeria,2010,12.5066259957059
Nicaragua,2010,51.1288392392877
Netherlands,2010,85.4429049430092
Norway,2010,92.5534279535509
Nepal,2010,17.3082692042632
New Zealand,2010,79.0503049278908
OECD members,2010,82.4287550512387
Oman,2010,95.6634805473647
Other small states,2010,71.3933345212089
Pakistan,2010,36.5499225101131
Panama,2010,65.9044557133327
Peru,2010,44.6742219204607
Philippines,2010,54.1569615448521
Papua New Guinea,2010,18.9834926151173
Poland,2010,77.0235824184304
Pre-demographic dividend,2010,18.845195349215
Puerto Rico,2010,85.3075904707247
"Korea, Dem. People's Rep.",2010,11.6191942194259
Portugal,2010,76.8809100692855
Paraguay,2010,52.6626199612863
West Bank and Gaza,2010,67.5799659455429
Pacific island small states,2010,42.530049503431
Post-demographic dividend,2010,86.7661566916595
French Polynesia,2010,82.5343539237793
Qatar,2010,99.3507763245456
Romania,2010,64.8309185206987
Russian Federation,2010,93.161974768111
Rwanda,2010,53.8846365547803
South Asia,2010,21.3117879424042
Saudi Arabia,2010,96.4285217564358
Sudan,2010,40.69320082119
Senegal,2010,33.1743467590417
Singapore,2010,85.5018089668505
Solomon Islands,2010,27.2166313863444
Sierra Leone,2010,9.96813710552298
El Salvador,2010,58.2168985151316
Somalia,2010,45.68355135301
Serbia,2010,67.5570484342832
Sub-Saharan Africa (excluding high income),2010,20.9912816519064
South Sudan,2010,18.2230020870034
Sub-Saharan Africa,2010,20.9912816519064
Small states,2010,68.2347297826737
Sao Tome and Principe,2010,53.8621454310265
Suriname,2010,79.6587248768801
Slovak Republic,2010,84.0230088811633
Slovenia,2010,82.2889653210582
Sweden,2010,89.0485950940072
Eswatini,2010,63.1739690423489
Syrian Arab Republic,2010,63.1869987426844
Chad,2010,8.07241360572976
East Asia & Pacific (IDA & IBRD countries),2010,45.9850309265483
Europe & Central Asia (IDA & IBRD countries),2010,76.9698205137374
Togo,2010,13.8352153086921
Thailand,2010,44.5449990937235
Tajikistan,2010,65.5499501456013
Turkmenistan,2010,65.0906167590187
Latin America & the Caribbean (IDA & IBRD countries),2010,62.3655129801831
Timor-Leste,2010,17.339530808448
Middle East & North Africa (IDA & IBRD countries),2010,61.6552958828856
Tonga,2010,45.8366843600879
South Asia (IDA & IBRD),2010,21.3117879424042
Sub-Saharan Africa (IDA & IBRD countries),2010,20.9912816519064
Trinidad and Tobago,2010,78.487540487505
Tunisia,2010,68.5255721703474
Turkiye,2010,60.8993562386262
Tanzania,2010,12.537721871207
Uganda,2010,19.8668172312739
Ukraine,2010,80.6185108552568
Upper middle income,2010,52.0229813939659
Uruguay,2010,71.5013841848837
United States,2010,92.9548613426548
Uzbekistan,2010,49.8547853095759
St. Vincent and the Grenadines,2010,74.5396525233424
"Venezuela, RB",2010,63.2940258140735
Virgin Islands (U.S.),2010,89.2786146574193
Viet Nam,2010,33.8338291188399
Vanuatu,2010,29.7755235384666
World,2010,48.9756119300538
Samoa,2010,51.243313340898
"Yemen, Rep.",2010,52.3591920947937
South Africa,2010,84.3058317137482
Zambia,2010,20.7746431425637
Zimbabwe,2010,24.8521410905826
Africa Eastern and Southern,2011,25.5444204490231
Afghanistan,2011,10.9343034403902
Africa Western and Central,2011,15.703615396193
Angola,2011,28.1018633336921
Albania,2011,38.9215879251352
Arab World,2011,67.0016551389275
United Arab Emirates,2011,96.1363683480873
Argentina,2011,76.9002992068151
Armenia,2011,34.9750150555207
Australia,2011,85.1885980530897
Austria,2011,82.1745367138698
Azerbaijan,2011,31.7122956504888
Burundi,2011,12.2593365440887
Belgium,2011,85.698534275207
Benin,2011,9.97776788117158
Burkina Faso,2011,22.681364192588
Bangladesh,2011,38.1501986446832
Bulgaria,2011,87.956164773844
Bahrain,2011,97.344049676793
"Bahamas, The",2011,84.9466112172642
Bosnia and Herzegovina,2011,74.7482848938548
Belarus,2011,96.1725341861832
Belize,2011,68.4347318292853
Bolivia,2011,39.6588454287796
Brazil,2011,68.3733268393829
Barbados,2011,83.6293935409098
Brunei Darussalam,2011,91.9995911846501
Bhutan,2011,28.8846115312569
Botswana,2011,69.8820642873343
Central African Republic,2011,5.9782249147048
Canada,2011,84.6598849004712
Central Europe and the Baltics,2011,78.8555362038954
Switzerland,2011,84.5122589828833
Channel Islands,2011,83.7759853985211
Chile,2011,74.8528760758897
China,2011,48.7600825382519
Cote d'Ivoire,2011,20.6552488971757
Cameroon,2011,20.7335415873287
"Congo, Dem. Rep.",2011,16.2411612945979
"Congo, Rep.",2011,23.2280355842856
Colombia,2011,46.0053267065469
Comoros,2011,38.0241999293966
Cabo Verde,2011,55.5700825517569
Costa Rica,2011,73.1826193866478
Caribbean small states,2011,74.6131410928331
Cuba,2011,81.4674499799526
Cyprus,2011,82.0525556801795
Czechia,2011,81.9488705434539
Germany,2011,88.2835067392209
Djibouti,2011,46.036315323295
Denmark,2011,90.8995924094314
Dominican Republic,2011,53.0519040599358
Algeria,2011,67.027817246739
East Asia & Pacific (excluding high income),2011,46.4642907183503
Early-demographic dividend,2011,35.7723021770027
East Asia & Pacific,2011,50.2142886126546
Europe & Central Asia (excluding high income),2011,65.0130983023491
Europe & Central Asia,2011,80.9014828474158
Ecuador,2011,53.4535233681464
"Egypt, Arab Rep.",2011,61.1737183749557
Euro area,2011,83.9516509725565
Eritrea,2011,22.4432477062518
Spain,2011,83.540225029149
Estonia,2011,91.3049248205115
Ethiopia,2011,10.8753553095855
European Union,2011,82.9768265730764
Fragile and conflict affected situations,2011,26.5040317266509
Finland,2011,86.9119558750131
Fiji,2011,52.9128636343445
France,2011,88.3351562117967
Gabon,2011,66.5852874894788
United Kingdom,2011,85.814667376856
Georgia,2011,41.7983018081647
Ghana,2011,23.8245054239043
Guinea,2011,11.0697985305956
"Gambia, The",2011,24.1001702777288
Guinea-Bissau,2011,22.4038918566128
Equatorial Guinea,2011,19.3269022302379
Greece,2011,63.7937673645779
Guatemala,2011,56.9931356224481
Guam,2011,88.1242572899845
Guyana,2011,63.1123655807112
High income,2011,87.1120972223357
"Hong Kong SAR, China",2011,89.8835223446082
Honduras,2011,47.1000230281869
Heavily indebted poor countries (HIPC),2011,18.750148855394
Croatia,2011,80.3791150900499
Haiti,2011,25.024423254796
Hungary,2011,87.8559439390986
IBRD only,2011,46.5830524048386
IDA & IBRD total,2011,42.1346608559201
IDA total,2011,25.8986828134756
IDA blend,2011,26.5993854803988
Indonesia,2011,42.5161067408124
IDA only,2011,25.533352025709
India,2011,17.734877569143
Ireland,2011,83.1865667965628
"Iran, Islamic Rep.",2011,57.1015956123761
Iraq,2011,69.0164217345706
Iceland,2011,86.1220478098183
Israel,2011,88.1560335088626
Italy,2011,75.1200268461868
Jamaica,2011,59.9939465188097
Jordan,2011,85.5310430940993
Japan,2011,88.3241128146122
Kazakhstan,2011,67.5460142373067
Kenya,2011,35.1903483835022
Kyrgyz Republic,2011,61.5153754158045
Cambodia,2011,43.1372451066556
"Korea, Rep.",2011,71.6016552616545
Kuwait,2011,98.8580213221622
Latin America & Caribbean (excluding high income),2011,62.499937642322
Lao PDR,2011,16.2977888263771
Lebanon,2011,67.125176126225
Liberia,2011,19.5760798909481
Libya,2011,87.2766563799874
St. Lucia,2011,70.2359980985935
Latin America & Caribbean,2011,63.1752488781457
Least developed countries: UN classification,2011,23.3724945962072
Low income,2011,18.9628728707623
Sri Lanka,2011,55.0914969010696
Lower middle income,2011,26.6464536033113
Low & middle income,2011,39.8472514419888
Lesotho,2011,60.2317909638334
Late-demographic dividend,2011,53.6321058523172
Lithuania,2011,89.4103851901046
Luxembourg,2011,91.2908330018849
Latvia,2011,86.2215390727131
"Macao SAR, China",2011,92.5190200481201
Morocco,2011,55.5891818502459
Moldova,2011,44.4553991807642
Madagascar,2011,10.1345659856988
Maldives,2011,73.2778487237072
Middle East & North Africa,2011,68.1028195249561
Mexico,2011,66.3962811521836
Middle income,2011,41.6721033424435
North Macedonia,2011,72.4007644166946
Mali,2011,17.1643434516227
Malta,2011,85.2659559099708
Myanmar,2011,29.4948754236154
Middle East & North Africa (excluding high income),2011,61.7906628200946
Montenegro,2011,83.5746747684835
Mongolia,2011,43.8823588993604
Mozambique,2011,12.1164821855389
Mauritania,2011,42.8581766118174
Mauritius,2011,80.4993927722706
Malawi,2011,37.4597611256858
Malaysia,2011,71.1481334822627
North America,2011,92.250641041445
Namibia,2011,65.1215276669369
New Caledonia,2011,85.7630730561172
Niger,2011,9.68492634728694
Nigeria,2011,12.8129626515362
Nicaragua,2011,51.5727223914521
Netherlands,2011,85.2406508139042
Norway,2011,92.3963583383873
Nepal,2011,17.5385206659978
New Zealand,2011,79.0081303615127
OECD members,2011,82.4487386651599
Oman,2011,95.8737604131088
Other small states,2011,71.4335734048515
Pakistan,2011,36.9713377738182
Panama,2011,67.9960736480799
Peru,2011,45.1159017685348
Philippines,2011,54.918237518861
Papua New Guinea,2011,19.1586210375089
Poland,2011,77.1349887240894
Pre-demographic dividend,2011,19.2353967019549
Puerto Rico,2011,84.7300497241961
"Korea, Dem. People's Rep.",2011,11.6855434427538
Portugal,2011,78.4852391856475
Paraguay,2011,53.3944216263489
West Bank and Gaza,2011,66.5427853329696
Pacific island small states,2011,42.0778020849906
Post-demographic dividend,2011,86.872025814169
French Polynesia,2011,82.6281382850726
Qatar,2011,99.413783349771
Romania,2011,66.8050529734617
Russian Federation,2011,92.900415681174
Rwanda,2011,54.4630365930078
South Asia,2011,22.29110345612
Saudi Arabia,2011,96.6951468878015
Sudan,2011,41.2508285088676
Senegal,2011,33.1662513694884
Singapore,2011,85.0025047936568
Solomon Islands,2011,27.9369953789754
Sierra Leone,2011,10.0764112243129
El Salvador,2011,58.328264865352
Somalia,2011,45.8871533175863
Serbia,2011,69.8895912103186
Sub-Saharan Africa (excluding high income),2011,21.38818753961
South Sudan,2011,18.6264230959734
Sub-Saharan Africa,2011,21.38818753961
Small states,2011,68.154542426345
Sao Tome and Principe,2011,54.1383500607588
Suriname,2011,79.3845271907653
Slovak Republic,2011,84.0586573709252
Slovenia,2011,82.9403010215287
Sweden,2011,89.5800164520922
Eswatini,2011,63.3158173295025
Syrian Arab Republic,2011,62.6018392450446
Chad,2011,8.22126936247603
East Asia & Pacific (IDA & IBRD countries),2011,46.9918335667556
Europe & Central Asia (IDA & IBRD countries),2011,77.0357526345589
Togo,2011,13.983586406614
Thailand,2011,42.3268364753534
Tajikistan,2011,66.0160045250986
Turkmenistan,2011,66.2661007119048
Latin America & the Caribbean (IDA & IBRD countries),2011,62.70567053949
Timor-Leste,2011,17.9697749105426
Middle East & North Africa (IDA & IBRD countries),2011,61.7517970699678
Tonga,2011,46.1697555734623
South Asia (IDA & IBRD),2011,22.29110345612
Sub-Saharan Africa (IDA & IBRD countries),2011,21.38818753961
Trinidad and Tobago,2011,78.1626650917913
Tunisia,2011,71.218444485958
Turkiye,2011,61.7112574614998
Tanzania,2011,12.6751544764217
Uganda,2011,20.3283050886073
Ukraine,2011,80.8240947648001
Upper middle income,2011,52.8611000166985
Uruguay,2011,71.9065822966224
United States,2011,93.1796828811885
Uzbekistan,2011,50.2580925248168
St. Vincent and the Grenadines,2011,74.361279333838
"Venezuela, RB",2011,63.4879879983435
Virgin Islands (U.S.),2011,89.2379944437095
Viet Nam,2011,34.6659306894698
Vanuatu,2011,30.7421268027926
World,2011,49.5335247238655
Samoa,2011,51.5366506498113
"Yemen, Rep.",2011,51.7586880737856
South Africa,2011,84.3147070451978
Zambia,2011,20.5740970513928
Zimbabwe,2011,24.9732356902616
Africa Eastern and Southern,2012,25.9455787971679
Afghanistan,2012,11.753901297755
Africa Western and Central,2012,15.9110757102581
Angola,2012,31.1046970215988
Albania,2012,36.9400176393025
Arab World,2012,68.1563031664056
United Arab Emirates,2012,96.2943655130308
Argentina,2012,77.0048366759942
Armenia,2012,35.1524010656528
Australia,2012,86.0967775816003
Austria,2012,82.5371653279299
Azerbaijan,2012,33.3083851683355
Burundi,2012,12.3837909499541
Belgium,2012,85.6541570149269
Benin,2012,10.1401690544274
Burkina Faso,2012,22.9914188293769
Bangladesh,2012,38.5899310659153
Bulgaria,2012,88.4122896117581
Bahrain,2012,97.3299037720821
"Bahamas, The",2012,85.1147158643982
Bosnia and Herzegovina,2012,72.6080203678541
Belarus,2012,96.2029396005257
Belize,2012,68.0072894382379
Bolivia,2012,40.9015203201707
Brazil,2012,70.7208376443614
Barbados,2012,83.4073884081805
Brunei Darussalam,2012,91.7067161535574
Bhutan,2012,29.1081259362921
Botswana,2012,69.1825975625335
Central African Republic,2012,6.10825072152009
Canada,2012,84.795378100801
Central Europe and the Baltics,2012,79.076998318348
Switzerland,2012,84.6669560911478
Channel Islands,2012,83.8083180691736
Chile,2012,76.0098431902685
China,2012,49.5397697805616
Cote d'Ivoire,2012,21.0812943980918
Cameroon,2012,21.2728459522233
"Congo, Dem. Rep.",2012,17.3669785953561
"Congo, Rep.",2012,23.4092978590904
Colombia,2012,46.5329566480371
Comoros,2012,39.1601333270739
Cabo Verde,2012,56.6649208503907
Costa Rica,2012,72.4495739153014
Caribbean small states,2012,74.6220695925682
Cuba,2012,79.4928665046721
Cyprus,2012,83.3959966012319
Czechia,2012,81.5844727362043
Germany,2012,88.3937689954928
Djibouti,2012,46.1633785086253
Denmark,2012,90.7275699509656
Dominican Republic,2012,54.1131054642427
Algeria,2012,68.0050117807103
East Asia & Pacific (excluding high income),2012,47.3861766940869
Early-demographic dividend,2012,36.9880288205185
East Asia & Pacific,2012,51.0609730199928
Europe & Central Asia (excluding high income),2012,65.4593028416868
Europe & Central Asia,2012,81.0336456366875
Ecuador,2012,53.4313531323356
"Egypt, Arab Rep.",2012,62.4888640553136
Euro area,2012,84.033214503522
Eritrea,2012,22.5565770001401
Spain,2012,82.9387138118168
Estonia,2012,90.9811288865198
Ethiopia,2012,11.3762115210725
European Union,2012,83.0700399385549
Fragile and conflict affected situations,2012,26.65768776659
Finland,2012,86.7737674375988
Fiji,2012,54.2303414481351
France,2012,88.5170034572843
Gabon,2012,66.6780398897805
United Kingdom,2012,85.337659257036
Georgia,2012,43.357728606813
Ghana,2012,24.3760286291637
Guinea,2012,11.7942365367062
"Gambia, The",2012,24.2265367032672
Guinea-Bissau,2012,22.6431332104231
Equatorial Guinea,2012,18.9256877650927
Greece,2012,63.3563660143215
Guatemala,2012,52.7556681841779
Guam,2012,88.1109762129592
Guyana,2012,63.5150422946694
High income,2012,87.263519788318
"Hong Kong SAR, China",2012,89.7282983279081
Honduras,2012,43.1091188110815
Heavily indebted poor countries (HIPC),2012,19.0819793510881
Croatia,2012,81.2073754381336
Haiti,2012,24.9708383616719
Hungary,2012,88.2657999462309
IBRD only,2012,47.5680026889238
IDA & IBRD total,2012,42.9427817502628
IDA total,2012,26.2171387456766
IDA blend,2012,27.11925316004
Indonesia,2012,45.153048362608
IDA only,2012,25.7485415288105
India,2012,18.9452747726638
Ireland,2012,83.1714408466761
"Iran, Islamic Rep.",2012,56.7968216377467
Iraq,2012,70.1401894280115
Iceland,2012,85.946838983242
Israel,2012,88.1070127462118
Italy,2012,75.2598826296879
Jamaica,2012,59.3148989720607
Jordan,2012,85.5355703391403
Japan,2012,88.4240194957258
Kazakhstan,2012,68.6489035464267
Kenya,2012,35.4998797017316
Kyrgyz Republic,2012,61.5629620851062
Cambodia,2012,46.0336260719877
"Korea, Rep.",2012,71.8388366796618
Kuwait,2012,98.8995022961324
Latin America & Caribbean (excluding high income),2012,63.4467038260124
Lao PDR,2012,16.9280970578854
Lebanon,2012,67.9094270403224
Liberia,2012,19.9858239375199
Libya,2012,88.0511805648714
St. Lucia,2012,70.6664876837372
Latin America & Caribbean,2012,64.1304540200878
Least developed countries: UN classification,2012,23.7981941256901
Low income,2012,19.0752108304787
Sri Lanka,2012,56.4181739467781
Lower middle income,2012,27.5629733431644
Low & middle income,2012,40.6716650133497
Lesotho,2012,60.3586948927548
Late-demographic dividend,2012,54.4251888682656
Lithuania,2012,88.9463399097363
Luxembourg,2012,91.0042236392322
Latvia,2012,86.2481816277898
"Macao SAR, China",2012,92.6885842193621
Morocco,2012,56.0731942954589
Moldova,2012,42.9790528497625
Madagascar,2012,10.9930239106456
Maldives,2012,75.1658462781288
Middle East & North Africa,2012,68.9276357327385
Mexico,2012,67.0935523209827
Middle income,2012,42.5839585120672
North Macedonia,2012,73.2032353944355
Mali,2012,17.4105578284047
Malta,2012,85.0430675032042
Myanmar,2012,30.3299760245614
Middle East & North Africa (excluding high income),2012,62.3211121447173
Montenegro,2012,83.7606376456162
Mongolia,2012,47.6210447709354
Mozambique,2012,12.5044552719758
Mauritania,2012,42.8509414851118
Mauritius,2012,79.4240964070839
Malawi,2012,37.4182388923226
Malaysia,2012,71.1158476033618
North America,2012,92.3268825616836
Namibia,2012,63.3416634877916
New Caledonia,2012,85.6060606060606
Niger,2012,8.01714279706998
Nigeria,2012,13.0646290052946
Nicaragua,2012,51.9068424927371
Netherlands,2012,85.0706344097375
Norway,2012,93.0695725715472
Nepal,2012,17.7512291735569
New Zealand,2012,79.0060774638496
OECD members,2012,82.5857936377715
Oman,2012,96.0344970113918
Other small states,2012,71.6579691173078
Pakistan,2012,38.331219990375
Panama,2012,68.020022810646
Peru,2012,46.574300099906
Philippines,2012,56.8366232809733
Papua New Guinea,2012,19.3329703161419
Poland,2012,77.6056115576127
Pre-demographic dividend,2012,19.6867083049145
Puerto Rico,2012,84.3930832695184
"Korea, Dem. People's Rep.",2012,11.7326345859082
Portugal,2012,77.9333140903658
Paraguay,2012,52.2090535366451
West Bank and Gaza,2012,66.8113615143585
Pacific island small states,2012,42.7050530409825
Post-demographic dividend,2012,86.9271256819336
French Polynesia,2012,82.745051394134
Qatar,2012,99.4630126575588
Romania,2012,66.6409949205448
Russian Federation,2012,93.0630998412048
Rwanda,2012,54.9309508306129
South Asia,2012,23.4021526016914
Saudi Arabia,2012,96.8221477893731
Sudan,2012,42.4335287482888
Senegal,2012,32.9789927409198
Singapore,2012,84.6760864925433
Solomon Islands,2012,28.5522830640651
Sierra Leone,2012,10.2766678228148
El Salvador,2012,58.2256816942004
Somalia,2012,46.0614954608271
Serbia,2012,69.6070735291905
Sub-Saharan Africa (excluding high income),2012,21.7263839912533
South Sudan,2012,18.5121894109277
Sub-Saharan Africa,2012,21.7263839912533
Small states,2012,68.4247420512682
Sao Tome and Principe,2012,54.1529839309952
Suriname,2012,79.0660011545987
Slovak Republic,2012,84.5233887753976
Slovenia,2012,83.0810534224571
Sweden,2012,89.5474845921078
Eswatini,2012,63.5713042157629
Syrian Arab Republic,2012,63.2051853285848
Chad,2012,8.38177133552087
East Asia & Pacific (IDA & IBRD countries),2012,47.9285902035621
Europe & Central Asia (IDA & IBRD countries),2012,77.3506536254941
Togo,2012,14.0725865812037
Thailand,2012,41.6703500800279
Tajikistan,2012,66.6224987910157
Turkmenistan,2012,67.0396021372499
Latin America & the Caribbean (IDA & IBRD countries),2012,63.7326864869104
Timor-Leste,2012,18.5961452469129
Middle East & North Africa (IDA & IBRD countries),2012,62.2839906983161
Tonga,2012,46.4721113388715
South Asia (IDA & IBRD),2012,23.4021526016914
Sub-Saharan Africa (IDA & IBRD countries),2012,21.7263839912533
Trinidad and Tobago,2012,79.7576109859769
Tunisia,2012,71.4496339831957
Turkiye,2012,62.9329814810914
Tanzania,2012,12.9101132704123
Uganda,2012,20.4186146651372
Ukraine,2012,80.725339754062
Upper middle income,2012,53.8004319169494
Uruguay,2012,72.8910060339052
United States,2012,93.2467663535605
Uzbekistan,2012,50.6244627404203
St. Vincent and the Grenadines,2012,74.2836929607358
"Venezuela, RB",2012,64.7759165083653
Virgin Islands (U.S.),2012,89.1688570651681
Viet Nam,2012,34.7675254412852
Vanuatu,2012,31.7489362162864
World,2012,50.2065857901332
Samoa,2012,51.8079021760568
"Yemen, Rep.",2012,51.1976398881896
South Africa,2012,84.5814303782136
Zambia,2012,20.3680772644889
Zimbabwe,2012,24.5874271197777
Africa Eastern and Southern,2013,26.3228180253473
Afghanistan,2013,12.590074390032
Africa Western and Central,2013,16.2178310270731
Angola,2013,33.9597863970503
Albania,2013,40.4818068144472
Arab World,2013,68.5658374906292
United Arab Emirates,2013,96.4653639118978
Argentina,2013,76.4525654738896
Armenia,2013,35.350051372826
Australia,2013,85.9353741687934
Austria,2013,82.5358933564748
Azerbaijan,2013,33.4867522130525
Burundi,2013,12.6154606753917
Belgium,2013,84.9206380611944
Benin,2013,10.3643675756096
Burkina Faso,2013,23.2316318757757
Bangladesh,2013,38.9753052855641
Bulgaria,2013,88.2669878532914
Bahrain,2013,97.3139815127676
"Bahamas, The",2013,84.9020329008961
Bosnia and Herzegovina,2013,74.5709759474401
Belarus,2013,96.1187431771896
Belize,2013,67.640542151185
Bolivia,2013,39.8292685460667
Brazil,2013,70.5306933399488
Barbados,2013,83.2160565303881
Brunei Darussalam,2013,91.3169018121928
Bhutan,2013,29.0009038867129
Botswana,2013,69.1733964665549
Central African Republic,2013,5.65997429409356
Canada,2013,84.8062443712307
Central Europe and the Baltics,2013,79.5415371612917
Switzerland,2013,84.5908743538685
Channel Islands,2013,83.8529090394032
Chile,2013,75.8934213254638
China,2013,50.2199730415947
Cote d'Ivoire,2013,23.2957908663022
Cameroon,2013,21.8046061806104
"Congo, Dem. Rep.",2013,16.9540046251882
"Congo, Rep.",2013,23.5946648876949
Colombia,2013,47.4570825664405
Comoros,2013,40.3728961525598
Cabo Verde,2013,57.7843184047941
Costa Rica,2013,69.8358343766853
Caribbean small states,2013,74.531650466909
Cuba,2013,78.3686920327921
Cyprus,2013,82.4407376538343
Czechia,2013,82.4364451212562
Germany,2013,88.8421789859108
Djibouti,2013,46.5463133507467
Denmark,2013,90.8721494970769
Dominican Republic,2013,55.1868697953453
Algeria,2013,68.9655140132934
East Asia & Pacific (excluding high income),2013,48.0719251405446
Early-demographic dividend,2013,37.7458420247613
East Asia & Pacific,2013,51.7340855442626
Europe & Central Asia (excluding high income),2013,65.7041312791099
Europe & Central Asia,2013,81.075236591036
Ecuador,2013,54.7709505682218
"Egypt, Arab Rep.",2013,61.1225746440619
Euro area,2013,84.1336789928637
Eritrea,2013,22.445074601147
Spain,2013,82.517209664321
Estonia,2013,90.7498942417657
Ethiopia,2013,11.77141089392
European Union,2013,83.2525467541318
Fragile and conflict affected situations,2013,26.6800930516256
Finland,2013,86.4149248552476
Fiji,2013,55.7967195569861
France,2013,88.7270526593062
Gabon,2013,66.7258014767832
United Kingdom,2013,85.5788993558138
Georgia,2013,42.4525118880768
Ghana,2013,24.9152270985839
Guinea,2013,12.4290291819227
"Gambia, The",2013,24.7788404530845
Guinea-Bissau,2013,22.8306798049703
Equatorial Guinea,2013,18.1349136726644
Greece,2013,63.0109825248059
Guatemala,2013,56.4775283559681
Guam,2013,88.1184446719184
Guyana,2013,63.8188468328676
High income,2013,87.4099447814438
"Hong Kong SAR, China",2013,89.8661883941781
Honduras,2013,44.4906865188882
Heavily indebted poor countries (HIPC),2013,19.4003251378999
Croatia,2013,82.3303176963064
Haiti,2013,24.7786660843752
Hungary,2013,88.7241709889137
IBRD only,2013,48.1368166892011
IDA & IBRD total,2013,43.3936035495488
IDA total,2013,26.4989343784136
IDA blend,2013,27.7896986844632
Indonesia,2013,46.3462727362674
IDA only,2013,25.8249208637803
India,2013,19.9668373049133
Ireland,2013,82.9808646079584
"Iran, Islamic Rep.",2013,55.8238670793656
Iraq,2013,71.6055507596208
Iceland,2013,86.069167875511
Israel,2013,88.365474466162
Italy,2013,75.3484442699339
Jamaica,2013,59.3172609123459
Jordan,2013,85.5527103776055
Japan,2013,88.6548377555174
Kazakhstan,2013,69.5804439559435
Kenya,2013,35.8269826927177
Kyrgyz Republic,2013,55.2360226652253
Cambodia,2013,45.818514869759
"Korea, Rep.",2013,72.7015894533962
Kuwait,2013,98.9191599968901
Latin America & Caribbean (excluding high income),2013,63.6225847858812
Lao PDR,2013,17.4996503442167
Lebanon,2013,68.6183791656976
Liberia,2013,20.4463812253303
Libya,2013,87.4293082098222
St. Lucia,2013,71.0249292251876
Latin America & Caribbean,2013,64.2835409324074
Least developed countries: UN classification,2013,24.044077748261
Low income,2013,19.0623750695148
Sri Lanka,2013,56.2863613051605
Lower middle income,2013,28.2716107915474
Low & middle income,2013,41.1748301261061
Lesotho,2013,60.3852061388123
Late-demographic dividend,2013,54.8968830788574
Lithuania,2013,88.2274626486738
Luxembourg,2013,90.7926060493762
Latvia,2013,86.1385147312072
"Macao SAR, China",2013,93.2133515218221
Morocco,2013,56.6898059461459
Moldova,2013,42.1781648551549
Madagascar,2013,10.8104237930529
Maldives,2013,76.9855931442353
Middle East & North Africa,2013,69.0427211491886
Mexico,2013,67.1620776257451
Middle income,2013,43.1635851893467
North Macedonia,2013,71.9038500238976
Mali,2013,17.5274361582614
Malta,2013,84.845288326301
Myanmar,2013,31.1612691758145
Middle East & North Africa (excluding high income),2013,62.0387479445665
Montenegro,2013,84.0099922271814
Mongolia,2013,49.2466184050621
Mozambique,2013,12.7594162934154
Mauritania,2013,42.6623575000402
Mauritius,2013,79.0801305976657
Malawi,2013,37.5927297922863
Malaysia,2013,71.2454774050237
North America,2013,92.4660388085788
Namibia,2013,63.7743180298594
New Caledonia,2013,85.6638207605056
Niger,2013,6.55585156214913
Nigeria,2013,13.3259253407304
Nicaragua,2013,52.9369308490501
Netherlands,2013,84.1828677787697
Norway,2013,93.0912325183985
Nepal,2013,17.9997746624156
New Zealand,2013,79.1187598942128
OECD members,2013,82.7880709855728
Oman,2013,96.1459964828752
Other small states,2013,71.6369522114904
Pakistan,2013,39.7463738780914
Panama,2013,67.7224728219024
Peru,2013,47.4963421749975
Philippines,2013,58.0305371827934
Papua New Guinea,2013,19.5329844277891
Poland,2013,78.1701719192613
Pre-demographic dividend,2013,20.1421348553291
Puerto Rico,2013,84.013229999199
"Korea, Dem. People's Rep.",2013,11.773553318221
Portugal,2013,78.0854062306619
Paraguay,2013,55.4219853222497
West Bank and Gaza,2013,68.0540216170527
Pacific island small states,2013,43.4402390759119
Post-demographic dividend,2013,87.102064137986
French Polynesia,2013,82.7481305568095
Qatar,2013,99.5058799416192
Romania,2013,67.1821821815477
Russian Federation,2013,92.6726099468323
Rwanda,2013,55.17758830498
South Asia,2013,24.3581885981412
Saudi Arabia,2013,96.905405924538
Sudan,2013,43.3928849374108
Senegal,2013,32.5752575614796
Singapore,2013,85.0841163673432
Solomon Islands,2013,29.1780059689413
Sierra Leone,2013,10.6780757689422
El Salvador,2013,58.0658198545282
Somalia,2013,46.2759566931901
Serbia,2013,67.5582172746824
Sub-Saharan Africa (excluding high income),2013,22.0895914619013
South Sudan,2013,18.8875921166287
Sub-Saharan Africa,2013,22.0895914619013
Small states,2013,68.5176423299469
Sao Tome and Principe,2013,54.3942992874109
Suriname,2013,78.6607252160713
Slovak Republic,2013,84.4236384039429
Slovenia,2013,82.3180023797935
Sweden,2013,89.4087904885565
Eswatini,2013,63.6943950096989
Syrian Arab Republic,2013,62.4007330834562
Chad,2013,8.46442313268234
East Asia & Pacific (IDA & IBRD countries),2013,48.6278120256202
Europe & Central Asia (IDA & IBRD countries),2013,77.309634835767
Togo,2013,14.3193966560718
Thailand,2013,41.8798095510387
Tajikistan,2013,67.1852046370634
Turkmenistan,2013,67.4458545303072
Latin America & the Caribbean (IDA & IBRD countries),2013,63.9169144638473
Timor-Leste,2013,19.3315738470676
Middle East & North Africa (IDA & IBRD countries),2013,61.9885668541168
Tonga,2013,46.6244840321529
South Asia (IDA & IBRD),2013,24.3581885981412
Sub-Saharan Africa (IDA & IBRD countries),2013,22.0895914619013
Trinidad and Tobago,2013,78.4642577150595
Tunisia,2013,72.095685139482
Turkiye,2013,64.0763037433758
Tanzania,2013,13.1687181272898
Uganda,2013,21.6001015277172
Ukraine,2013,80.6729111565927
Upper middle income,2013,54.4504846073445
Uruguay,2013,72.6826242181231
United States,2013,93.4052775206549
Uzbekistan,2013,50.9783857788275
St. Vincent and the Grenadines,2013,74.2821706877589
"Venezuela, RB",2013,64.8948056708383
Virgin Islands (U.S.),2013,89.0800681431005
Viet Nam,2013,34.8558516024321
Vanuatu,2013,32.774983646288
World,2013,50.6025538746857
Samoa,2013,52.1251705985572
"Yemen, Rep.",2013,50.8188293816461
South Africa,2013,85.1350362584427
Zambia,2013,22.6033288665228
Zimbabwe,2013,24.4482646414909
Africa Eastern and Southern,2014,26.689363150682
Afghanistan,2014,13.5250954979644
Africa Western and Central,2014,16.3769786781852
Angola,2014,36.6661037750609
Albania,2014,42.0738544595395
Arab World,2014,68.6927930843026
United Arab Emirates,2014,97.1497756100255
Argentina,2014,76.3465222405083
Armenia,2014,35.5076192759048
Australia,2014,86.1691342031837
Austria,2014,82.4455145827591
Azerbaijan,2014,33.1462530679603
Burundi,2014,12.7233223404281
Belgium,2014,85.3866879062744
Benin,2014,10.5561502921811
Burkina Faso,2014,23.4171993481253
Bangladesh,2014,39.2607458675762
Bulgaria,2014,87.2523049216461
Bahrain,2014,97.3009773120115
"Bahamas, The",2014,84.7633049103205
Bosnia and Herzegovina,2014,76.9553204139998
Belarus,2014,96.0973438720217
Belize,2014,69.2516371804034
Bolivia,2014,37.3064797916437
Brazil,2014,70.6380771192256
Barbados,2014,83.4711123358133
Brunei Darussalam,2014,91.0582777914918
Bhutan,2014,28.874496373271
Botswana,2014,69.5423639912683
Central African Republic,2014,5.46633309446478
Canada,2014,85.0019859009493
Central Europe and the Baltics,2014,79.785519481269
Switzerland,2014,84.7567456615123
Channel Islands,2014,83.9351097094903
Chile,2014,75.2519101961058
China,2014,50.8224828249492
Cote d'Ivoire,2014,24.2606766567645
Cameroon,2014,22.3468900807159
"Congo, Dem. Rep.",2014,16.5587610744081
"Congo, Rep.",2014,23.670653933118
Colombia,2014,48.2950274365827
Comoros,2014,41.4313248513269
Cabo Verde,2014,58.8024880897738
Costa Rica,2014,70.3150274720053
Caribbean small states,2014,74.7597874175537
Cuba,2014,76.9145530927392
Cyprus,2014,82.1118549542518
Czechia,2014,82.0068557960536
Germany,2014,89.0873837205702
Djibouti,2014,46.7924172404037
Denmark,2014,91.0296349937507
Dominican Republic,2014,55.1729357432246
Algeria,2014,68.8106900881057
East Asia & Pacific (excluding high income),2014,48.7789547028809
Early-demographic dividend,2014,38.3710060700556
East Asia & Pacific,2014,52.4186074108289
Europe & Central Asia (excluding high income),2014,66.4642288572781
Europe & Central Asia,2014,81.2628797149854
Ecuador,2014,57.0582619183759
"Egypt, Arab Rep.",2014,60.8294312627722
Euro area,2014,84.2078347097539
Eritrea,2014,22.9330383255767
Spain,2014,82.0611120870491
Estonia,2014,90.6391548260265
Ethiopia,2014,12.1973347685666
European Union,2014,83.3609530037265
Fragile and conflict affected situations,2014,26.6420515548979
Finland,2014,86.9608614378226
Fiji,2014,56.8682824954333
France,2014,88.3892852035624
Gabon,2014,66.5302038388625
United Kingdom,2014,84.7529085097015
Georgia,2014,44.0494868560367
Ghana,2014,24.2146099633541
Guinea,2014,13.0710470193382
"Gambia, The",2014,25.2479559073951
Guinea-Bissau,2014,22.7685194544346
Equatorial Guinea,2014,17.519067682505
Greece,2014,64.0328557259217
Guatemala,2014,59.272498779145
Guam,2014,88.1242101975039
Guyana,2014,64.0188060527044
High income,2014,87.5167582440949
"Hong Kong SAR, China",2014,90.8731020902179
Honduras,2014,49.6697327332356
Heavily indebted poor countries (HIPC),2014,19.6135237930758
Croatia,2014,82.8600199596691
Haiti,2014,25.0788854509749
Hungary,2014,88.6747136505033
IBRD only,2014,48.7845028091583
IDA & IBRD total,2014,43.9145912401454
IDA total,2014,26.7034082790984
IDA blend,2014,27.9613894855767
Indonesia,2014,46.7020593310976
IDA only,2014,26.0423151972501
India,2014,21.0299599331389
Ireland,2014,83.1954414282614
"Iran, Islamic Rep.",2014,56.6117678022141
Iraq,2014,68.4190391225189
Iceland,2014,86.1289206948841
Israel,2014,88.2783801252445
Italy,2014,75.5326606411218
Jamaica,2014,59.5153637876643
Jordan,2014,85.4695635580514
Japan,2014,88.7753446063767
Kazakhstan,2014,71.4584807292521
Kenya,2014,36.1619776774519
Kyrgyz Republic,2014,55.9130585090219
Cambodia,2014,45.5348818252978
"Korea, Rep.",2014,73.3917983868811
Kuwait,2014,98.9285397634973
Latin America & Caribbean (excluding high income),2014,64.0187629580418
Lao PDR,2014,18.1116251130138
Lebanon,2014,68.893371611443
Liberia,2014,20.7990177750381
Libya,2014,85.9737076080655
St. Lucia,2014,71.6139802897302
Latin America & Caribbean,2014,64.6193415358547
Least developed countries: UN classification,2014,24.3275106089327
Low income,2014,19.0869794793207
Sri Lanka,2014,57.0213344801859
Lower middle income,2014,28.9305785128022
Low & middle income,2014,41.7219219830649
Lesotho,2014,60.6554808548719
Late-demographic dividend,2014,55.6258677280735
Lithuania,2014,87.8959690391629
Luxembourg,2014,91.2983672992246
Latvia,2014,86.2542208067372
"Macao SAR, China",2014,93.5842016653774
Morocco,2014,57.1596729686225
Moldova,2014,40.4351775150293
Madagascar,2014,10.7078533067453
Maldives,2014,78.7251730432111
Middle East & North Africa,2014,69.2363521335432
Mexico,2014,67.9202749148683
Middle income,2014,43.7615544230155
North Macedonia,2014,73.3314989423589
Mali,2014,17.7471902096897
Malta,2014,84.7177100254071
Myanmar,2014,31.9400088656189
Middle East & North Africa (excluding high income),2014,61.953171712182
Montenegro,2014,81.1495247122047
Mongolia,2014,49.7202013121359
Mozambique,2014,13.1890622098422
Mauritania,2014,42.042351097827
Mauritius,2014,79.2806078785626
Malawi,2014,37.7518478412287
Malaysia,2014,71.4567236763592
North America,2014,92.6309777595256
Namibia,2014,66.0151151515985
New Caledonia,2014,85.8760526884042
Niger,2014,5.33891513309609
Nigeria,2014,13.6039288570021
Nicaragua,2014,53.9939990819344
Netherlands,2014,83.9686711107719
Norway,2014,92.6122916774771
Nepal,2014,18.160890635533
New Zealand,2014,79.2440786230253
OECD members,2014,83.0398843918613
Oman,2014,96.2410239158655
Other small states,2014,71.8249476184284
Pakistan,2014,39.7612116128528
Panama,2014,67.3308379218268
Peru,2014,47.3813494987832
Philippines,2014,57.5381924362892
Papua New Guinea,2014,19.828210807669
Poland,2014,78.6470254966921
Pre-demographic dividend,2014,20.3894390289663
Puerto Rico,2014,83.6722588728148
"Korea, Dem. People's Rep.",2014,11.8124047538194
Portugal,2014,80.2759229431781
Paraguay,2014,56.2981583954077
West Bank and Gaza,2014,67.6271632738301
Pacific island small states,2014,43.9768775511887
Post-demographic dividend,2014,87.1892721007713
French Polynesia,2014,82.7548038178093
Qatar,2014,99.5600793949632
Romania,2014,67.917723212988
Russian Federation,2014,92.741526463505
Rwanda,2014,55.492565818996
South Asia,2014,25.2014825115721
Saudi Arabia,2014,96.9889936518558
Sudan,2014,44.9450564614539
Senegal,2014,32.6657496436141
Singapore,2014,85.3808282948092
Solomon Islands,2014,29.8787814017054
Sierra Leone,2014,10.9324122446577
El Salvador,2014,60.4302826762086
Somalia,2014,46.5494051820234
Serbia,2014,68.2891346316641
Sub-Saharan Africa (excluding high income),2014,22.362198174976
South Sudan,2014,19.72711397576
Sub-Saharan Africa,2014,22.362198174976
Small states,2014,68.7954296879285
Sao Tome and Principe,2014,54.7765983707726
Suriname,2014,78.2370596598389
Slovak Republic,2014,84.8719616113691
Slovenia,2014,81.2570978915039
Sweden,2014,89.663842516319
Eswatini,2014,63.8939464939172
Syrian Arab Republic,2014,62.7118336269641
Chad,2014,8.60459387304083
East Asia & Pacific (IDA & IBRD countries),2014,49.3471174669949
Europe & Central Asia (IDA & IBRD countries),2014,77.7482104404206
Togo,2014,14.6501619486589
Thailand,2014,47.3578157329992
Tajikistan,2014,67.9110906755343
Turkmenistan,2014,67.8295436684654
Latin America & the Caribbean (IDA & IBRD countries),2014,64.2926099588852
Timor-Leste,2014,19.9350746771672
Middle East & North Africa (IDA & IBRD countries),2014,61.9050434781525
Tonga,2014,46.8303106679086
South Asia (IDA & IBRD),2014,25.2014825115721
Sub-Saharan Africa (IDA & IBRD countries),2014,22.362198174976
Trinidad and Tobago,2014,78.4708546671918
Tunisia,2014,72.0917080036882
Turkiye,2014,66.0635772571214
Tanzania,2014,13.4005403927145
Uganda,2014,21.1285583133655
Ukraine,2014,80.814316961543
Upper middle income,2014,55.1524901535454
Uruguay,2014,73.2074784591072
United States,2014,93.5542460417853
Uzbekistan,2014,51.4197389162327
St. Vincent and the Grenadines,2014,74.1041812660593
"Venezuela, RB",2014,64.884897575058
Virgin Islands (U.S.),2014,89.0185927271822
Viet Nam,2014,35.6607405673632
Vanuatu,2014,33.8360648768148
World,2014,51.0716423529264
Samoa,2014,52.4130606202024
"Yemen, Rep.",2014,50.4916054327625
South Africa,2014,85.8707773600472
Zambia,2014,24.7665355426738
Zimbabwe,2014,24.0834682546962
Africa Eastern and Southern,2015,27.0223587561769
Afghanistan,2015,14.7155543069754
Africa Western and Central,2015,16.5838495555601
Angola,2015,36.2858221703438
Albania,2015,41.1875803934506
Arab World,2015,69.7028249202629
United Arab Emirates,2015,97.1127925599087
Argentina,2015,75.6531688104272
Armenia,2015,35.9334694959808
Australia,2015,86.1564967415077
Austria,2015,82.832738028665
Azerbaijan,2015,32.0607544260174
Burundi,2015,13.0709751543123
Belgium,2015,84.8209451544248
Benin,2015,10.7211223678345
Burkina Faso,2015,23.5895282071769
Bangladesh,2015,39.4804326284911
Bulgaria,2015,87.7109893709756
Bahrain,2015,97.3154510992782
"Bahamas, The",2015,84.4214010498823
Bosnia and Herzegovina,2015,75.7778245802141
Belarus,2015,96.0253439214383
Belize,2015,67.5249858767898
Bolivia,2015,38.8995058759721
Brazil,2015,69.4712623518103
Barbados,2015,83.7164736561281
Brunei Darussalam,2015,91.0207045372032
Bhutan,2015,27.0336213390314
Botswana,2015,68.8362673014532
Central African Republic,2015,5.35100868058195
Canada,2015,85.0005587497174
Central Europe and the Baltics,2015,80.5579470359359
Switzerland,2015,85.0249157558179
Channel Islands,2015,84.0291793633833
Chile,2015,75.3172004002883
China,2015,51.2765386364088
Cote d'Ivoire,2015,25.1786171966609
Cameroon,2015,23.5013140871516
"Congo, Dem. Rep.",2015,16.157237272822
"Congo, Rep.",2015,23.6522959027319
Colombia,2015,48.6034049355414
Comoros,2015,41.5442046320881
Cabo Verde,2015,59.7692145936284
Costa Rica,2015,70.5706544900215
Caribbean small states,2015,74.4836715134329
Cuba,2015,75.5762531147814
Cyprus,2015,85.0716771449439
Czechia,2015,82.6614231560051
Germany,2015,89.2910466755732
Djibouti,2015,47.1771365286409
Denmark,2015,91.1332374549627
Dominican Republic,2015,55.6019768445277
Algeria,2015,68.4948489511115
East Asia & Pacific (excluding high income),2015,49.6443374109921
Early-demographic dividend,2015,39.2460700412957
East Asia & Pacific,2015,53.2500816150531
Europe & Central Asia (excluding high income),2015,66.9276905130287
Europe & Central Asia,2015,81.5175057129622
Ecuador,2015,55.0844330590665
"Egypt, Arab Rep.",2015,62.5802588570531
Euro area,2015,84.4148056638016
Eritrea,2015,22.8627707393156
Spain,2015,82.5965751465665
Estonia,2015,90.45817122907
Ethiopia,2015,12.6086259329382
European Union,2015,83.6982523754132
Fragile and conflict affected situations,2015,26.7123088257557
Finland,2015,85.7198518187115
Fiji,2015,60.9692057897001
France,2015,88.4100209897649
Gabon,2015,66.2410186413514
United Kingdom,2015,85.0167857654808
Georgia,2015,46.2422856569645
Ghana,2015,23.2168492707928
Guinea,2015,13.7318665511103
"Gambia, The",2015,25.8884072706516
Guinea-Bissau,2015,22.9885203031704
Equatorial Guinea,2015,16.4014232894685
Greece,2015,65.0437157178516
Guatemala,2015,60.3218256933884
Guam,2015,88.1254846669017
Guyana,2015,64.2882223212912
High income,2015,87.7169291171822
"Hong Kong SAR, China",2015,91.0702979393621
Honduras,2015,48.5787677861405
Heavily indebted poor countries (HIPC),2015,19.8921525210105
Croatia,2015,82.7866699822128
Haiti,2015,24.9714441729446
Hungary,2015,88.9919072993165
IBRD only,2015,49.4362908258632
IDA & IBRD total,2015,44.4081934710495
IDA total,2015,26.8158845472576
IDA blend,2015,28.038617209787
Indonesia,2015,48.995734404643
IDA only,2015,26.1699216483408
India,2015,22.1761168454047
Ireland,2015,83.5345544671286
"Iran, Islamic Rep.",2015,56.5278358008874
Iraq,2015,67.8929277468139
Iceland,2015,86.2024032097735
Israel,2015,88.007487124718
Italy,2015,75.8336322863346
Jamaica,2015,59.9320841794207
Jordan,2015,85.3268842163557
Japan,2015,89.135817527826
Kazakhstan,2015,73.0372310713915
Kenya,2015,36.4948060660141
Kyrgyz Republic,2015,58.7670561637113
Cambodia,2015,45.2329314525769
"Korea, Rep.",2015,74.1466127844519
Kuwait,2015,98.9427360136027
Latin America & Caribbean (excluding high income),2015,63.5225480259444
Lao PDR,2015,18.7994213317344
Lebanon,2015,69.0722896915601
Liberia,2015,20.9728763040238
Libya,2015,84.6885883753822
St. Lucia,2015,71.9602160453168
Latin America & Caribbean,2015,64.1689814536423
Least developed countries: UN classification,2015,24.4638332381931
Low income,2015,19.1105399049975
Sri Lanka,2015,56.1467243542494
Lower middle income,2015,29.8120516406229
Low & middle income,2015,42.2479085779388
Lesotho,2015,60.8070315051477
Late-demographic dividend,2015,56.0874946722509
Lithuania,2015,87.729364934766
Luxembourg,2015,88.7868160048271
Latvia,2015,86.060353871439
"Macao SAR, China",2015,93.2911765252211
Morocco,2015,57.7221807556218
Moldova,2015,39.1424930664868
Madagascar,2015,10.5853795544229
Maldives,2015,77.4673273704254
Middle East & North Africa,2015,70.0282268785788
Mexico,2015,68.0331348436955
Middle income,2015,44.3393118244986
North Macedonia,2015,73.9364901228903
Mali,2015,17.7433439625405
Malta,2015,84.6103301342041
Myanmar,2015,32.6107316892714
Middle East & North Africa (excluding high income),2015,62.5013773532273
Montenegro,2015,79.1184997282116
Mongolia,2015,49.2820865090375
Mozambique,2015,13.6883216395856
Mauritania,2015,41.5789631029184
Mauritius,2015,79.0753846731601
Malawi,2015,37.767594929404
Malaysia,2015,71.5367383050191
North America,2015,92.6392766869311
Namibia,2015,68.2581014121785
New Caledonia,2015,85.7373959884006
Niger,2015,5.89570481994316
Nigeria,2015,13.8377395137056
Nicaragua,2015,54.4979701620586
Netherlands,2015,83.8378306095829
Norway,2015,92.8742070303754
Nepal,2015,18.3517607056379
New Zealand,2015,79.4280381475149
OECD members,2015,83.2159577062045
Oman,2015,96.2388505787195
Other small states,2015,72.0080178184412
Pakistan,2015,39.405183908069
Panama,2015,66.2710368883867
Peru,2015,48.0473536819185
Philippines,2015,58.9784291688468
Papua New Guinea,2015,20.1081420183304
Poland,2015,78.767560174677
Pre-demographic dividend,2015,20.66476325578
Puerto Rico,2015,83.3165297779905
"Korea, Dem. People's Rep.",2015,11.8290219968447
Portugal,2015,81.5977451697577
Paraguay,2015,56.2314741677247
West Bank and Gaza,2015,68.6393850564618
Pacific island small states,2015,45.7984238287697
Post-demographic dividend,2015,87.3681280967631
French Polynesia,2015,82.736829955659
Qatar,2015,99.5771028910425
Romania,2015,71.0248442791135
Russian Federation,2015,92.7399993361831
Rwanda,2015,55.7118995246564
South Asia,2015,26.0627991630142
Saudi Arabia,2015,96.8731361215035
Sudan,2015,45.9095461087798
Senegal,2015,33.4134219157346
Singapore,2015,86.0095822996094
Solomon Islands,2015,30.5354576617042
Sierra Leone,2015,10.7796126955366
El Salvador,2015,59.577551389475
Somalia,2015,46.9266426530866
Serbia,2015,69.8407813418949
Sub-Saharan Africa (excluding high income),2015,22.6514442532023
South Sudan,2015,20.5882583484714
Sub-Saharan Africa,2015,22.6514442532023
Small states,2015,69.1510193441407
Sao Tome and Principe,2015,55.1674468851278
Suriname,2015,77.4988307922552
Slovak Republic,2015,84.8427679188582
Slovenia,2015,83.0825522922496
Sweden,2015,89.7405375054022
Eswatini,2015,64.0208978328173
Syrian Arab Republic,2015,63.3255353899062
Chad,2015,8.78761104882656
East Asia & Pacific (IDA & IBRD countries),2015,50.2287063238282
Europe & Central Asia (IDA & IBRD countries),2015,78.0013228650724
Togo,2015,14.7793995742768
Thailand,2015,48.4228058310399
Tajikistan,2015,68.4887925151135
Turkmenistan,2015,67.8756135860628
Latin America & the Caribbean (IDA & IBRD countries),2015,63.8594797017558
Timor-Leste,2015,20.6863010454376
Middle East & North Africa (IDA & IBRD countries),2015,62.4473367403917
Tonga,2015,47.1379634233936
South Asia (IDA & IBRD),2015,26.0627991630142
Sub-Saharan Africa (IDA & IBRD countries),2015,22.6514442532023
Trinidad and Tobago,2015,77.7694777036902
Tunisia,2015,73.6051990937487
Turkiye,2015,66.8838882171183
Tanzania,2015,13.5567579730375
Uganda,2015,21.6916140494932
Ukraine,2015,80.978231873568
Upper middle income,2015,55.6247894317113
Uruguay,2015,72.6756186367958
United States,2015,93.5556053336577
Uzbekistan,2015,51.7823357642526
St. Vincent and the Grenadines,2015,73.9893282382273
"Venezuela, RB",2015,65.0451018885528
Virgin Islands (U.S.),2015,88.9765870142409
Viet Nam,2015,39.3362128385469
Vanuatu,2015,34.7855418638726
World,2015,51.5411160734816
Samoa,2015,52.805026607681
"Yemen, Rep.",2015,48.895133986763
South Africa,2015,85.4117020942201
Zambia,2015,26.5931156559432
Zimbabwe,2015,25.037496907319
