Country Name,Year,CPIA_Value,Wage_Value,GDP_per_capita,Inflation,Schooling_Years,log_GDP,Inflation_Capped
Albania,2005,3.0,39.6954062159845,9006.646,2.366582,9.082582,9.105718028246853,2.366582
Angola,2005,2.5,25.7980894520399,7845.89,22.953514,3.626606,8.967745106788476,22.953514
Armenia,2005,2.5,33.8232626225345,8362.9,0.638928,10.770752,9.03156053587849,0.638928
Azerbaijan,2005,2.5,31.9301896906521,9901.927,9.679507,10.584337,9.200484663646163,9.679507
Bangladesh,2005,2.5,35.2592868758186,3231.6138,7.046618,4.71767,8.080736919926922,7.046618
Benin,2005,3.5,9.59704163086927,2632.4724,5.364521,2.496914,7.875678759622685,5.364521
Bolivia,2005,3.0,36.9393402282525,6579.3125,5.393231,6.966806,8.79168553557793,5.393231
Burkina Faso,2005,3.5,20.8297936237535,1664.9955,6.41504,1.3429894,7.417577699708189,6.41504
Burundi,2005,3.0,12.1948652121386,938.3816,13.252069,2.265715,6.844156689303892,13.252069
Cambodia,2005,2.5,26.143375148886,2781.8904,6.615259,3.682584,7.93088597558944,6.615259
Cameroon,2005,2.5,18.7655627506718,4199.7227,2.0135396,3.3693597,8.342773778282268,2.0135396
Central African Republic,2005,2.5,5.60595112371,1219.594,2.8835208,2.955806,7.106273295456213,2.8835208
Chad,2005,2.0,6.81353747775349,1957.2886,7.8903656,1.539814,7.579315427141647,7.8903656
Comoros,2005,2.5,30.3742894824116,3087.5166,3.013324,3.5014646,8.035122357439997,3.013324
Cote d'Ivoire,2005,2.0,18.4609591359812,4032.2458,3.8858304,5.7766814,8.302078770194667,3.8858304
Ethiopia,2005,2.5,8.76767474278217,952.1156,9.969972,1.8649921,6.8586864559909415,9.969972
Georgia,2005,3.5,34.5079255136122,8485.587,8.24709,12.0924425,9.046124356182922,8.24709
Ghana,2005,3.5,20.2988303920433,3721.3079,15.438992,7.188284,8.221830471496816,15.438992
Guinea,2005,2.5,8.10857140955101,2501.2217,31.373302,1.5138993,7.824534571491107,31.373302
Guinea-Bissau,2005,2.5,21.1837050029232,2003.5604,3.3291993,2.1485682,7.602681076864107,3.3291993
Guyana,2005,3.0,61.7777813800622,8256.525,6.925543,6.5521846,9.018759075815858,6.925543
Haiti,2005,2.0,24.2425278135538,3163.1138,13.973008,4.274355,8.05931220115986,13.973008
Honduras,2005,3.0,47.6962403947249,5056.6753,8.809061,4.936594,8.528464490990084,8.809061
India,2005,3.5,15.7051894624633,3881.966,4.2463436,4.5294585,8.264097005318627,4.2463436
Indonesia,2005,3.0,38.1958030677276,7140.8545,10.453198,7.320812,8.873587726043953,10.453198
Kenya,2005,3.0,33.6158536430338,3844.7356,10.312778,6.0088835,8.25446011494596,10.312778
Lesotho,2005,3.5,60.0256471505261,2275.016,3.4378843,6.040236,7.729742364327352,3.4378843
Madagascar,2005,3.5,13.2426681483786,1653.9325,18.363825,4.4760485,7.410911064593685,18.363825
Malawi,2005,3.0,35.4882984497952,1214.7427,15.410345,3.7729905,7.102287563800987,15.410345
Maldives,2005,3.0,66.424382913102,13861.185,1.300275,3.488117,9.53684776692466,1.300275
Mali,2005,3.5,16.3334500858899,2091.45,6.397883,1.3599489,7.6456128843091395,6.397883
Mauritania,2005,2.5,40.7058894131591,5445.8296,12.1256485,3.4059522,8.602605383724729,12.1256485
Moldova,2005,3.0,55.2653043573317,8161.4736,11.959184,10.792925,9.007180019889354,11.959184
Mongolia,2005,2.5,38.1410295118132,7499.848,12.716567,9.5414095,8.922638032652364,12.716567
Mozambique,2005,3.0,9.68465851423542,970.38995,6.4275527,2.1380117,6.877698001022212,6.4275527
Nepal,2005,2.5,16.3263044145563,2580.231,6.836333,3.120512,7.8556342087913755,6.836333
Nicaragua,2005,3.5,50.0298476983912,5313.022,9.5991,5.46,8.57791606722912,9.5991
Niger,2005,3.0,10.5811863391252,1233.8755,7.7974977,1.371751,7.117915307965404,7.7974977
Nigeria,2005,3.0,11.2920017434854,4372.9756,17.863493,5.14199,8.383198971703779,17.863493
Pakistan,2005,2.5,41.3370671989314,4042.1545,9.063328,4.5334625,8.304533120884718,9.063328
Papua New Guinea,2005,3.0,18.209865810531,3136.5857,1.7808044,3.6640985,8.050890130613224,1.7808044
Rwanda,2005,3.0,51.8648665708375,1359.1343,9.01409,3.0371227,7.214603231932229,9.01409
Samoa,2005,4.0,49.9293975255514,5914.8896,1.856764,11.222988,8.685228111825793,1.856764
Sao Tome and Principe,2005,3.5,52.3736193712829,4371.497,17.152205,4.933605,8.382860792357414,17.152205
Senegal,2005,3.0,32.5977796908124,3301.8208,1.7113333,1.3802873,8.102229352868086,1.7113333
Serbia,2005,3.0,63.4723531491192,15246.472,16.11998,8.966295,9.632103411009052,16.11998
Solomon Islands,2005,3.0,24.879896920412,2287.26,7.330663,5.289741,7.735109873612608,7.330663
Sri Lanka,2005,3.5,59.2927635180336,7452.742,11.639686,10.127327,8.916337297349735,11.639686
Sudan,2005,2.0,36.3540478917367,4152.3228,8.505851,2.93,8.331423167488428,8.505851
Tajikistan,2005,2.0,65.8294822008422,1965.3002,7.0919323,10.985649,7.583400286171569,7.0919323
Tanzania,2005,3.5,11.064617135114,2253.0933,5.03457,4.642296,7.720059351026212,5.03457
Togo,2005,2.0,14.0177996443865,1944.7795,6.782929,3.2800655,7.572903882016699,6.782929
Tonga,2005,2.0,45.1665756417258,5828.3706,8.665692,10.066498,8.67049275486097,8.665692
Uganda,2005,3.0,18.0615405614423,1765.0378,8.448727,4.623755,7.475927385568664,8.448727
Vanuatu,2005,3.0,24.1221288515406,3089.437,1.1992005,5.5755153,8.035744152643987,1.1992005
Zambia,2005,3.0,16.9999961320717,2564.4756,18.32444,5.846262,7.849509292258811,18.32444
Afghanistan,2006,2.5,8.25625448466931,1929.7239,6.7845964,1.5952808,7.565132214670484,6.7845964
Albania,2006,2.5,40.6434358015191,9598.646,2.3707283,9.147308,9.16937732584195,2.3707283
Angola,2006,2.5,26.3976097627333,8435.455,13.30521,3.66706,9.04019893543397,13.30521
Armenia,2006,3.5,34.165982050733,9525.231,2.8923566,10.841385,9.161699451669332,2.8923566
Azerbaijan,2006,2.5,32.1567588492717,13172.581,8.328925,10.651434,9.485892751238952,8.328925
Bangladesh,2006,2.5,35.5718088736286,3407.4272,6.765261,4.79787,8.13371279870563,6.765261
Benin,2006,3.5,9.63658308332609,2652.2185,3.782177,2.509692,7.8831517385603975,3.782177
Bolivia,2006,3.5,36.8766698192139,6778.385,4.282396,6.90494,8.821494151970205,4.282396
Bosnia and Herzegovina,2006,3.0,72.514374442192,10574.298,6.125566,6.159507,9.266181618732308,6.125566
Burkina Faso,2006,3.0,21.0877158146095,1714.7604,2.3331087,1.31896,7.447028641385095,2.3331087
Burundi,2006,2.5,12.2091435110562,954.19086,2.74542,2.3193898,6.860863714331456,2.74542
Cambodia,2006,2.5,28.8325904591478,3041.1047,5.8106856,3.803942,8.019976116548676,5.8106856
Cameroon,2006,2.5,18.543634640186,4241.5176,5.117578,3.4297247,8.352676408714602,5.117578
Central African Republic,2006,2.5,5.64574395343068,1251.8708,6.695265,3.0120208,7.132394351446906,6.695265
Chad,2006,2.0,7.21188584939783,1900.364,8.036289,1.596068,7.5498007257529975,8.036289
Comoros,2006,2.5,31.8012201622934,3105.9568,3.3743637,3.65862,8.041077095047838,3.3743637
Cote d'Ivoire,2006,2.0,18.6699727860216,4049.2603,2.4671915,5.65457,8.3062895014442,2.4671915
Ethiopia,2006,2.5,9.06533221372313,1024.7291,12.299477,1.943966,6.932183563958116,12.299477
Georgia,2006,3.5,34.597530717016,9337.989,9.160965,12.150136,9.141846197547752,9.160965
Ghana,2006,4.0,20.5041315640446,3857.8616,11.679184,7.266783,8.257868319312614,11.679184
Guinea,2006,2.5,8.52890219191462,2478.6133,34.69527,1.5275514,7.8154545295487585,34.69527
Guinea-Bissau,2006,2.5,21.3181875531642,2007.9801,1.9547372,2.27117,7.6048845704039465,1.9547372
Guyana,2006,3.0,61.572353795655,8702.331,6.677158,6.6955028,9.071346199790048,6.677158
Haiti,2006,2.0,24.428371653478,3164.8237,11.345215,4.364027,8.059852630025228,11.345215
Honduras,2006,3.0,48.0002917618312,5263.1504,5.577752,4.945652,8.568485061802773,5.577752
India,2006,3.5,15.8771912388543,4129.7783,5.7965236,4.636587,8.325979004126825,5.7965236
Indonesia,2006,3.0,38.7413728987518,7434.488,13.108672,7.59423,8.913884993039533,13.108672
Kenya,2006,3.0,33.7710150330942,3970.7334,14.453734,6.085285,8.286706092136104,14.453734
Lesotho,2006,3.5,60.1820740115379,2381.0203,6.0727186,5.82508,7.775284372280002,6.0727186
Madagascar,2006,3.5,12.354948236295,1692.7548,10.765637,4.521986,7.434112539984242,10.765637
Malawi,2006,3.0,35.7792471247231,1237.2739,13.974295,3.9250333,7.120665770679168,13.974295
Maldives,2006,2.5,67.501692620176,16728.059,2.7384212,3.7858,9.724842768122814,2.7384212
Mali,2006,3.5,16.532205067147,2118.3147,1.5435259,1.43967,7.658376098693312,1.5435259
Mauritania,2006,2.5,41.5131494058721,6284.702,6.241033,3.4913552,8.745873705421328,6.241033
Moldova,2006,3.0,51.6966196340148,8577.028,12.777756,11.038783,9.056842745529806,12.777756
Mongolia,2006,2.5,37.5160294843412,8043.9966,5.0951667,9.641482,8.992681328217168,5.0951667
Mozambique,2006,3.0,10.1782440411184,1041.8047,13.245088,2.1880913,6.948709776723453,13.245088
Nepal,2006,3.0,16.5313990083165,2641.348,6.920336,3.18734,7.879044671886051,6.920336
Nicaragua,2006,3.0,50.2009608247807,5455.306,9.1402,5.568,8.604343992019277,9.1402
Niger,2006,3.0,10.5797830662088,1260.1205,0.04048583,1.4034067,7.138962630293431,0.04048583
Nigeria,2006,3.0,11.5094176994463,4511.6396,8.225222,5.3507338,8.414415914101122,8.225222
Pakistan,2006,2.5,38.6690334811302,4185.8667,7.9210844,4.5214,8.339469058256192,7.9210844
Papua New Guinea,2006,3.0,18.3446978306437,3202.4873,2.3684623,3.7466698,8.071683068111192,2.3684623
Rwanda,2006,3.0,52.2850972973725,1445.4756,8.882827,3.1819537,7.276193681341605,8.882827
Samoa,2006,4.0,50.1554560042792,6017.477,3.7000868,11.299134,8.702423347464629,3.7000868
Sao Tome and Principe,2006,3.5,52.7570093457944,4644.1807,23.077038,4.9941134,8.443370252482842,23.077038
Senegal,2006,3.0,32.7210863069631,3301.0315,2.1122859,1.54011,8.101990274370523,2.1122859
Serbia,2006,2.5,64.305242455894,15903.596,11.724023,9.389934,9.674300526159222,11.724023
Solomon Islands,2006,3.0,25.2370996069248,2340.6604,11.219987,5.3301783,7.75818839075677,11.219987
Sri Lanka,2006,3.5,55.5887062114114,7970.665,10.020184,10.118132,8.983523206195608,10.020184
Sudan,2006,2.0,36.9869746358899,4299.974,7.19913,2.97,8.366364255151746,7.19913
Tajikistan,2006,2.0,66.2976038862289,2063.2886,10.010865,11.021935,7.6320563966462736,10.010865
Tanzania,2006,3.5,11.3246897205446,2334.1045,7.2509727,4.757598,7.755383584766246,7.2509727
Togo,2006,2.0,13.8173490358632,1941.173,2.2289777,3.2955742,7.571047708512015,2.2289777
Tonga,2006,2.0,44.9011432414257,5670.914,6.149116,10.07072,8.64310558302512,6.149116
Uganda,2006,3.0,18.4092421650713,1898.9791,7.310676,4.7993865,7.549071704959199,7.310676
Vanuatu,2006,3.0,24.5912843489298,3270.7024,2.0408163,5.667716,8.092760042048061,2.0408163
Zambia,2006,3.0,17.2768787053357,2673.4614,9.019572,5.9372687,7.891129316281939,9.019572
Afghanistan,2007,2.0,8.53537686399464,2155.353,8.680571,1.6690171,7.675709794227665,8.680571
Angola,2007,2.5,27.4561463473733,9263.98,12.251497,3.7075136,9.1338890409158,12.251497
Armenia,2007,3.5,34.4971119947735,10898.849,4.407361,10.912018,9.296412466311274,4.407361
Azerbaijan,2007,2.5,32.5913272482725,16280.084,16.699755,10.71853,9.69769779924838,16.699755
Bangladesh,2007,3.0,36.0596143128945,3608.9155,9.106985,4.8780704,8.191162590680682,9.106985
Benin,2007,3.5,9.70343759202698,2729.1375,1.2980682,2.52247,7.9117409041953906,1.2980682
Bolivia,2007,3.5,39.5361334591692,6967.57,8.705609,7.0523653,8.849021805950775,8.705609
Bosnia and Herzegovina,2007,3.0,73.0056806152553,11332.676,1.5007771,6.825699,9.335445513248123,1.5007771
Burkina Faso,2007,3.0,21.3062550517579,1731.9304,-0.23062731,0.97693,7.456991903557445,-0.23062731
Burundi,2007,2.0,12.1456885453836,951.2901,8.412063,2.373065,6.857819063346529,8.412063
Cambodia,2007,2.5,31.5973919207267,3308.1575,8.708828,3.9253,8.104146666860235,8.708828
Cameroon,2007,2.5,18.3129085715931,4302.619,0.9214022,3.49009,8.366979186041386,0.9214022
Central African Republic,2007,2.5,5.7048978786243,1284.5529,0.9599176,3.0682354,7.158165999041748,0.9599176
Chad,2007,2.0,7.47176847161692,1896.081,-8.97474,1.6523219,7.5475444034214165,-8.97474
Comoros,2007,2.5,33.0468683304402,3069.0247,4.466167,3.8157754,8.029115102811527,4.466167
Cote d'Ivoire,2007,2.0,18.8930823796581,3999.691,1.8920063,5.532459,8.293972387118092,1.8920063
Ethiopia,2007,2.5,9.40519874160171,1109.1432,17.2404,2.02294,7.011343104352551,17.2404
Georgia,2007,3.0,36.697557141184,10567.274,9.244898,12.207829,9.265517145886255,9.244898
Ghana,2007,4.0,21.1179698146407,3923.1257,10.734266,7.3452826,8.274643987500966,10.734266
Guinea,2007,2.5,9.03864769356567,2587.005,18.175566,1.5412035,7.858256114924788,18.175566
Guinea-Bissau,2007,2.5,21.5039143791497,2008.7361,4.617438,2.418591,7.605260997301583,4.617438
Guyana,2007,3.0,61.792269971505,9354.08,12.200154,6.838821,9.143567890740172,12.200154
Haiti,2007,2.0,24.5091204427178,3258.3665,6.5572276,4.4536986,8.088981275161784,6.5572276
Honduras,2007,3.0,49.2364776486309,5461.9014,6.936215,4.95471,8.605552249875105,6.936215
India,2007,3.5,16.0382501636716,4379.696,6.3728814,4.7437153,8.384734594569062,6.3728814
Kenya,2007,3.0,34.0501824635748,4116.451,9.758881,6.1616864,8.322746663351712,9.758881
Lesotho,2007,3.5,60.2524350683561,2470.3147,8.012437,5.680555,7.81210083041308,8.012437
Madagascar,2007,3.5,11.499378216719,1737.6652,10.287967,4.567924,7.460297652055903,10.287967
Malawi,2007,3.0,36.1048922018474,1318.3319,7.95221,4.0770764,7.1841225043017,7.95221
Maldives,2007,2.5,68.3582691232924,17332.729,6.7947736,4.0584464,9.760351842903027,6.7947736
Mali,2007,3.5,16.6339904046413,2121.4102,1.412002,1.554894,7.659836335205375,1.412002
Mauritania,2007,3.0,41.5984847286361,6002.7783,7.2541084,3.5767581,8.699977691035624,7.2541084
Moldova,2007,3.0,49.5744422930849,8854.834,12.3671665,11.28464,9.088718803570297,12.3671665
Mongolia,2007,3.0,37.4635561403697,8750.134,9.630963,9.741554,9.076824293520112,9.630963
Mozambique,2007,3.0,10.5972720991079,1095.1257,8.489487,2.2381709,6.998624430182763,8.489487
Nepal,2007,3.0,16.7571477425656,2708.7144,2.2692192,3.254168,7.904229410170757,2.2692192
Nicaragua,2007,3.0,50.4471190489193,5650.469,11.126935,5.676,8.639493829545,11.126935
Niger,2007,3.0,10.5492344382612,1252.7483,0.05395926,1.4350625,7.133095056824345,0.05395926
Nigeria,2007,3.0,11.720933583473,4677.542,5.388008,5.559478,8.450528037263464,5.388008
Pakistan,2007,2.5,38.4932680368382,4257.926,7.5986843,4.41063,8.35653746625121,7.5986843
Papua New Guinea,2007,3.0,18.4879451981596,3345.8503,0.9113504,3.8292408,8.115476140557861,0.9113504
Rwanda,2007,3.5,52.4479453481969,1514.9728,9.080722,3.3267844,7.3231527639869185,9.080722
Samoa,2007,4.0,50.6454125171917,6013.2764,5.577064,11.375281,8.70172503705446,5.577064
Sao Tome and Principe,2007,3.5,53.1415061119775,4698.084,18.548513,5.055364,8.454910045007928,18.548513
Senegal,2007,3.0,32.8127713509534,3316.4204,5.8533044,1.70937,8.106641287471486,5.8533044
Sierra Leone,2007,2.5,9.59790854493731,2232.1848,11.649975,3.2221346,7.710736115772751,11.649975
Solomon Islands,2007,3.0,25.6215231625068,2384.3254,7.66602,5.370925,7.77667151215947,7.66602
Sri Lanka,2007,3.0,56.4713578581199,8454.207,15.842112,10.108935,9.042419466277646,15.842112
Sudan,2007,2.0,38.1669758492315,4415.785,14.754277,3.01,8.392940900177498,14.754277
Tajikistan,2007,2.0,66.7426815795645,2181.898,13.149125,11.058221,7.687950419195892,13.149125
Tanzania,2007,3.5,11.5401428194712,2423.616,7.0255146,4.8729,7.793015918798506,7.0255146
Togo,2007,2.0,13.6385168746452,1863.2831,0.9456733,3.3110828,7.53009531826254,0.9456733
Tonga,2007,2.5,45.1498454508803,5506.6514,5.842249,10.239668,8.613711986005923,5.842249
Uganda,2007,3.0,18.8298858557853,1999.0625,6.1385107,4.9750185,7.6004335996444565,6.1385107
Vanuatu,2007,3.0,25.5007322536182,3283.3655,3.935484,5.7614417,8.09662424240435,3.935484
Zambia,2007,3.0,17.5565849789377,2796.353,10.65735,6.0282755,7.936071347172883,10.65735
Afghanistan,2008,2.0,8.90380832676972,2191.5044,26.418665,1.7427535,7.692343527614092,26.418665
Angola,2008,2.5,28.1092925859147,9916.909,12.475829,3.7479675,9.201996558981879,12.475829
Armenia,2008,3.0,34.754537988368,11727.482,8.949953,10.982651,9.369690255347459,8.949953
Azerbaijan,2008,2.5,32.5061205811692,17656.963,20.849087,10.73078,9.778885488814392,20.849087
Bangladesh,2008,3.0,36.5777361256546,3787.9382,8.901945,4.95827,8.239577139494953,8.901945
Benin,2008,3.5,9.78480565390322,2777.6196,7.9472985,2.535248,7.929349580892747,7.9472985
Bolivia,2008,3.5,39.1890817605357,7272.166,14.006811,7.19979,8.891809462879504,14.006811
Bosnia and Herzegovina,2008,3.0,72.4847964720346,12149.033,7.427043,6.9208694,9.405004857123997,7.427043
Burkina Faso,2008,3.0,21.7565138184758,1779.3271,10.659798,1.02113,7.48399053810551,10.659798
Burundi,2008,2.0,12.1164379453367,957.22266,24.406952,2.42674,6.8640360289675515,24.406952
Cambodia,2008,2.5,34.4310328974631,3501.9258,24.096851,4.03048,8.161068324728697,24.096851
Cameroon,2008,2.5,18.9786718315417,4300.2666,5.337806,4.06113,8.366432299759733,5.337806
Central African Republic,2008,2.5,5.7404708905406,1283.2728,9.258951,3.1244502,7.157168968670067,9.258951
Chad,2008,2.0,7.70719558855326,1886.7716,10.296976,1.708576,7.542622499357033,10.296976
Comoros,2008,2.5,34.3116481894112,3127.931,1.7007818,3.9729307,8.048127042598374,1.7007818
Cote d'Ivoire,2008,2.5,19.2259580342071,4096.7236,6.3085275,5.4103475,8.317942811273026,6.3085275
Ethiopia,2008,2.5,9.80283258916591,1193.7472,44.356686,2.0601623,7.084852546242451,44.356686
Georgia,2008,3.0,38.9557077054172,10856.104,9.999488,12.265524,9.292482781424603,9.999488
Ghana,2008,4.0,21.7953000979817,4174.7812,16.49464,7.4237814,8.336817228726023,16.49464
Guinea,2008,2.0,9.60980554951998,2629.5398,23.065613,1.5548557,7.874564128872258,23.065613
Guinea-Bissau,2008,2.5,21.7899561001495,2047.3204,10.460073,2.5660121,7.62428709515217,10.460073
Guyana,2008,3.0,62.1380961677138,9546.708,8.102022,6.982139,9.163951662006038,8.102022
Haiti,2008,2.0,24.5945432483116,3289.7053,15.2817745,4.5433707,8.0985532652793,15.2817745
Honduras,2008,3.0,49.4693900238982,5566.7065,11.403427,5.11153,8.624558865399758,11.403427
India,2008,3.5,16.1727481154738,4450.39,8.349267,4.8508434,8.400747011769525,8.349267
Kenya,2008,3.0,34.264913261618,4002.8835,26.239817,6.238088,8.294770255396447,26.239817
Lesotho,2008,3.5,60.3514828093387,2589.1663,10.715666,5.53603,7.859091210983376,10.715666
Madagascar,2008,3.5,10.8295069203456,1800.6693,9.296509,4.6138616,7.495913708104707,9.296509
Malawi,2008,3.0,36.6835359963265,1378.4288,8.712602,4.2291193,7.228699578785349,8.712602
Maldives,2008,2.5,69.0027048863597,18232.266,12.041458,4.331093,9.81094816055143,12.041458
Mali,2008,3.5,16.7430012135795,2150.8135,9.170988,1.670118,7.673601421650063,9.170988
Mauritania,2008,2.5,41.8905275632898,5813.356,7.3466353,3.662161,8.667913307869828,7.3466353
Moldova,2008,3.0,49.5472052435331,9563.698,12.783048,11.38163,9.165729751333528,12.783048
Mongolia,2008,3.0,36.879465856756,9379.8545,27.955666,9.841626,9.146319530152883,27.955666
Mozambique,2008,3.0,11.0459068529066,1141.9425,14.502806,2.2882504,7.040486038685642,14.502806
Nepal,2008,3.0,16.9348944534104,2852.6099,9.90783,3.320996,7.955989608601423,9.90783
Nicaragua,2008,3.0,50.7780655078467,5761.387,19.826202,5.784,8.658933523313715,19.826202
Niger,2008,3.0,10.490065917347,1300.5542,11.30511,1.4667183,7.170545760298629,11.30511
Nigeria,2008,3.0,11.9611356980327,4856.813,11.581075,5.7682214,8.48813774047217,11.581075
Pakistan,2008,2.5,37.1565239361437,4233.348,20.286121,4.29986,8.3507484483395,20.286121
Papua New Guinea,2008,3.0,18.6336376339118,3233.9182,10.761418,3.911812,8.081449746063294,10.761418
Rwanda,2008,3.5,53.0370370857707,1640.3757,15.438214,3.471615,7.402680579948052,15.438214
Samoa,2008,4.0,50.9020639750021,6182.763,11.565907,11.451428,8.729520537916594,11.565907
Sao Tome and Principe,2008,3.5,52.9124792662699,4873.181,31.990105,5.1173654,8.49150218559717,31.990105
Senegal,2008,3.0,33.0738034396405,3359.7056,7.3472023,1.87863,8.119608630070857,7.3472023
Sierra Leone,2008,2.5,9.75896398981295,2295.4836,8.211124,3.250906,7.738698819250773,8.211124
Solomon Islands,2008,3.0,26.09396600715,2489.7925,17.320065,5.4119825,7.819954652653005,17.320065
Sri Lanka,2008,3.0,56.0000040917561,8897.827,22.564495,10.09974,9.093562368605614,22.564495
Sudan,2008,2.0,38.963281552345,4446.4097,14.297122,3.05,8.399852240525982,14.297122
Tajikistan,2008,2.0,66.1233317796961,2308.0942,20.470522,11.094507,7.744177441353158,20.470522
Tanzania,2008,3.0,11.8809440790357,2493.2593,10.278394,4.988202,7.821346089346213,10.278394
Togo,2008,2.0,13.6215585993003,1883.5494,8.694828,3.3265913,7.540913254555608,8.694828
Tonga,2008,3.5,45.273204997587,5758.5684,10.446987,10.408616,8.65844418113167,10.446987
Uganda,2008,3.0,19.3258634128149,2110.1006,12.050856,5.15065,7.654490903058684,12.050856
Vanuatu,2008,3.0,26.3220650317425,3381.3857,4.8417134,5.856717,8.126040874876358,4.8417134
Zambia,2008,3.0,17.8468544953174,2908.1436,12.44558,6.1192822,7.975270218452089,12.44558
Afghanistan,2009,2.0,9.55889093351511,2565.022,-6.811161,1.8164899,7.849722334566138,-6.811161
Angola,2009,2.5,27.6596602041998,9629.092,13.730284,3.7884212,9.17254421166551,13.730284
Armenia,2009,3.0,34.594732565609,10143.235,3.406767,11.053284,9.224562259795372,3.406767
Azerbaijan,2009,2.5,32.4323947928236,18901.887,1.4570484,10.45223,9.847017037333767,1.4570484
Bangladesh,2009,3.0,37.1032985023769,3942.1362,5.4234724,5.0384703,8.27947803810514,5.4234724
Benin,2009,3.5,9.80140644121643,2758.0725,0.8960723,2.548026,7.922287345172358,0.8960723
Bolivia,2009,3.5,41.9292833701819,7392.1626,3.3464541,7.48154,8.908175609832842,3.3464541
Bosnia and Herzegovina,2009,3.0,72.7922291477433,11989.797,-0.38146427,7.0160394,9.391811317102587,-0.38146427
Burkina Faso,2009,3.5,21.8926542925071,1779.323,2.6081767,1.06533,7.4839882338609875,2.6081767
Burundi,2009,2.0,12.2046455932238,944.62994,10.555435,2.3598616,6.850793252915671,10.555435
Cambodia,2009,2.0,37.2942456145731,3587.609,-1.2417176,3.93697,8.185241242881576,-1.2417176
Cameroon,2009,2.5,19.6027691918996,4286.577,3.0436184,4.6321697,8.363243791330852,3.0436184
Central African Republic,2009,2.5,5.80691471257789,1402.6816,3.5212622,3.180665,7.246141112080596,3.5212622
Chad,2009,2.0,7.8510806267689,1897.3331,9.952423,1.76483,7.548204547562006,9.952423
Comoros,2009,2.5,35.3957354535598,3165.7136,4.362348,4.130086,8.060133775199386,4.362348
Cote d'Ivoire,2009,2.5,19.6144133291489,4151.0537,1.0195045,5.288236,8.331117484611134,1.0195045
Ethiopia,2009,2.5,10.2101220626948,1262.4639,8.4836445,2.097385,7.140820566681291,8.4836445
Georgia,2009,3.0,39.5274553729568,10553.09,1.7275146,12.323218,9.26417398701528,1.7275146
Ghana,2009,4.0,22.447021476511,4269.16,19.246948,7.5022807,8.35917236555902,19.246948
Guinea,2009,2.0,9.96724096664087,2537.3064,4.6843886,1.5685078,7.838858324872885,4.6843886
Guinea-Bissau,2009,2.5,21.8693560923226,2044.7771,-1.6513973,2.7134333,7.623044064981225,-1.6513973
Guyana,2009,3.0,62.4041602508246,9924.526,2.952301,7.1254573,9.202764346228534,2.952301
Haiti,2009,2.5,24.7902434105249,3426.3892,0.39388603,4.6330423,8.139262274299929,0.39388603
Honduras,2009,3.0,47.3411713070018,5313.756,5.4963427,5.26835,8.578054208818445,5.4963427
India,2009,3.5,16.367996826753,4731.362,10.882353,4.9579716,8.46196838929659,10.882353
Kenya,2009,3.0,34.5392137684996,4012.1943,9.234126,6.31449,8.297093577620013,9.234126
Lesotho,2009,3.5,59.8932503933509,2538.1934,-16.859692,5.701014,7.839207847104777,-16.859692
Liberia,2009,3.0,19.0258710519768,1492.9982,7.427643,4.103702,7.308541591912208,7.427643
Madagascar,2009,2.5,10.0685067394519,1678.999,8.954218,4.6597996,7.425953061484749,8.954218
Malawi,2009,3.0,36.8640658674383,1449.7261,8.422044,4.381162,7.279129921019695,8.422044
Maldives,2009,3.0,68.7370688554181,16162.917,4.5301766,4.6037393,9.690474823211323,4.5301766
Mali,2009,3.5,16.9376043646515,2181.9348,2.4637518,1.785342,7.687967285103312,2.4637518
Mauritania,2009,2.5,41.9048610131709,5639.7876,2.2209203,3.747564,8.637601684208496,2.2209203
Moldova,2009,3.0,48.0491374157512,9001.234,-0.0627186,11.47674,9.105116958030598,-0.0627186
Mongolia,2009,3.0,37.7839249575078,9095.977,7.619506,9.941698,9.115587506843182,7.619506
Mozambique,2009,3.0,11.4336478263529,1178.7091,3.7886133,2.33833,7.072175135572621,3.7886133
Nepal,2009,3.0,17.1152004903364,2961.839,11.094824,3.387824,7.99356563818502,11.094824
Nicaragua,2009,3.0,50.8292848712834,5492.955,3.6870017,5.892,8.61122164106439,3.6870017
Niger,2009,2.5,10.1682565418577,1277.6923,0.5829066,1.4983741,7.152810839125334,0.5829066
Nigeria,2009,3.0,12.1681456462959,5102.9165,12.5378275,5.803909,8.537567518006327,12.5378275
Pakistan,2009,2.5,36.9386410982552,4270.439,13.647765,4.46613,8.359471911242503,13.647765
Papua New Guinea,2009,3.0,18.7687960685823,3349.6436,6.9183254,3.9943833,8.1166092310998,6.9183254
Rwanda,2009,3.5,53.435235566013,1698.4929,12.944398,3.6164458,7.437496607432938,12.944398
Samoa,2009,4.0,50.9985664950805,6104.1274,6.3249536,11.5275755,8.716720444306118,6.3249536
Sao Tome and Principe,2009,3.5,53.7061674427445,4919.1953,16.957476,5.1801276,8.500900239198895,16.957476
Senegal,2009,3.0,33.1352644425191,3371.4617,-2.2480214,2.04789,8.123101668181297,-2.2480214
Sierra Leone,2009,3.0,9.89256652884782,2306.1973,7.469019,3.2796776,7.743355256579241,7.469019
Solomon Islands,2009,3.0,26.6081293616483,2514.886,7.092717,5.4533544,7.829982753474684,7.092717
Sri Lanka,2009,3.0,57.5833897834344,9156.319,3.4649632,10.19463,9.12219952100726,3.4649632
Sudan,2009,1.5,39.7103588320996,4188.0547,11.256759,3.09,8.339991633032161,11.256759
Tajikistan,2009,2.0,64.9502763676112,2349.5002,6.448235,11.130793,7.761957903667361,6.448235
Tanzania,2009,3.0,12.1411453499982,2560.811,12.142228,5.103504,7.848079284179073,12.142228
Togo,2009,2.0,13.731182378503,1930.7802,3.7136059,3.3421,7.5656794489171,3.7136059
Tonga,2009,3.5,45.5108276157804,5453.875,1.4268597,10.577563,8.604081644184328,1.4268597
Uganda,2009,2.5,19.6324542326069,2188.299,13.017256,5.521955,7.690879808684476,13.017256
Vanuatu,2009,3.0,27.0369131499725,3396.736,4.2970657,5.953568,8.130570249509129,4.2970657
Zambia,2009,3.0,19.2538138588389,3065.8442,13.395255,6.210289,8.028078242745963,13.395255
Afghanistan,2010,2.0,10.0672023855202,2848.5862,2.1785376,1.8902262,7.954578080003741,2.1785376
Angola,2010,2.5,28.1425424230944,9672.839,14.469657,3.8288748,9.17707713377648,14.469657
Armenia,2010,3.0,34.8793195962965,10438.564,8.176361,11.123917,9.25326230408333,8.176361
Azerbaijan,2010,2.5,31.9447483193235,19621.385,5.7268724,10.46595,9.884375321861345,5.7268724
Bangladesh,2010,3.0,37.659794043448,4125.464,8.126677,5.11867,8.32493377729132,8.126677
Benin,2010,3.5,9.85120506400096,2733.574,2.2078354,2.560804,7.9133651894886565,2.2078354
Bhutan,2010,4.5,30.7980409104005,9985.284,7.036383,2.359933,9.208867688109427,7.036383
Bolivia,2010,3.5,40.7729426899465,7571.678,2.503276,7.7123103,8.93216998633255,2.503276
Bosnia and Herzegovina,2010,3.0,73.4406748737652,12310.37,1.9962124,7.11121,9.418197275591139,1.9962124
Burkina Faso,2010,3.5,22.3051338440199,1873.9714,-0.7642307,1.10953,7.535815201209124,-0.7642307
Burundi,2010,2.0,12.2456224362088,947.6214,6.493266,2.2929833,6.85395505539814,6.493266
Cambodia,2010,2.0,40.221750259181,3711.5376,3.9963953,3.869266,8.219201517181215,3.9963953
Cameroon,2010,2.5,20.273790120516,4286.583,1.2753805,5.20321,8.36324519104811,1.2753805
Central African Republic,2010,2.5,5.86917677737653,1479.4137,1.4910237,3.2368796,7.299401139621907,1.4910237
Chad,2010,2.0,8.07241360572976,2081.1394,-2.0778658,1.811624,7.640670811175572,-2.0778658
Comoros,2010,2.5,36.7446886493181,3220.643,3.3547578,4.2872415,8.077336308044165,3.3547578
Cote d'Ivoire,2010,2.0,20.1065349809789,4338.6523,1.2264562,5.166125,8.375319048916124,1.2264562
Ethiopia,2010,2.5,10.5201111904365,1381.1904,8.149264,2.1346073,7.230701015013837,8.149264
Georgia,2010,3.5,41.1495267590958,11294.368,7.110179,12.380912,9.332059473374692,7.110179
Ghana,2010,4.0,23.1516455761696,4495.689,10.73339,7.58078,8.410874216583128,10.73339
Guinea,2010,2.0,10.5329382096822,2594.8306,15.050269,1.58216,7.861276514085768,15.050269
Guinea-Bissau,2010,2.5,21.9978897330768,2104.291,2.5178514,2.8608544,7.651733872278724,2.5178514
Guyana,2010,2.5,62.7602695585065,10374.395,3.7333777,7.2687755,9.247096030145602,3.7333777
Haiti,2010,2.5,24.7833345944517,3195.2483,4.827342,4.722714,8.069420078971936,4.827342
Honduras,2010,3.0,44.5686934198257,5396.0723,4.6988907,5.42517,8.59342661605182,4.6988907
India,2010,3.5,16.5749515739007,5059.2827,11.98939,5.0651,8.528979993339489,11.98939
Kenya,2010,3.0,34.8378132419436,4211.5244,3.9613888,5.81804,8.345579951398852,3.9613888
Lesotho,2010,3.5,59.918196098929,2651.378,-2.4052424,5.865998,7.882834783827119,-2.4052424
Liberia,2010,3.0,19.1400921362661,1538.8508,7.289928,4.1668673,7.3387911830704295,7.289928
Madagascar,2010,2.5,9.32182784324969,1640.9562,9.247322,4.705737,7.4030343996918315,9.247322
Malawi,2010,3.0,37.1260636959832,1504.3751,7.411591,4.533205,7.316132875010122,7.411591
Maldives,2010,3.0,71.2342601066683,16668.656,6.149885,4.8763857,9.721285348619336,6.149885
Mali,2010,3.5,17.1057028072344,2224.4338,1.1089269,1.900566,7.707257690306758,1.1089269
Mauritania,2010,2.5,42.3497046256487,5605.7637,6.2835407,3.832967,8.631550579569844,6.2835407
Moldova,2010,3.0,44.295507738114,9649.951,7.483851,11.48941,9.174708116599932,7.483851
Mongolia,2010,3.0,43.1058831006306,9507.119,10.046206,10.04177,9.159796165373361,10.046206
Mozambique,2010,3.0,11.8194546679303,1224.2302,12.425542,2.47908,7.110067517284395,12.425542
Nepal,2010,2.5,17.3082692042632,3085.314,9.326504,3.454652,8.034408713980065,9.326504
Nicaragua,2010,2.5,51.1288392392877,5654.358,5.4551344,6.0,8.640181854253989,5.4551344
Niger,2010,3.0,9.8767775723474,1336.5641,0.8040731,1.5300299,7.197857495521283,0.8040731
Nigeria,2010,3.0,12.5066259957059,5359.5186,13.740052,5.8395967,8.586629436598544,13.740052
Pakistan,2010,2.5,36.5499225101131,4228.7817,12.93887,4.59494,8.349669216371876,12.93887
Papua New Guinea,2010,3.0,18.9834926151173,3579.1714,6.013609,4.076955,8.182886600091512,6.013609
Rwanda,2010,3.5,53.8846365547803,1777.6393,-0.2461287,3.7612767,7.483041527101824,-0.2461287
Samoa,2010,4.0,51.243313340898,6427.3115,0.7770073,11.603723,8.768311611599923,0.7770073
Sao Tome and Principe,2010,3.5,53.8621454310265,4882.048,13.340053,5.243659,8.493320082940622,13.340053
Senegal,2010,3.0,33.1743467590417,3403.5671,1.2286812,2.21715,8.132579307692934,1.2286812
Sierra Leone,2010,3.0,9.96813710552298,2393.2441,7.1856627,3.3084493,7.7804050885565275,7.1856627
Solomon Islands,2010,3.0,27.2166313863444,2682.2854,1.0514816,5.4950423,7.894424471304683,1.0514816
Sri Lanka,2010,3.0,55.547273468864,9832.187,6.217649,10.239589,9.193416670593074,6.217649
Sudan,2010,1.5,40.69320082119,4219.837,12.977667,3.13,8.347551780691653,12.977667
Tajikistan,2010,2.0,65.5499501456013,2449.2737,6.4453144,11.167079,7.803546810609496,6.4453144
Tanzania,2010,2.5,12.537721871207,2654.8035,6.2001557,5.218806,7.884125919637633,6.2001557
Togo,2010,2.5,13.8352153086921,1988.9521,1.4459451,3.49261,7.595363196110491,1.4459451
Tonga,2010,3.5,45.8366843600879,5488.75,3.5349123,10.746511,8.610455821875927,3.5349123
Uganda,2010,2.5,19.8668172312739,2244.606,3.976553,5.89326,7.716285283660646,3.976553
Vanuatu,2010,3.0,29.7755235384666,3359.8496,2.7626946,6.052021,8.119651490050645,2.7626946
Zambia,2010,2.5,20.7746431425637,3266.5076,8.501761,6.3012958,8.091476680927418,8.501761
Zimbabwe,2010,1.5,24.8521410905826,2572.77,3.02267,7.666366,7.852738418468903,3.02267
Afghanistan,2011,2.0,10.9343034403902,2757.0525,11.804186,1.9370431,7.9219174532799235,11.804186
Angola,2011,2.5,28.1018633336921,9627.0205,13.482468,3.8693287,9.172329059203351,13.482468
Armenia,2011,3.0,34.9750150555207,10990.177,7.650008,11.19455,9.304757152818475,7.650008
Bangladesh,2011,2.5,38.1501986446832,4352.4263,11.395165,5.19887,8.37848873870174,11.395165
Benin,2011,3.5,9.97776788117158,2732.0125,2.7042391,2.573582,7.912793796082849,2.7042391
Bhutan,2011,4.5,28.8846115312569,10714.687,8.848986,2.2887266,9.279370696095109,8.848986
Bolivia,2011,3.5,39.6588454287796,7837.493,9.884464,7.94308,8.966674291798832,9.884464
Bosnia and Herzegovina,2011,3.0,74.7482848938548,12659.914,3.67125,7.23811,9.44619590262612,3.67125
Burkina Faso,2011,3.5,22.681364192588,1939.8666,2.7597673,1.15373,7.5703744868065,2.7597673
Burundi,2011,2.0,12.2593365440887,951.1885,9.592166,2.226105,6.857712255311898,9.592166
Cambodia,2011,2.0,43.1372451066556,3921.979,5.4784474,3.801562,8.274351652330942,5.4784474
Cameroon,2011,2.5,20.7335415873287,4307.852,2.9396994,5.3552723,8.368194682997192,2.9396994
Central African Republic,2011,2.5,5.9782249147048,1517.1484,1.1944758,3.3565626,7.324587799217935,1.1944758
Chad,2011,2.0,8.22126936247603,2010.6174,2.0292406,1.858418,7.606197118066968,2.0292406
Comoros,2011,2.5,38.0241999293966,3287.7173,1.842663,4.4443965,8.097948773160903,1.842663
Cote d'Ivoire,2011,2.5,20.6552488971757,4017.4077,4.912434,5.044014,8.298392122861129,4.912434
Ethiopia,2011,3.0,10.8753553095855,1492.5339,33.249958,2.17183,7.308230558576647,33.249958
Georgia,2011,3.5,41.7983018081647,12288.683,8.542933,12.438606,9.416434036525086,8.542933
Ghana,2011,4.0,23.8245054239043,5005.367,8.728459,7.3721685,8.518266015734378,8.728459
Guinea,2011,2.0,11.0697985305956,2673.4087,21.316927,1.6545324,7.891109603815013,21.316927
Guinea-Bissau,2011,2.5,22.4038918566128,2215.4033,5.046102,3.0082755,7.703189742654712,5.046102
Guyana,2011,2.5,63.1123655807112,10958.859,4.9777355,7.412094,9.301903449243202,4.9777355
Haiti,2011,2.5,25.024423254796,3320.347,6.3327947,4.8243423,8.10782457452119,6.3327947
Honduras,2011,3.0,47.1000230281869,5488.4336,6.7622795,5.58199,8.610398175031051,6.7622795
India,2011,3.5,17.734877569143,5249.5493,8.911794,5.30191,8.565897504281503,8.911794
Kenya,2011,3.0,35.1903483835022,4307.106,14.022491,6.0598865,8.368021495849474,14.022491
Lesotho,2011,3.5,60.2317909638334,2749.3196,5.0366306,6.030982,7.9191087418658705,5.0366306
Liberia,2011,3.0,19.5760798909481,1601.0337,8.488168,4.256521,7.37840476211934,8.488168
Madagascar,2011,2.5,10.1345659856988,1620.1902,9.48254,4.751675,7.390298828742127,9.48254
Malawi,2011,3.0,37.4597611256858,1533.2289,7.6228228,4.685248,7.335131182793922,7.6228228
Maldives,2011,3.0,73.2778487237072,17473.715,11.273415,5.149032,9.768453030778826,11.273415
Mali,2011,3.5,17.1643434516227,2222.8792,2.955644,2.01579,7.706558571507015,2.955644
Mauritania,2011,2.5,42.8581766118174,5653.2173,5.68632,3.959038,8.639980095702997,5.68632
Moldova,2011,3.5,44.4553991807642,10217.309,7.687251,11.55617,9.231838521845553,7.687251
Mongolia,2011,3.5,43.8823588993604,10960.096,8.411215,10.149555,9.302016319587732,8.411215
Mozambique,2011,3.0,12.1164821855389,1275.5295,11.166606,2.61983,7.15111666549944,11.166606
Nepal,2011,3.0,17.5385206659978,3176.6504,9.227076,3.52148,8.063582587295464,9.227076
Nicaragua,2011,2.5,51.5727223914521,5927.27,8.082388,6.136,8.687319014993568,8.082388
Niger,2011,3.0,9.68492634728694,1318.1013,2.9423852,1.5849,7.183947570986047,2.9423852
Nigeria,2011,3.0,12.8129626515362,5488.005,10.826138,5.875284,8.610320080484023,10.826138
Pakistan,2011,2.5,36.9713377738182,4246.067,11.916093,4.72111,8.353748421695936,11.916093
Papua New Guinea,2011,3.0,19.1586210375089,3514.8328,4.440834,4.207004,8.164747235545825,4.440834
Rwanda,2011,3.5,54.4630365930078,1872.6146,3.0801706,3.7634382,7.535090915120769,3.0801706
Samoa,2011,4.0,51.5366506498113,6616.771,5.235416,11.67987,8.797362765584873,5.235416
Sao Tome and Principe,2011,3.5,54.1383500607588,4876.473,14.327167,5.30797,8.492177491638822,14.327167
Senegal,2011,3.5,33.1662513694884,3362.8794,3.4032283,2.38641,8.120552850258717,3.4032283
Sierra Leone,2011,3.0,10.0764112243129,2471.7185,6.791383,3.3372207,7.8126689366887545,6.791383
Solomon Islands,2011,3.0,27.9369953789754,2777.471,7.342707,5.5370493,7.929296080415172,7.342707
Sri Lanka,2011,3.0,55.0914969010696,10618.492,6.7167683,10.284547,9.27035228847999,6.7167683
Sudan,2011,1.5,41.2508285088676,4467.626,18.096617,3.228,8.404612450329207,18.096617
Tajikistan,2011,2.5,66.0160045250986,2572.4807,12.431549,11.203364,7.852625965250518,12.431549
Tanzania,2011,3.0,12.6751544764217,2779.7078,12.690969,5.334108,7.9301010932467895,12.690969
Togo,2011,2.5,13.983586406614,2048.8154,3.5635147,3.64312,7.625017051452146,3.5635147
Tonga,2011,3.5,46.1697555734623,5847.444,6.270753,10.91546,8.67375992167028,6.270753
Uganda,2011,2.5,20.3283050886073,2384.4653,16.56435,5.50929,7.776730185315345,16.56435
Uzbekistan,2011,2.0,50.2580925248168,6100.251,13.779745,11.071743,8.716085196855849,13.779745
Vanuatu,2011,3.0,30.7421268027926,3390.961,0.8737931,6.1521015,8.128868641027358,0.8737931
Zambia,2011,2.5,20.5740970513928,3335.6433,6.4293966,6.3923025,8.112420833301378,6.4293966
Zimbabwe,2011,1.5,24.9732356902616,2897.1008,3.4661298,7.767883,7.971465791779151,3.4661298
Afghanistan,2012,2.0,11.753901297755,2985.319,6.4412127,1.9838598,8.001461887788452,6.4412127
Angola,2012,2.5,31.1046970215988,10051.34,10.2779045,3.9097824,9.215461237932457,10.2779045
Armenia,2012,3.5,35.1524010656528,11796.274,2.55802,11.288965,9.37553899787835,2.55802
Bangladesh,2012,2.5,38.5899310659153,4592.0483,6.217504,5.30234,8.432081456236768,6.217504
Benin,2012,3.5,10.1401690544274,2779.7266,6.7446823,2.58636,7.930107856524724,6.7446823
Bhutan,2012,4.5,29.1081259362921,11143.944,10.919657,2.21752,9.318651490321388,10.919657
Bolivia,2012,3.5,40.9015203201707,8108.205,4.515603,8.17385,9.000631790922712,4.515603
Bosnia and Herzegovina,2012,3.0,72.6080203678541,12801.112,2.0526745,7.8900766,9.457287321134293,2.0526745
Burkina Faso,2012,3.5,22.9914188293769,2003.6647,3.8181524,1.19793,7.6027331328367165,3.8181524
Burundi,2012,2.0,12.3837909499541,958.6574,18.161045,2.1592267,6.86553376392305,18.161045
Cambodia,2012,2.0,46.0336260719877,4159.1636,2.9343162,3.7338579,8.333069275348194,2.9343162
Cameroon,2012,2.5,21.2728459522233,4382.1113,2.7352967,5.507335,8.385285919193876,2.7352967
Central African Republic,2012,2.5,6.10825072152009,1577.9806,5.478296,3.4762454,7.363901207287155,5.478296
Chad,2012,2.0,8.38177133552087,2113.6475,7.5166235,1.9052119,7.656170407020456,7.5166235
Comoros,2012,2.5,39.1601333270739,3324.3396,6.3147445,4.601552,8.109026316821724,6.3147445
Cote d'Ivoire,2012,2.5,21.0812943980918,4234.1807,1.3045112,4.9219027,8.350945129102492,1.3045112
Ethiopia,2012,3.0,11.3762115210725,1576.7687,23.600418,2.222822,7.3631329053117085,23.600418
Georgia,2012,3.5,43.357728606813,13193.96,-0.9436588,12.4963,9.487514428097153,-0.9436588
Ghana,2012,4.0,24.3760286291637,5339.7134,11.186341,7.163557,8.582927260101947,11.186341
Guinea,2012,2.0,11.7942365367062,2762.9036,15.2262945,1.726905,7.92403743470202,15.2262945
Guinea-Bissau,2012,2.0,22.6431332104231,2120.3096,2.1305459,3.1556969,7.6593173947394355,2.1305459
Guyana,2012,2.5,63.5150422946694,11534.998,2.391935,7.5554123,9.35314099722249,2.391935
Haiti,2012,2.5,24.9708383616719,3285.7075,5.0180416,4.92597,8.097337280636449,5.0180416
Honduras,2012,3.0,43.1091188110815,5600.608,5.196186,5.51822,8.630630442258362,5.196186
India,2012,3.5,18.9452747726638,5460.4375,9.478997,5.399106,8.605284193733986,9.478997
Kenya,2012,3.0,35.4998797017316,4387.938,9.37777,6.301733,8.386614691851362,9.37777
Lesotho,2012,3.5,60.3586948927548,2894.227,6.0514364,6.195966,7.970473342263211,6.0514364
Liberia,2012,3.0,19.9858239375199,1668.9729,6.831787,4.346175,7.419963686262184,6.831787
Madagascar,2012,2.5,10.9930239106456,1623.4409,5.7138443,4.797613,7.392303188046917,5.7138443
Malawi,2012,3.0,37.4182388923226,1518.1481,21.271265,4.8372912,7.325246515779002,21.271265
Maldives,2012,3.0,75.1658462781288,17278.963,10.884696,5.421678,9.757245028983206,10.884696
Mali,2012,3.0,17.4105578284047,2140.8455,5.3231287,1.9698575,7.668956123444973,5.3231287
Mauritania,2012,2.5,42.8509414851118,5716.252,4.902427,4.085109,8.651068624851932,4.902427
Moldova,2012,3.5,42.9790528497625,10158.386,4.5463343,11.70311,9.226054850245445,4.5463343
Mongolia,2012,3.5,47.6210447709354,12078.919,14.330335,10.2573395,9.39921698072966,14.330335
Mozambique,2012,3.0,12.5044552719758,1338.516,2.6024547,2.762075,7.199316816568454,2.6024547
Nepal,2012,3.0,17.7512291735569,3316.5007,9.45981,3.56395,8.106665500031472,9.45981
Nicaragua,2012,2.5,51.9068424927371,6224.3403,7.1935506,6.272,8.736222739813451,7.1935506
Niger,2012,3.0,8.01714279706998,1403.1897,0.4550898,1.63977,7.246503281226097,0.4550898
Nigeria,2012,3.0,13.0646290052946,5563.6416,12.224241,5.910972,8.624008136878075,12.224241
Pakistan,2012,2.5,38.331219990375,4292.021,9.682352,4.81815,8.364512996562478,9.682352
Papua New Guinea,2012,3.0,19.3329703161419,3577.4517,4.537205,4.337054,8.182406010291247,4.537205
Rwanda,2012,3.5,54.9309508306129,1986.3146,10.271018,3.7656,7.594036240921793,10.271018
Samoa,2012,4.0,51.8079021760568,6311.961,2.0490189,11.645111,8.750201683799398,2.0490189
Sao Tome and Principe,2012,3.5,54.1529839309952,4919.5527,10.637936,5.37307,8.500972890719222,10.637936
Senegal,2012,3.5,32.9789927409198,3405.1086,1.4182287,2.58445,8.133032112348129,1.4182287
Sierra Leone,2012,3.0,10.2766678228148,2776.2537,6.5877624,3.3659923,7.928857707940752,6.5877624
Solomon Islands,2012,3.0,28.5522830640651,2743.4534,5.912006,5.579377,7.91697277075244,5.912006
Sri Lanka,2012,3.0,56.4181739467781,11447.693,7.542914,10.329506,9.345543503965455,7.542914
Sudan,2012,1.5,42.4335287482888,4145.9316,35.55906,3.326,8.329882795030402,35.55906
Tajikistan,2012,2.5,66.6224987910157,2700.0955,5.831166,11.239651,7.901042421737274,5.831166
Tanzania,2012,3.0,12.9101132704123,2822.4854,16.001093,5.44941,7.945373123291218,16.001093
Togo,2012,2.5,14.0725865812037,2121.429,2.5771818,3.8456967,7.659845197195714,2.5771818
Tonga,2012,3.5,46.4721113388715,5907.2676,1.1475385,10.907453,8.683938668464972,1.1475385
Uganda,2012,2.0,20.4186146651372,2405.0945,12.679038,5.12532,7.785344474907199,12.679038
Uzbekistan,2012,2.0,50.6244627404203,6435.5645,13.208802,11.169882,8.769594839570479,13.208802
Vanuatu,2012,3.5,31.7489362162864,3350.771,1.3474036,6.253837,8.116945747592567,1.3474036
Zambia,2012,3.0,20.3680772644889,3474.5525,6.5758996,6.4833093,8.153220972728008,6.5758996
Zimbabwe,2012,1.5,24.5874271197777,3299.2598,3.7253268,7.8694,8.101453419264582,3.7253268
Afghanistan,2013,2.0,12.590074390032,3046.5798,7.3857718,2.0306766,8.0217748633386,7.3857718
Angola,2013,2.5,33.9597863970503,10150.916,8.777814,3.9502363,9.2253192267034,8.777814
Armenia,2013,3.5,35.350051372826,12194.019,5.7896676,11.38338,9.408700864609896,5.7896676
Bangladesh,2013,2.5,38.9753052855641,4822.726,7.5304065,5.06477,8.481094607341744,7.5304065
Benin,2013,3.5,10.3643675756096,2893.0466,0.4288889,2.599138,7.970065412692931,0.4288889
Bhutan,2013,4.5,29.0009038867129,11212.4795,8.776383,2.585664,9.32478267804877,8.776383
Bolivia,2013,3.5,39.8292685460667,8524.032,5.7364,8.4255905,9.050644747317515,5.7364
Bosnia and Herzegovina,2013,3.0,74.5709759474401,13316.922,-0.09304568,8.542043,9.496790836309952,-0.09304568
Burkina Faso,2013,3.5,23.2316318757757,2057.064,0.5337385,1.24213,7.6290350024407045,0.5337385
Burundi,2013,2.0,12.6154606753917,970.37537,7.9379582,2.0923483,6.877682976021663,7.9379582
Cambodia,2013,2.0,45.818514869759,4419.399,2.941625,3.666154,8.393758992975918,2.941625
Cameroon,2013,2.5,21.8046061806104,4473.5723,2.050347,5.6593976,8.405942540699007,2.050347
Central African Republic,2013,2.5,5.65997429409356,996.89636,6.9887934,3.5959284,6.904646812702903,6.9887934
Chad,2013,2.0,8.46442313268234,2155.7854,0.22267157,1.952006,7.6759103908967266,0.22267157
Comoros,2013,2.5,40.3728961525598,3400.173,-4.294873,4.777157,8.13158159166273,-4.294873
Cote d'Ivoire,2013,3.0,23.2957908663022,4597.1865,2.5811703,4.7997913,8.433199764920206,2.5811703
Djibouti,2013,2.5,46.5463133507467,4446.4136,2.7060325,3.1402094,8.399853117637754,2.7060325
Ethiopia,2013,3.0,11.77141089392,1696.8651,7.464022,2.273814,7.436537768851137,7.464022
Georgia,2013,3.5,42.4525118880768,13913.002,-0.51205844,12.55732,9.540579077592316,-0.51205844
Ghana,2013,4.0,24.9152270985839,5593.775,11.666192,6.9549456,8.629409651286922,11.666192
Guinea,2013,2.5,12.4290291819227,2802.56,11.8875885,1.7992774,7.938288564172979,11.8875885
Guinea-Bissau,2013,2.0,22.8306798049703,2131.8306,1.2071255,3.303118,7.664736326219003,1.2071255
Guyana,2013,3.0,63.8188468328676,11896.906,1.9012518,7.6987305,9.38403364529376,1.9012518
Haiti,2013,2.5,24.7786660843752,3376.64,4.765024,5.0275984,8.124636411208785,4.765024
Honduras,2013,3.0,44.4906865188882,5644.134,5.161899,5.8470097,8.638372054717799,5.161899
India,2013,3.5,19.9668373049133,5732.2417,10.017879,5.496302,8.653861954842041,10.017879
Kenya,2013,3.0,35.8269826927177,4443.371,5.7174935,6.54358,8.399168601587993,5.7174935
Lesotho,2013,3.5,60.3852061388123,2914.3752,4.865119,6.36095,7.977410736187932,4.865119
Liberia,2013,3.0,20.4463812253303,1774.5206,7.5773067,4.4358287,7.481285580923085,7.5773067
Madagascar,2013,2.0,10.8104237930529,1616.2273,5.8264294,4.8435507,7.387849885130516,5.8264294
Malawi,2013,2.5,37.5927297922863,1555.5061,27.283333,4.989334,7.349556237898629,27.283333
Maldives,2013,3.0,76.9855931442353,17869.932,3.80563,5.6943245,9.790874802886021,3.80563
Mali,2013,3.0,17.5274361582614,2126.94,-0.60673636,1.923925,7.662439606057652,-0.60673636
Mauritania,2013,2.5,42.6623575000402,5769.7285,4.1291018,4.21118,8.660380304668914,4.1291018
Moldova,2013,3.5,42.1781648551549,11080.063,4.597879,11.69208,9.312902646205687,4.597879
Mongolia,2013,3.5,49.2466184050621,13210.095,10.490657,10.365125,9.488736589012086,10.490657
Mozambique,2013,3.0,12.7594162934154,1385.8325,4.2613525,2.90432,7.234056321075882,4.2613525
Myanmar,2013,2.5,31.1612691758145,4666.9536,5.6430387,4.335717,8.448261803753402,5.6430387
Nepal,2013,3.0,17.9997746624156,3426.5579,9.040163,3.60642,8.139311508592145,9.040163
Nicaragua,2013,3.0,52.9369308490501,6440.852,7.135468,6.408,8.770416108484419,7.135468
Niger,2013,3.0,6.55585156214913,1423.2617,2.2972312,1.5741267,7.260706488419219,2.2972312
Nigeria,2013,3.0,13.3259253407304,5775.866,8.495519,5.9466596,8.661443480857567,8.495519
Pakistan,2013,2.5,39.7463738780914,4407.147,7.6921563,4.95804,8.390982820310194,7.6921563
Papua New Guinea,2013,3.0,19.5329844277891,3615.2832,4.9603176,4.4671035,8.19292547177339,4.9603176
Rwanda,2013,3.5,55.17758830498,2030.6693,5.9242687,3.9108899,7.616120722128768,5.9242687
Samoa,2013,4.0,52.1251705985572,6262.3237,0.6100857,11.6103525,8.742306593300247,0.6100857
Sao Tome and Principe,2013,3.5,54.3942992874109,5072.112,8.105833,5.440604,8.531512577892185,8.105833
Senegal,2013,3.5,32.5752575614796,3385.426,0.7102455,2.78249,8.127235026763316,0.7102455
Sierra Leone,2013,3.0,10.6780757689422,3279.8674,5.524129,3.394764,8.095558273731735,5.524129
Solomon Islands,2013,3.0,29.1780059689413,2783.5945,5.391364,5.6220284,7.931498357110143,5.391364
Sri Lanka,2013,3.0,56.2863613051605,12249.723,6.90845,10.374464,9.413258603472315,6.90845
Sudan,2013,1.5,43.3928849374108,4130.486,36.522346,3.424,8.326150354576649,36.522346
Tajikistan,2013,2.5,67.1852046370634,2828.3855,5.0096464,11.275936,7.947461333143617,5.0096464
Tanzania,2013,3.0,13.1687181272898,2924.8633,7.8707237,5.46413,7.981003023531105,7.8707237
Togo,2013,2.5,14.3193966560718,2188.07,1.8253947,4.0482736,7.690775155717502,1.8253947
Tonga,2013,3.5,46.6244840321529,5951.6943,0.77562934,10.899445,8.691431214306816,0.77562934
Uganda,2013,2.0,21.6001015277172,2420.8882,4.9052086,5.3164525,7.791889776606997,4.9052086
Uzbekistan,2013,2.0,50.9783857788275,6797.775,11.841434,11.26889,8.82435063173832,11.841434
Vanuatu,2013,3.5,32.774983646288,3292.2341,1.4589337,6.3572555,8.099321671054785,1.4589337
Zambia,2013,3.0,22.6033288665228,3535.2246,6.977676,6.574316,8.170532112380235,6.977676
Zimbabwe,2013,1.5,24.4482646414909,3357.1282,1.6349504,7.990935,8.11884118510996,1.6349504
Afghanistan,2014,2.0,13.5250954979644,3017.9426,4.673996,2.0774932,8.012330619928901,4.673996
Bangladesh,2014,2.5,39.2607458675762,5068.6396,6.9916387,5.1944,8.530827737108645,6.9916387
Benin,2014,3.5,10.5561502921811,2987.3823,-0.54875755,2.611916,8.002152797974125,-0.54875755
Bhutan,2014,4.5,28.874496373271,11744.519,8.271061,2.953808,9.371141942657117,8.271061
Bolivia,2014,3.5,37.3064797916437,8851.712,5.7666006,8.67733,9.08836616562133,5.7666006
Burkina Faso,2014,3.5,23.4171993481253,2083.1985,-0.2580895,1.28633,7.641659731967908,-0.2580895
Burundi,2014,2.5,12.7233223404281,977.76587,4.405352,2.02547,6.88527024464683,4.405352
Cambodia,2014,2.0,45.5348818252978,4702.7305,3.8556886,3.59845,8.455898576454512,3.8556886
Cameroon,2014,2.5,22.3468900807159,4588.4863,1.8548985,5.81146,8.431305466529428,1.8548985
Central African Republic,2014,2.5,5.46633309446478,1001.85596,14.8986845,3.7156115,6.90960951881642,14.8986845
Chad,2014,2.5,8.60459387304083,2223.7139,1.6819731,1.9988,7.706934005009039,1.6819731
Cote d'Ivoire,2014,3.0,24.2606766567645,4907.5747,0.44868207,4.67768,8.498535147634362,0.44868207
Djibouti,2014,2.5,46.7924172404037,4675.4517,1.341865,3.2618196,8.4500810573762,1.341865
Ethiopia,2014,3.0,12.1973347685666,1821.3915,6.8900194,2.324806,7.507356048382959,6.8900194
Ghana,2014,3.5,24.2146099633541,5619.0723,15.489616,6.7463346,8.633921858087614,15.489616
Guinea,2014,2.5,13.0710470193382,2834.9663,6.1505055,1.87165,7.949785328965979,6.1505055
Guinea-Bissau,2014,2.0,22.7685194544346,2096.5789,-1.5092446,3.450539,7.648062200054829,-1.5092446
Guyana,2014,3.0,64.0188060527044,12030.053,0.8526305,7.8420486,9.395163214611555,0.8526305
Haiti,2014,2.5,25.0788854509749,3423.653,3.4381666,5.129226,8.138463388668093,3.4381666
Honduras,2014,3.0,49.6697327332356,5705.1626,6.129249,6.1758,8.649126763204658,6.129249
Kenya,2014,3.0,36.1619776774519,4558.552,6.8781548,6.7854266,8.424760308221055,6.8781548
Lesotho,2014,3.0,60.6554808548719,2930.6172,5.37029,6.525934,7.982968328292005,5.37029
Liberia,2014,3.0,20.7990177750381,1750.1438,9.861113,4.5254827,7.467453234970244,9.861113
Madagascar,2014,2.5,10.7078533067453,1626.017,6.080408,4.8894887,7.3938887451576525,6.080408
Malawi,2014,2.5,37.7518478412287,1597.5648,23.792065,5.141377,7.3762357488093,23.792065
Maldives,2014,3.0,78.7251730432111,18633.04,2.1200018,5.966971,9.83269162795403,2.1200018
Mali,2014,3.0,17.7471902096897,2206.7646,0.8838146,1.8779925,7.699282739942804,0.8838146
Mauritania,2014,3.0,42.042351097827,5837.852,3.5343685,4.213705,8.67211819994506,3.5343685
Moldova,2014,3.0,40.4351775150293,11641.121,5.0887856,11.76074,9.362299022490243,5.0887856
Mongolia,2014,3.5,49.7202013121359,13943.428,12.253981,10.47291,9.542763565130695,12.253981
Mozambique,2014,3.0,13.1890622098422,1449.9293,2.5597486,3.046565,7.27927007560519,2.5597486
Myanmar,2014,3.0,31.9400088656189,5006.507,4.953299,4.5349555,8.518493745329243,4.953299
Nepal,2014,3.0,18.160890635533,3621.7317,8.364155,3.64889,8.194707560603032,8.364155
Nicaragua,2014,3.0,53.9939990819344,6657.196,6.035969,6.544,8.80345365385918,6.035969
Niger,2014,3.0,5.33891513309609,1462.8213,-0.93028724,1.5084834,7.288122247284883,-0.93028724
Nigeria,2014,3.0,13.6039288570021,5980.192,8.047411,6.296143,8.696207953452669,8.047411
Pakistan,2014,2.5,39.7612116128528,4520.235,7.189384,5.16264,8.416319262625226,7.189384
Papua New Guinea,2014,3.0,19.828210807669,3998.6182,5.2221174,4.597153,8.293704130420432,5.2221174
Rwanda,2014,3.5,55.492565818996,2104.416,2.3544905,4.05618,7.651793272945027,2.3544905
Samoa,2014,4.0,52.4130606202024,6247.905,-0.4068161,11.575594,8.74000148653837,-0.4068161
Sao Tome and Principe,2014,3.5,54.7765983707726,5223.0957,6.9984994,5.508138,8.560845551071425,6.9984994
Senegal,2014,3.5,32.6657496436141,3484.0122,-1.090255,2.65718,8.15593983968842,-1.090255
Sierra Leone,2014,3.0,10.9324122446577,3348.4453,4.639312,3.4235353,8.116251427543988,4.639312
Solomon Islands,2014,3.0,29.8787814017054,2716.418,5.1659026,5.66468,7.907069379634999,5.1659026
Sri Lanka,2014,3.0,57.0213344801859,12909.966,3.1790023,10.419423,9.46575485021987,3.1790023
Sudan,2014,1.5,44.9450564614539,4207.5005,36.906643,3.522,8.344624044900367,36.906643
Tajikistan,2014,2.5,67.9110906755343,2943.0886,6.104428,11.3122225,7.987214853115009,6.104428
Tanzania,2014,3.0,13.4005403927145,3027.569,6.131614,5.47885,8.015515266249285,6.131614
Togo,2014,2.5,14.6501619486589,2253.4854,0.19087508,4.25085,7.720233363298976,0.19087508
Tonga,2014,3.5,46.8303106679086,6096.869,2.5108764,10.891438,8.71553063970028,2.5108764
Uganda,2014,2.0,21.1285583133655,2470.504,3.0757067,5.507585,7.8121774573899385,3.0757067
Uzbekistan,2014,2.0,51.4197389162327,7145.11,9.283093,11.34283,8.874183485626846,9.283093
Vanuatu,2014,3.0,33.8360648768148,3320.3792,0.7988638,6.4606733,8.107834272255754,0.7988638
Zambia,2014,3.0,24.7665355426738,3585.5774,7.8068757,6.665323,8.184674800037062,7.8068757
Zimbabwe,2014,1.5,24.0834682546962,3360.5522,-0.19778481,8.11247,8.119860584692146,-0.19778481
Afghanistan,2015,2.0,14.7155543069754,2967.6921,-0.6617092,2.12431,7.995539859013733,-0.6617092
Bangladesh,2015,2.5,39.4804326284911,5352.7114,6.19428,5.98583,8.58535851524673,6.19428
Benin,2015,3.5,10.7211223678345,2952.0022,0.21878593,2.6246939,7.990238930977538,0.21878593
Bhutan,2015,4.5,27.0336213390314,12400.298,4.548144,3.3219519,9.425475783562423,4.548144
Bolivia,2015,3.0,38.8995058759721,9141.929,4.0596104,8.92907,9.120626692508436,4.0596104
Burkina Faso,2015,3.5,23.5895282071769,2101.7026,0.724839,1.4446275,7.650503057126382,0.724839
Burundi,2015,2.0,13.0709751543123,918.5572,5.5446887,2.2853034,6.822804178165247,5.5446887
Cambodia,2015,2.0,45.2329314525769,4968.5728,1.2239319,3.67411,8.510887914873624,1.2239319
Cameroon,2015,2.5,23.5013140871516,4698.667,2.6762352,5.9635224,8.45503413044996,2.6762352
Central African Republic,2015,2.5,5.35100868058195,1043.9218,1.4029702,3.8352942,6.950739861422564,1.4029702
Chad,2015,2.5,8.78761104882656,2213.6567,4.3771267,2.045594,7.702401042528483,4.3771267
Cote d'Ivoire,2015,3.0,25.1786171966609,5110.8623,1.2514995,4.30888,8.539123416515299,1.2514995
Djibouti,2015,2.5,47.1771365286409,4940.632,-0.84738976,3.3834298,8.505248537221627,-0.84738976
Ethiopia,2015,3.0,12.6086259329382,1957.4144,9.568899,2.375798,7.5793796976623184,9.568899
Ghana,2015,3.5,23.2168492707928,5607.366,17.14997,6.537723,8.631836369541737,17.14997
Guinea,2015,2.5,13.7318665511103,2869.8516,11.780083,2.4517848,7.962015600099725,11.780083
Guinea-Bissau,2015,2.0,22.9885203031704,2168.7163,1.4767205,3.4950383,7.681890704669541,1.4767205
Guyana,2015,3.0,64.2882223212912,12040.082,-1.0017344,7.985367,9.39599652947085,-1.0017344
Haiti,2015,2.5,24.9714441729446,3422.0974,6.7318406,5.230854,8.138008916934279,6.7318406
Honduras,2015,3.0,48.5787677861405,5812.5347,3.1578312,6.29415,8.667772019770265,3.1578312
Kenya,2015,3.0,36.4948060660141,4679.622,6.5821543,7.027273,8.450972616418913,6.5821543
Lesotho,2015,3.0,60.8070315051477,2986.9587,3.218445,6.690918,8.002010991538667,3.218445
Liberia,2015,3.0,20.9728763040238,1714.0905,7.748697,4.6151366,7.446637898230574,7.748697
Madagascar,2015,2.5,10.5853795544229,1633.2649,7.404192,4.935426,7.398336296593681,7.404192
Malawi,2015,2.5,37.767594929404,1597.6914,21.867348,5.29342,7.376314991281354,21.867348
Maldives,2015,3.0,77.4673273704254,18715.32,0.95320666,6.2396173,9.837097718776374,0.95320666
Mali,2015,3.0,17.7433439625405,2270.787,1.4506906,1.83206,7.727881746425507,1.4506906
Mauritania,2015,3.0,41.5789631029184,5969.5425,3.254727,4.21623,8.694425570284347,3.254727
Moldova,2015,2.5,39.1424930664868,11691.08,9.67624,11.76515,9.366581436853991,9.67624
Mongolia,2015,3.5,49.2820865090375,13974.597,5.735683,10.580695,9.544996460398197,5.735683
Mozambique,2015,2.5,13.6883216395856,1512.5997,3.5507598,3.18881,7.321585105087915,3.5507598
Myanmar,2015,3.0,32.6107316892714,5313.886,9.454172,4.734194,8.578078673323366,9.454172
Nepal,2015,3.0,18.3517607056379,3745.2617,7.868909,3.69136,8.228246773349625,7.868909
Nicaragua,2015,3.0,54.4979701620586,6882.0977,3.99738,6.68,8.836678782711177,3.99738
Niger,2015,3.0,5.89570481994316,1471.6614,-0.5760904,1.4428401,7.2941472456546,-0.5760904
Nigeria,2015,3.0,13.8377395137056,5985.094,9.009435,6.6456265,8.697027323800231,9.009435
Pakistan,2015,3.0,39.405183908069,4645.286,2.529328,5.16264,8.443608220934834,2.529328
Papua New Guinea,2015,3.0,20.1081420183304,4154.5234,5.995958,4.727203,8.331952995535918,5.995958
Rwanda,2015,3.5,55.7118995246564,2236.628,2.528503,4.09515,7.712724653517783,2.528503
Samoa,2015,4.0,52.805026607681,6432.36,0.72447014,11.540834,8.769096779441785,0.72447014
Sao Tome and Principe,2015,3.5,55.1674468851278,5210.2036,5.245878,5.5756726,8.558374212678677,5.245878
Senegal,2015,3.5,33.4134219157346,3593.7947,0.13521193,2.53187,8.186963942729175,0.13521193
Sierra Leone,2015,3.0,10.7796126955366,2601.3052,6.6894355,3.452307,7.8637685980497265,6.6894355
Solomon Islands,2015,3.0,30.5354576617042,2664.7305,-0.57446927,5.707331,7.887858205782831,-0.57446927
Sri Lanka,2015,3.0,56.1467243542494,13329.779,3.7683678,10.464381,9.497755833890533,3.7683678
Sudan,2015,1.5,45.9095461087798,4159.1943,16.90957,3.62,8.33307665661271,16.90957
Tajikistan,2015,2.5,68.4887925151135,3041.4448,5.7145596,11.348508,8.020087944656398,5.7145596
Tanzania,2015,3.0,13.5567579730375,3111.4446,5.5881696,5.49357,8.042842398933521,5.5881696
Togo,2015,2.5,14.7793995742768,2317.5479,2.5850039,4.453427,7.748264966050577,2.5850039
Tonga,2015,3.5,47.1379634233936,6194.639,-1.0539984,10.88343,8.731439519564672,-1.0539984
Uganda,2015,2.0,21.6916140494932,2520.02,5.589686,5.6987176,7.8320221169819115,5.589686
Uzbekistan,2015,2.0,51.7823357642526,7529.7637,8.751882,11.35683,8.926618939159443,8.751882
Vanuatu,2015,3.0,34.7855418638726,3259.1482,2.4832687,6.5640917,8.08922115187545,2.4832687
Zambia,2015,3.0,26.5931156559432,3576.9255,10.110593,6.7563295,8.182258911533037,10.110593
Zimbabwe,2015,2.0,25.037496907319,3382.923,-2.4309685,8.38905,8.126495407658537,-2.4309685
