Country Name,Year,Schooling_Years
Afghanistan,2005,1.5215443
Afghanistan,2006,1.5952808
Afghanistan,2007,1.6690171
Afghanistan,2008,1.7427535
Afghanistan,2009,1.8164899
Afghanistan,2010,1.8902262
Afghanistan,2011,1.9370431
Afghanistan,2012,1.9838598
Afghanistan,2013,2.0306766
Afghanistan,2014,2.0774932
Afghanistan,2015,2.12431
Africa,2005,4.6076345
Africa,2006,4.687342
Africa,2007,4.780677
Africa,2008,4.937108
Africa,2009,5.0325384
Africa,2010,5.092423
Africa,2011,5.1532764
Africa,2012,5.2212915
Africa,2013,5.2966876
Africa,2014,5.426151
Africa,2015,5.591046
Albania,2005,9.082582
Albania,2006,9.147308
Albania,2007,9.212034
Albania,2008,9.27676
Albania,2009,9.45174
Albania,2010,9.626719
Albania,2011,9.8017
Albania,2012,10.02511
Albania,2013,10.015429
Albania,2014,10.005746
Albania,2015,9.996064
Algeria,2005,7.044786
Algeria,2006,7.26869
Algeria,2007,7.327585
Algeria,2008,7.38648
Algeria,2009,7.353188
Algeria,2010,7.319896
Algeria,2011,7.2866044
Algeria,2012,7.2533126
Algeria,2013,7.220021
Algeria,2014,7.186729
Algeria,2015,7.153437
Andorra,2005,10.08964
Andorra,2006,10.41322
Andorra,2007,10.442198
Andorra,2008,10.471175
Andorra,2009,10.500153
Andorra,2010,10.52913
Andorra,2011,10.558107
Andorra,2012,10.587085
Andorra,2013,10.616062
Andorra,2014,10.64504
Andorra,2015,10.57328
Angola,2005,3.626606
Angola,2006,3.66706
Angola,2007,3.7075136
Angola,2008,3.7479675
Angola,2009,3.7884212
Angola,2010,3.8288748
Angola,2011,3.8693287
Angola,2012,3.9097824
Angola,2013,3.9502363
Angola,2014,3.99069
Angola,2015,5.31563
Antigua and Barbuda,2005,9.952149
Antigua and Barbuda,2006,9.998284
Antigua and Barbuda,2007,10.044633
Antigua and Barbuda,2008,10.091196
Antigua and Barbuda,2009,10.137976
Antigua and Barbuda,2010,10.184972
Antigua and Barbuda,2011,10.232185
Antigua and Barbuda,2012,10.279618
Antigua and Barbuda,2013,10.327271
Antigua and Barbuda,2014,10.374924
Antigua and Barbuda,2015,10.422577
Arab States (UNDP),2005,5.8759136
Arab States (UNDP),2006,6.0112634
Arab States (UNDP),2007,6.194693
Arab States (UNDP),2008,6.3289638
Arab States (UNDP),2009,6.4847517
Arab States (UNDP),2010,6.6092544
Arab States (UNDP),2011,6.7657614
Arab States (UNDP),2012,6.91113
Arab States (UNDP),2013,7.0404253
Arab States (UNDP),2014,7.1679335
Arab States (UNDP),2015,7.2918987
Argentina,2005,10.098967
Argentina,2006,10.19084
Argentina,2007,10.298599
Argentina,2008,10.40636
Argentina,2009,10.54321
Argentina,2010,10.59964
Argentina,2011,10.69979
Argentina,2012,10.78507
Argentina,2013,10.8946
Argentina,2014,10.90851
Argentina,2015,10.91755
Armenia,2005,10.770752
Armenia,2006,10.841385
Armenia,2007,10.912018
Armenia,2008,10.982651
Armenia,2009,11.053284
Armenia,2010,11.123917
Armenia,2011,11.19455
Armenia,2012,11.288965
Armenia,2013,11.38338
Armenia,2014,11.477795
Armenia,2015,11.57221
Asia,2005,6.0851235
Asia,2006,6.181308
Asia,2007,6.221016
Asia,2008,6.292656
Asia,2009,6.3972883
Asia,2010,6.5035257
Asia,2011,6.6512966
Asia,2012,6.7540135
Asia,2013,6.8470507
Asia,2014,6.9498878
Asia,2015,7.0689516
Australia,2005,11.54752
Australia,2006,11.64461
Australia,2007,11.71186
Australia,2008,11.93763
Australia,2009,11.98708
Australia,2010,12.03444
Australia,2011,12.11584
Australia,2012,12.29574
Australia,2013,12.01886
Australia,2014,12.167
Australia,2015,12.24564
Austria,2005,11.55885
Austria,2006,11.545054
Austria,2007,11.53126
Austria,2008,11.4681
Austria,2009,11.67437
Austria,2010,11.71488
Austria,2011,11.71115
Austria,2012,11.75163
Austria,2013,11.78754
Austria,2014,12.0145
Austria,2015,12.07699
Azerbaijan,2005,10.584337
Azerbaijan,2006,10.651434
Azerbaijan,2007,10.71853
Azerbaijan,2008,10.73078
Azerbaijan,2009,10.45223
Azerbaijan,2010,10.46595
Azerbaijan,2011,10.46714
Azerbaijan,2012,10.47151
Azerbaijan,2013,10.47588
Azerbaijan,2014,10.47768
Azerbaijan,2015,10.47585
Bahamas,2005,11.45061
Bahamas,2006,11.5330105
Bahamas,2007,11.61541
Bahamas,2008,11.69781
Bahamas,2009,11.78021
Bahamas,2010,11.86261
Bahamas,2011,11.946772
Bahamas,2012,12.031531
Bahamas,2013,12.116892
Bahamas,2014,12.202858
Bahamas,2015,12.2894335
Bahrain,2005,8.200599
Bahrain,2006,8.166922
Bahrain,2007,8.133244
Bahrain,2008,8.0995655
Bahrain,2009,8.065888
Bahrain,2010,8.03221
Bahrain,2011,8.247187
Bahrain,2012,8.462164
Bahrain,2013,8.67714
Bahrain,2014,8.892117
Bahrain,2015,9.107094
Bangladesh,2005,4.71767
Bangladesh,2006,4.79787
Bangladesh,2007,4.8780704
Bangladesh,2008,4.95827
Bangladesh,2009,5.0384703
Bangladesh,2010,5.11867
Bangladesh,2011,5.19887
Bangladesh,2012,5.30234
Bangladesh,2013,5.06477
Bangladesh,2014,5.1944
Bangladesh,2015,5.98583
Barbados,2005,9.519167
Barbados,2006,9.546099
Barbados,2007,9.5730295
Barbados,2008,9.599961
Barbados,2009,9.626892
Barbados,2010,9.653824
Barbados,2011,9.66211
Barbados,2012,9.670397
Barbados,2013,9.678683
Barbados,2014,9.68697
Barbados,2015,9.695256
Belarus,2005,10.822991
Belarus,2006,10.913663
Belarus,2007,11.005094
Belarus,2008,11.097291
Belarus,2009,11.19026
Belarus,2010,11.285592
Belarus,2011,11.380924
Belarus,2012,11.476256
Belarus,2013,11.5715885
Belarus,2014,11.666921
Belarus,2015,11.762252
Belgium,2005,11.029788
Belgium,2006,11.05253
Belgium,2007,11.117209
Belgium,2008,11.18189
Belgium,2009,11.31677
Belgium,2010,11.41578
Belgium,2011,11.46987
Belgium,2012,11.49961
Belgium,2013,11.53951
Belgium,2014,11.64029
Belgium,2015,11.89404
Belize,2005,8.02824
Belize,2006,8.519836
Belize,2007,9.011433
Belize,2008,9.503028
Belize,2009,9.994624
Belize,2010,10.48622
Belize,2011,10.173662
Belize,2012,9.861104
Belize,2013,9.548547
Belize,2014,9.235989
Belize,2015,8.92343
Benin,2005,2.496914
Benin,2006,2.509692
Benin,2007,2.52247
Benin,2008,2.535248
Benin,2009,2.548026
Benin,2010,2.560804
Benin,2011,2.573582
Benin,2012,2.58636
Benin,2013,2.599138
Benin,2014,2.611916
Benin,2015,2.6246939
Bhutan,2010,2.359933
Bhutan,2011,2.2887266
Bhutan,2012,2.21752
Bhutan,2013,2.585664
Bhutan,2014,2.953808
Bhutan,2015,3.3219519
Bolivia,2005,6.966806
Bolivia,2006,6.90494
Bolivia,2007,7.0523653
Bolivia,2008,7.19979
Bolivia,2009,7.48154
Bolivia,2010,7.7123103
Bolivia,2011,7.94308
Bolivia,2012,8.17385
Bolivia,2013,8.4255905
Bolivia,2014,8.67733
Bolivia,2015,8.92907
Bosnia and Herzegovina,2005,6.1528864
Bosnia and Herzegovina,2006,6.159507
Bosnia and Herzegovina,2007,6.825699
Bosnia and Herzegovina,2008,6.9208694
Bosnia and Herzegovina,2009,7.0160394
Bosnia and Herzegovina,2010,7.11121
Bosnia and Herzegovina,2011,7.23811
Bosnia and Herzegovina,2012,7.8900766
Bosnia and Herzegovina,2013,8.542043
Bosnia and Herzegovina,2014,9.19401
Bosnia and Herzegovina,2015,9.29191
Botswana,2005,8.28
Botswana,2006,8.398
Botswana,2007,8.516
Botswana,2008,8.634
Botswana,2009,8.752
Botswana,2010,8.87
Botswana,2011,9.1
Botswana,2012,9.33
Botswana,2013,9.56
Botswana,2014,9.79
Botswana,2015,10.02
Brazil,2005,6.1503496
Brazil,2006,6.32016
Brazil,2007,6.50158
Brazil,2008,6.67115
Brazil,2009,6.76896
Brazil,2010,6.87817
Brazil,2011,7.00609
Brazil,2012,7.21577
Brazil,2013,7.28749
Brazil,2014,7.37907
Brazil,2015,7.50682
Brunei,2005,8.48
Brunei,2006,8.538
Brunei,2007,8.596
Brunei,2008,8.654
Brunei,2009,8.712
Brunei,2010,8.77
Brunei,2011,8.82
Brunei,2012,8.87
Brunei,2013,8.92
Brunei,2014,8.97
Brunei,2015,9.02
Bulgaria,2005,10.34051
Bulgaria,2006,10.41644
Bulgaria,2007,10.54241
Bulgaria,2008,10.58647
Bulgaria,2009,10.64169
Bulgaria,2010,10.72172
Bulgaria,2011,10.78185
Bulgaria,2012,10.89634
Bulgaria,2013,11.0063
Bulgaria,2014,11.05153
Bulgaria,2015,11.18832
Burkina Faso,2005,1.3429894
Burkina Faso,2006,1.31896
Burkina Faso,2007,0.97693
Burkina Faso,2008,1.02113
Burkina Faso,2009,1.06533
Burkina Faso,2010,1.10953
Burkina Faso,2011,1.15373
Burkina Faso,2012,1.19793
Burkina Faso,2013,1.24213
Burkina Faso,2014,1.28633
Burkina Faso,2015,1.4446275
Burundi,2005,2.265715
Burundi,2006,2.3193898
Burundi,2007,2.373065
Burundi,2008,2.42674
Burundi,2009,2.3598616
Burundi,2010,2.2929833
Burundi,2011,2.226105
Burundi,2012,2.1592267
Burundi,2013,2.0923483
Burundi,2014,2.02547
Burundi,2015,2.2853034
Cambodia,2005,3.682584
Cambodia,2006,3.803942
Cambodia,2007,3.9253
Cambodia,2008,4.03048
Cambodia,2009,3.93697
Cambodia,2010,3.869266
Cambodia,2011,3.801562
Cambodia,2012,3.7338579
Cambodia,2013,3.666154
Cambodia,2014,3.59845
Cambodia,2015,3.67411
Cameroon,2005,3.3693597
Cameroon,2006,3.4297247
Cameroon,2007,3.49009
Cameroon,2008,4.06113
Cameroon,2009,4.6321697
Cameroon,2010,5.20321
Cameroon,2011,5.3552723
Cameroon,2012,5.507335
Cameroon,2013,5.6593976
Cameroon,2014,5.81146
Cameroon,2015,5.9635224
Canada,2005,13.186058
Canada,2006,13.31827
Canada,2007,13.367167
Canada,2008,13.416066
Canada,2009,13.464964
Canada,2010,13.513863
Canada,2011,13.56276
Canada,2012,13.596592
Canada,2013,13.6304245
Canada,2014,13.664256
Canada,2015,13.698089
Cape Verde,2005,5.4903092
Cape Verde,2006,5.526176
Cape Verde,2007,5.5622773
Cape Verde,2008,5.598614
Cape Verde,2009,5.6351886
Cape Verde,2010,5.672002
Cape Verde,2011,5.709056
Cape Verde,2012,5.7463517
Cape Verde,2013,5.783891
Cape Verde,2014,5.8214307
Cape Verde,2015,5.85897
Central African Republic,2005,2.955806
Central African Republic,2006,3.0120208
Central African Republic,2007,3.0682354
Central African Republic,2008,3.1244502
Central African Republic,2009,3.180665
Central African Republic,2010,3.2368796
Central African Republic,2011,3.3565626
Central African Republic,2012,3.4762454
Central African Republic,2013,3.5959284
Central African Republic,2014,3.7156115
Central African Republic,2015,3.8352942
Chad,2005,1.539814
Chad,2006,1.596068
Chad,2007,1.6523219
Chad,2008,1.708576
Chad,2009,1.76483
Chad,2010,1.811624
Chad,2011,1.858418
Chad,2012,1.9052119
Chad,2013,1.952006
Chad,2014,1.9988
Chad,2015,2.045594
Chile,2005,9.73694
Chile,2006,9.771
Chile,2007,9.80506
Chile,2008,10.10626
Chile,2009,9.97935
Chile,2010,9.85244
Chile,2011,9.54413
Chile,2012,9.776546
Chile,2013,10.00896
Chile,2014,10.132435
Chile,2015,10.25591
China,2005,6.327515
China,2006,6.407308
China,2007,6.487101
China,2008,6.566894
China,2009,6.646687
China,2010,6.72648
China,2011,6.862735
China,2012,6.99899
China,2013,7.1352453
China,2014,7.2715
China,2015,7.407755
Colombia,2005,7.2842
Colombia,2006,6.80312
Colombia,2007,7.18866
Colombia,2008,7.3214
Colombia,2009,7.2474
Colombia,2010,7.39387
Colombia,2011,7.51893
Colombia,2012,7.62586
Colombia,2013,7.83347
Colombia,2014,7.99239
Colombia,2015,8.04745
Comoros,2005,3.5014646
Comoros,2006,3.65862
Comoros,2007,3.8157754
Comoros,2008,3.9729307
Comoros,2009,4.130086
Comoros,2010,4.2872415
Comoros,2011,4.4443965
Comoros,2012,4.601552
Comoros,2013,4.777157
Comoros,2014,4.959463
Comoros,2015,5.1487265
Congo,2005,7.5029297
Congo,2006,7.51628
Congo,2007,7.5296307
Congo,2008,7.542981
Congo,2009,7.556331
Congo,2010,7.5696816
Congo,2011,7.6871653
Congo,2012,7.804649
Congo,2013,7.9221325
Congo,2014,8.039617
Congo,2015,8.1571
Costa Rica,2005,7.825408
Costa Rica,2006,7.8365088
Costa Rica,2007,8.01272
Costa Rica,2008,8.28801
Costa Rica,2009,8.35967
Costa Rica,2010,8.23069
Costa Rica,2011,8.35133
Costa Rica,2012,8.41212
Costa Rica,2013,8.581184
Costa Rica,2014,8.75025
Costa Rica,2015,8.5845
Cote d'Ivoire,2005,5.7766814
Cote d'Ivoire,2006,5.65457
Cote d'Ivoire,2007,5.532459
Cote d'Ivoire,2008,5.4103475
Cote d'Ivoire,2009,5.288236
Cote d'Ivoire,2010,5.166125
Cote d'Ivoire,2011,5.044014
Cote d'Ivoire,2012,4.9219027
Cote d'Ivoire,2013,4.7997913
Cote d'Ivoire,2014,4.67768
Cote d'Ivoire,2015,4.30888
Croatia,2005,10.41395
Croatia,2006,10.53561
Croatia,2007,10.65727
Croatia,2008,10.778931
Croatia,2009,10.90059
Croatia,2010,11.02225
Croatia,2011,11.14391
Croatia,2012,11.269722
Croatia,2013,11.396954
Croatia,2014,11.525622
Croatia,2015,11.655744
Cuba,2005,10.570012
Cuba,2006,10.7027855
Cuba,2007,10.83556
Cuba,2008,10.968334
Cuba,2009,11.101108
Cuba,2010,11.233882
Cuba,2011,11.366655
Cuba,2012,11.49943
Cuba,2013,11.380029
Cuba,2014,11.260627
Cuba,2015,11.141226
Cyprus,2005,10.71991
Cyprus,2006,10.96682
Cyprus,2007,11.19273
Cyprus,2008,11.28385
Cyprus,2009,11.26194
Cyprus,2010,11.44206
Cyprus,2011,11.57841
Cyprus,2012,11.80556
Cyprus,2013,11.87838
Cyprus,2014,11.88368
Cyprus,2015,11.86548
Czechia,2005,11.933569
Czechia,2006,12.12254
Czechia,2007,12.14151
Czechia,2008,12.19182
Czechia,2009,12.29474
Czechia,2010,12.38508
Czechia,2011,12.46833
Czechia,2012,12.51996
Czechia,2013,12.59654
Czechia,2014,12.63814
Czechia,2015,12.67334
Democratic Republic of Congo,2005,5.4388456
Democratic Republic of Congo,2006,5.4794807
Democratic Republic of Congo,2007,5.520116
Democratic Republic of Congo,2008,5.560751
Democratic Republic of Congo,2009,5.6013856
Democratic Republic of Congo,2010,5.6420207
Democratic Republic of Congo,2011,5.748297
Democratic Republic of Congo,2012,5.8545732
Democratic Republic of Congo,2013,5.96085
Democratic Republic of Congo,2014,6.22706
Democratic Republic of Congo,2015,6.49327
Denmark,2005,12.828447
Denmark,2006,12.740133
Denmark,2007,12.65182
Denmark,2008,12.88381
Denmark,2009,12.47058
Denmark,2010,12.42589
Denmark,2011,12.46645
Denmark,2012,12.70141
Denmark,2013,12.74561
Denmark,2014,12.38759
Denmark,2015,12.63832
Djibouti,2005,2.2894619
Djibouti,2006,2.3816972
Djibouti,2007,2.4776485
Djibouti,2008,2.5774655
Djibouti,2009,2.6813037
Djibouti,2010,2.7893252
Djibouti,2011,2.9016986
Djibouti,2012,3.0185993
Djibouti,2013,3.1402094
Djibouti,2014,3.2618196
Djibouti,2015,3.3834298
Dominica,2005,8.052586
Dominica,2006,8.128169
Dominica,2007,8.203753
Dominica,2008,8.279337
Dominica,2009,8.354921
Dominica,2010,8.430505
Dominica,2011,8.506089
Dominica,2012,8.581673
Dominica,2013,8.657257
Dominica,2014,8.732841
Dominica,2015,8.808425
Dominican Republic,2005,6.854325
Dominican Republic,2006,7.0121074
Dominican Republic,2007,7.16989
Dominican Republic,2008,7.1930966
Dominican Republic,2009,7.2163033
Dominican Republic,2010,7.23951
Dominican Republic,2011,7.33057
Dominican Republic,2012,7.42909
Dominican Republic,2013,7.51686
Dominican Republic,2014,7.65046
Dominican Republic,2015,7.71816
East Asia and the Pacific (UNDP),2005,6.499069
East Asia and the Pacific (UNDP),2006,6.602109
East Asia and the Pacific (UNDP),2007,6.6239347
East Asia and the Pacific (UNDP),2008,6.7138968
East Asia and the Pacific (UNDP),2009,6.826811
East Asia and the Pacific (UNDP),2010,6.9158297
East Asia and the Pacific (UNDP),2011,7.0431185
East Asia and the Pacific (UNDP),2012,7.1687574
East Asia and the Pacific (UNDP),2013,7.2947416
East Asia and the Pacific (UNDP),2014,7.4125037
East Asia and the Pacific (UNDP),2015,7.533697
East Timor,2005,4.490834
East Timor,2006,4.650381
East Timor,2007,4.815596
East Timor,2008,4.9866805
East Timor,2009,5.163843
East Timor,2010,5.3473
East Timor,2011,5.33279
East Timor,2012,5.31828
East Timor,2013,5.30377
East Timor,2014,5.28926
East Timor,2015,5.27475
Ecuador,2005,7.604497
Ecuador,2006,7.661363
Ecuador,2007,7.71823
Ecuador,2008,7.72632
Ecuador,2009,7.73997
Ecuador,2010,7.84916
Ecuador,2011,7.90704
Ecuador,2012,8.09747
Ecuador,2013,8.28868
Ecuador,2014,8.36136
Ecuador,2015,8.70158
Egypt,2005,6.409057
Egypt,2006,6.41745
Egypt,2007,6.6563826
Egypt,2008,6.895315
Egypt,2009,7.1342483
Egypt,2010,7.373181
Egypt,2011,7.6121135
Egypt,2012,7.851046
Egypt,2013,8.089979
Egypt,2014,8.328912
Egypt,2015,8.567844
El Salvador,2005,5.601497
El Salvador,2006,5.72707
El Salvador,2007,5.62528
El Salvador,2008,6.02955
El Salvador,2009,6.13014
El Salvador,2010,6.33993
El Salvador,2011,6.20942
El Salvador,2012,6.36633
El Salvador,2013,6.43433
El Salvador,2014,6.52874
El Salvador,2015,6.62315
Equatorial Guinea,2005,6.860718
Equatorial Guinea,2006,6.9581356
Equatorial Guinea,2007,7.0569363
Equatorial Guinea,2008,7.1571403
Equatorial Guinea,2009,7.258767
Equatorial Guinea,2010,7.361837
Equatorial Guinea,2011,7.46637
Equatorial Guinea,2012,7.5723877
Equatorial Guinea,2013,7.6799107
Equatorial Guinea,2014,7.7874336
Equatorial Guinea,2015,7.8949566
Eritrea,2005,4.7109795
Eritrea,2006,4.7034745
Eritrea,2007,4.695981
Eritrea,2008,4.6885
Eritrea,2009,4.6810303
Eritrea,2010,4.673573
Eritrea,2011,4.666127
Eritrea,2012,4.658694
Eritrea,2013,4.651272
Eritrea,2014,4.64385
Eritrea,2015,4.636428
Estonia,2005,13.029645
Estonia,2006,13.20043
Estonia,2007,13.21786
Estonia,2008,13.25249
Estonia,2009,13.32088
Estonia,2010,13.33069
Estonia,2011,13.3991
Estonia,2012,13.44874
Estonia,2013,13.53935
Estonia,2014,13.44295
Estonia,2015,13.48861
Eswatini,2005,3.13
Eswatini,2006,3.308
Eswatini,2007,3.486
Eswatini,2008,3.664
Eswatini,2009,3.842
Eswatini,2010,4.02
Eswatini,2011,4.228
Eswatini,2012,4.436
Eswatini,2013,4.644
Eswatini,2014,4.852
Eswatini,2015,5.06
Ethiopia,2005,1.8649921
Ethiopia,2006,1.943966
Ethiopia,2007,2.02294
Ethiopia,2008,2.0601623
Ethiopia,2009,2.097385
Ethiopia,2010,2.1346073
Ethiopia,2011,2.17183
Ethiopia,2012,2.222822
Ethiopia,2013,2.273814
Ethiopia,2014,2.324806
Ethiopia,2015,2.375798
Europe,2005,11.295222
Europe,2006,11.385981
Europe,2007,11.491381
Europe,2008,11.57941
Europe,2009,11.661237
Europe,2010,11.726053
Europe,2011,11.781922
Europe,2012,11.853297
Europe,2013,11.860535
Europe,2014,11.910507
Europe,2015,11.984111
Europe and Central Asia (UNDP),2005,9.337555
Europe and Central Asia (UNDP),2006,9.419479
Europe and Central Asia (UNDP),2007,9.515333
Europe and Central Asia (UNDP),2008,9.612305
Europe and Central Asia (UNDP),2009,9.663093
Europe and Central Asia (UNDP),2010,9.858088
Europe and Central Asia (UNDP),2011,9.961136
Europe and Central Asia (UNDP),2012,10.027299
Europe and Central Asia (UNDP),2013,10.0915365
Europe and Central Asia (UNDP),2014,10.1641655
Europe and Central Asia (UNDP),2015,10.227116
European Union (27),2005,11.013725
European Union (27),2006,11.092326
European Union (27),2007,11.18881
European Union (27),2008,11.261425
European Union (27),2009,11.328757
European Union (27),2010,11.399132
European Union (27),2011,11.48798
European Union (27),2012,11.573905
European Union (27),2013,11.650213
European Union (27),2014,11.713814
European Union (27),2015,11.814856
Fiji,2005,8.960117
Fiji,2006,9.100784
Fiji,2007,9.24145
Fiji,2008,9.380342
Fiji,2009,9.519232
Fiji,2010,9.658123
Fiji,2011,9.797014
Fiji,2012,9.935905
Fiji,2013,10.074796
Fiji,2014,10.213687
Fiji,2015,10.352578
Finland,2005,12.18333
Finland,2006,12.23163
Finland,2007,12.27504
Finland,2008,12.32692
Finland,2009,12.37001
Finland,2010,12.41568
Finland,2011,12.45692
Finland,2012,12.48784
Finland,2013,12.54921
Finland,2014,12.59953
Finland,2015,12.63367
France,2005,10.31739
France,2006,10.443545
France,2007,10.5697
France,2008,10.65437
France,2009,10.63231
France,2010,10.77872
France,2011,10.85154
France,2012,10.9351
France,2013,11.08079
France,2014,11.2255
France,2015,11.33419
Gabon,2005,6.92
Gabon,2006,7.05
Gabon,2007,7.18
Gabon,2008,7.31
Gabon,2009,7.44
Gabon,2010,7.57
Gabon,2011,7.852
Gabon,2012,8.134
Gabon,2013,8.416
Gabon,2014,8.698
Gabon,2015,8.98
Gambia,2005,2.655291
Gambia,2006,2.7588024
Gambia,2007,2.8623137
Gambia,2008,2.965825
Gambia,2009,3.0693364
Gambia,2010,3.1728477
Gambia,2011,3.3056123
Gambia,2012,3.438377
Gambia,2013,3.5711415
Gambia,2014,3.6768813
Gambia,2015,3.782621
Georgia,2005,12.0924425
Georgia,2006,12.150136
Georgia,2007,12.207829
Georgia,2008,12.265524
Georgia,2009,12.323218
Georgia,2010,12.380912
Georgia,2011,12.438606
Georgia,2012,12.4963
Georgia,2013,12.55732
Georgia,2014,12.61834
Georgia,2015,12.7164545
Germany,2005,13.70373
Germany,2006,13.60348
Germany,2007,13.68011
Germany,2008,13.75629
Germany,2009,13.82801
Germany,2010,13.85178
Germany,2011,13.93055
Germany,2012,13.97772
Germany,2013,14.00985
Germany,2014,14.03712
Germany,2015,14.08202
Ghana,2005,7.188284
Ghana,2006,7.266783
Ghana,2007,7.3452826
Ghana,2008,7.4237814
Ghana,2009,7.5022807
Ghana,2010,7.58078
Ghana,2011,7.3721685
Ghana,2012,7.163557
Ghana,2013,6.9549456
Ghana,2014,6.7463346
Ghana,2015,6.537723
Greece,2005,9.74782
Greece,2006,10.10497
Greece,2007,10.05719
Greece,2008,10.10492
Greece,2009,10.156595
Greece,2010,10.20827
Greece,2011,10.305198
Greece,2012,10.402124
Greece,2013,10.499052
Greece,2014,10.59598
Greece,2015,10.74371
Grenada,2005,9.635297
Grenada,2006,9.642431
Grenada,2007,9.64957
Grenada,2008,9.656716
Grenada,2009,9.663867
Grenada,2010,9.671022
Grenada,2011,9.678184
Grenada,2012,9.685349
Grenada,2013,9.692521
Grenada,2014,9.699693
Grenada,2015,9.706865
Guatemala,2005,3.7017677
Guatemala,2006,3.653
Guatemala,2007,3.8442736
Guatemala,2008,4.035547
Guatemala,2009,4.22682
Guatemala,2010,4.4180937
Guatemala,2011,4.609367
Guatemala,2012,4.80064
Guatemala,2013,4.8963
Guatemala,2014,5.83699
Guatemala,2015,4.93357
Guinea,2005,1.5138993
Guinea,2006,1.5275514
Guinea,2007,1.5412035
Guinea,2008,1.5548557
Guinea,2009,1.5685078
Guinea,2010,1.58216
Guinea,2011,1.6545324
Guinea,2012,1.726905
Guinea,2013,1.7992774
Guinea,2014,1.87165
Guinea,2015,2.4517848
Guinea-Bissau,2005,2.1485682
Guinea-Bissau,2006,2.27117
Guinea-Bissau,2007,2.418591
Guinea-Bissau,2008,2.5660121
Guinea-Bissau,2009,2.7134333
Guinea-Bissau,2010,2.8608544
Guinea-Bissau,2011,3.0082755
Guinea-Bissau,2012,3.1556969
Guinea-Bissau,2013,3.303118
Guinea-Bissau,2014,3.450539
Guinea-Bissau,2015,3.4950383
Guyana,2005,6.5521846
Guyana,2006,6.6955028
Guyana,2007,6.838821
Guyana,2008,6.982139
Guyana,2009,7.1254573
Guyana,2010,7.2687755
Guyana,2011,7.412094
Guyana,2012,7.5554123
Guyana,2013,7.6987305
Guyana,2014,7.8420486
Guyana,2015,7.985367
Haiti,2005,4.274355
Haiti,2006,4.364027
Haiti,2007,4.4536986
Haiti,2008,4.5433707
Haiti,2009,4.6330423
Haiti,2010,4.722714
Haiti,2011,4.8243423
Haiti,2012,4.92597
Haiti,2013,5.0275984
Haiti,2014,5.129226
Haiti,2015,5.230854
High human development (UNDP),2005,6.958212
High human development (UNDP),2006,7.0698533
High human development (UNDP),2007,7.106538
High human development (UNDP),2008,7.188488
High human development (UNDP),2009,7.298283
High human development (UNDP),2010,7.3874826
High human development (UNDP),2011,7.511562
High human development (UNDP),2012,7.6461854
High human development (UNDP),2013,7.756095
High human development (UNDP),2014,7.8621783
High human development (UNDP),2015,7.9772735
High-income countries,2005,11.71965
High-income countries,2006,11.796922
High-income countries,2007,11.869389
High-income countries,2008,11.937757
High-income countries,2009,11.98821
High-income countries,2010,12.070769
High-income countries,2011,12.125398
High-income countries,2012,12.193208
High-income countries,2013,12.222105
High-income countries,2014,12.270983
High-income countries,2015,12.333436
Honduras,2005,4.936594
Honduras,2006,4.945652
Honduras,2007,4.95471
Honduras,2008,5.11153
Honduras,2009,5.26835
Honduras,2010,5.42517
Honduras,2011,5.58199
Honduras,2012,5.51822
Honduras,2013,5.8470097
Honduras,2014,6.1758
Honduras,2015,6.29415
Hong Kong,2005,10.876244
Hong Kong,2006,10.99918
Hong Kong,2007,11.106874
Hong Kong,2008,11.21457
Hong Kong,2009,11.31379
Hong Kong,2010,11.40386
Hong Kong,2011,11.6152
Hong Kong,2012,11.7042265
Hong Kong,2013,11.793254
Hong Kong,2014,11.88228
Hong Kong,2015,12.02415
Hungary,2005,10.83236
Hungary,2006,11.076828
Hungary,2007,11.321295
Hungary,2008,11.5657625
Hungary,2009,11.81023
Hungary,2010,11.88173
Hungary,2011,11.92125
Hungary,2012,11.839
Hungary,2013,12.00896
Hungary,2014,11.77344
Hungary,2015,11.84779
Iceland,2005,12.47387
Iceland,2006,12.563405
Iceland,2007,12.65294
Iceland,2008,12.7424755
Iceland,2009,12.83201
Iceland,2010,12.921545
Iceland,2011,13.01108
Iceland,2012,13.100615
Iceland,2013,13.19015
Iceland,2014,13.279685
Iceland,2015,13.36922
India,2005,4.5294585
India,2006,4.636587
India,2007,4.7437153
India,2008,4.8508434
India,2009,4.9579716
India,2010,5.0651
India,2011,5.30191
India,2012,5.399106
India,2013,5.496302
India,2014,5.5934978
India,2015,5.690694
Indonesia,2005,7.320812
Indonesia,2006,7.59423
Indonesia,2007,7.02243
Indonesia,2008,7.06902
Indonesia,2009,7.30959
Indonesia,2010,7.4121747
Indonesia,2011,7.51476
Indonesia,2012,7.6086736
Indonesia,2013,7.7025867
Indonesia,2014,7.7965
Indonesia,2015,7.91448
Iran,2005,9.559744
Iran,2006,9.86979
Iran,2007,9.63065
Iran,2008,9.39151
Iran,2009,9.551325
Iran,2010,9.71114
Iran,2011,9.798225
Iran,2012,9.88531
Iran,2013,10.04448
Iran,2014,10.116
Iran,2015,10.21497
Iraq,2005,6.0672092
Iraq,2006,6.149438
Iraq,2007,6.226963
Iraq,2008,6.304488
Iraq,2009,6.382013
Iraq,2010,6.459538
Iraq,2011,6.537063
Iraq,2012,6.5586066
Iraq,2013,6.5801506
Iraq,2014,6.6016946
Iraq,2015,6.6232386
Ireland,2005,10.834736
Ireland,2006,11.091243
Ireland,2007,11.34775
Ireland,2008,11.42161
Ireland,2009,11.49547
Ireland,2010,11.56933
Ireland,2011,10.99996
Ireland,2012,11.072331
Ireland,2013,11.144703
Ireland,2014,11.217074
Ireland,2015,11.289447
Israel,2005,11.276964
Israel,2006,11.7799
Israel,2007,12.3846
Israel,2008,12.42375
Israel,2009,12.4629
Israel,2010,12.49516
Israel,2011,12.59789
Israel,2012,12.68892
Israel,2013,12.80438
Israel,2014,12.91597
Israel,2015,12.96025
Italy,2005,9.27182
Italy,2006,9.3891
Italy,2007,9.53126
Italy,2008,9.65038
Italy,2009,9.73209
Italy,2010,9.82297
Italy,2011,9.89796
Italy,2012,10.0237
Italy,2013,10.12278
Italy,2014,10.22186
Italy,2015,10.30596
Jamaica,2005,7.9374223
Jamaica,2006,8.0210905
Jamaica,2007,8.104758
Jamaica,2008,8.188426
Jamaica,2009,8.272094
Jamaica,2010,8.3557625
Jamaica,2011,8.43943
Jamaica,2012,8.525681
Jamaica,2013,8.612813
Jamaica,2014,8.700836
Jamaica,2015,8.789759
Japan,2005,12.3075
Japan,2006,12.351979
Japan,2007,12.39646
Japan,2008,12.44094
Japan,2009,12.485419
Japan,2010,12.5299
Japan,2011,12.543833
Japan,2012,12.557766
Japan,2013,12.571699
Japan,2014,12.585632
Japan,2015,12.5995655
Jordan,2005,8.489721
Jordan,2006,8.834348
Jordan,2007,9.178974
Jordan,2008,9.5236
Jordan,2009,9.564569
Jordan,2010,9.60554
Jordan,2011,9.759555
Jordan,2012,9.9135685
Jordan,2013,10.067583
Jordan,2014,10.221597
Jordan,2015,10.375611
Kazakhstan,2005,11.020715
Kazakhstan,2006,11.268317
Kazakhstan,2007,11.51592
Kazakhstan,2008,11.264645
Kazakhstan,2009,11.01337
Kazakhstan,2010,11.177436
Kazakhstan,2011,11.341503
Kazakhstan,2012,11.505569
Kazakhstan,2013,11.669637
Kazakhstan,2014,11.833704
Kazakhstan,2015,11.99777
Kenya,2005,6.0088835
Kenya,2006,6.085285
Kenya,2007,6.1616864
Kenya,2008,6.238088
Kenya,2009,6.31449
Kenya,2010,5.81804
Kenya,2011,6.0598865
Kenya,2012,6.301733
Kenya,2013,6.54358
Kenya,2014,6.7854266
Kenya,2015,7.027273
Kiribati,2005,7.9440236
Kiribati,2006,8.02717
Kiribati,2007,8.111187
Kiribati,2008,8.196083
Kiribati,2009,8.281867
Kiribati,2010,8.368549
Kiribati,2011,8.45614
Kiribati,2012,8.544645
Kiribati,2013,8.634078
Kiribati,2014,8.723512
Kiribati,2015,8.812944
Kuwait,2005,6.11296
Kuwait,2006,6.13581
Kuwait,2007,6.21724
Kuwait,2008,6.42683
Kuwait,2009,6.637987
Kuwait,2010,6.849145
Kuwait,2011,7.0603027
Kuwait,2012,7.27146
Kuwait,2013,6.68322
Kuwait,2014,6.87798
Kuwait,2015,7.07274
Kyrgyzstan,2005,10.633338
Kyrgyzstan,2006,10.690591
Kyrgyzstan,2007,10.747845
Kyrgyzstan,2008,10.805098
Kyrgyzstan,2009,10.86235
Kyrgyzstan,2010,10.961703
Kyrgyzstan,2011,11.061057
Kyrgyzstan,2012,11.16041
Kyrgyzstan,2013,11.259764
Kyrgyzstan,2014,11.359117
Kyrgyzstan,2015,11.45847
Laos,2005,4.6072683
Laos,2006,4.681333
Laos,2007,4.7553983
Laos,2008,4.829463
Laos,2009,4.9035277
Laos,2010,4.9775925
Laos,2011,5.077798
Laos,2012,5.1780033
Laos,2013,5.2782087
Laos,2014,5.378414
Laos,2015,5.4786196
Latin America and the Caribbean (UNDP),2005,7.228377
Latin America and the Caribbean (UNDP),2006,7.3277116
Latin America and the Caribbean (UNDP),2007,7.4824076
Latin America and the Caribbean (UNDP),2008,7.6104956
Latin America and the Caribbean (UNDP),2009,7.698113
Latin America and the Caribbean (UNDP),2010,7.793157
Latin America and the Caribbean (UNDP),2011,7.9291496
Latin America and the Caribbean (UNDP),2012,8.106955
Latin America and the Caribbean (UNDP),2013,8.168535
Latin America and the Caribbean (UNDP),2014,8.264191
Latin America and the Caribbean (UNDP),2015,8.357199
Latvia,2005,12.25013
Latvia,2006,12.29692
Latvia,2007,12.17079
Latvia,2008,12.35106
Latvia,2009,12.45603
Latvia,2010,12.56456
Latvia,2011,12.60591
Latvia,2012,12.70405
Latvia,2013,12.80915
Latvia,2014,12.85738
Latvia,2015,12.87024
Lebanon,2005,7.967203
Lebanon,2006,8.014158
Lebanon,2007,8.06139
Lebanon,2008,8.1089
Lebanon,2009,8.15669
Lebanon,2010,8.2047615
Lebanon,2011,8.253117
Lebanon,2012,8.301757
Lebanon,2013,8.350683
Lebanon,2014,8.39961
Lebanon,2015,8.448537
Lesotho,2005,6.040236
Lesotho,2006,5.82508
Lesotho,2007,5.680555
Lesotho,2008,5.53603
Lesotho,2009,5.701014
Lesotho,2010,5.865998
Lesotho,2011,6.030982
Lesotho,2012,6.195966
Lesotho,2013,6.36095
Lesotho,2014,6.525934
Lesotho,2015,6.690918
Liberia,2005,3.851041
Liberia,2006,3.9142063
Liberia,2007,3.9773717
Liberia,2008,4.040537
Liberia,2009,4.103702
Liberia,2010,4.1668673
Liberia,2011,4.256521
Liberia,2012,4.346175
Liberia,2013,4.4358287
Liberia,2014,4.5254827
Liberia,2015,4.6151366
Libya,2005,6.44
Libya,2006,6.614
Libya,2007,6.788
Libya,2008,6.962
Libya,2009,7.136
Libya,2010,7.31
Libya,2011,7.56
Libya,2012,7.81
Libya,2013,7.8077264
Libya,2014,7.805453
Libya,2015,7.8031797
Liechtenstein,2005,11.601547
Liechtenstein,2006,11.587701
Liechtenstein,2007,11.573854
Liechtenstein,2008,11.510461
Liechtenstein,2009,11.717493
Liechtenstein,2010,11.758153
Liechtenstein,2011,11.754409
Liechtenstein,2012,11.795038
Liechtenstein,2013,11.831081
Liechtenstein,2014,12.058879
Liechtenstein,2015,12.1216
Lithuania,2005,11.8737
Lithuania,2006,12.01453
Lithuania,2007,12.15881
Lithuania,2008,12.29851
Lithuania,2009,12.32284
Lithuania,2010,12.45812
Lithuania,2011,12.57373
Lithuania,2012,12.5645
Lithuania,2013,12.58769
Lithuania,2014,12.80239
Lithuania,2015,12.95541
Low human development (UNDP),2005,3.8289595
Low human development (UNDP),2006,3.8956487
Low human development (UNDP),2007,3.9365313
Low human development (UNDP),2008,3.9987707
Low human development (UNDP),2009,4.0738325
Low human development (UNDP),2010,4.143804
Low human development (UNDP),2011,4.2195644
Low human development (UNDP),2012,4.28602
Low human development (UNDP),2013,4.3490596
Low human development (UNDP),2014,4.4894967
Low human development (UNDP),2015,4.585322
Low-income countries,2005,2.775678
Low-income countries,2006,2.858602
Low-income countries,2007,2.9378715
Low-income countries,2008,3.087474
Low-income countries,2009,3.17229
Low-income countries,2010,3.2475245
Low-income countries,2011,3.2871234
Low-income countries,2012,3.3212883
Low-income countries,2013,3.371029
Low-income countries,2014,3.4403894
Low-income countries,2015,3.5216143
Lower-middle-income countries,2005,5.0361166
Lower-middle-income countries,2006,5.1290812
Lower-middle-income countries,2007,5.223744
Lower-middle-income countries,2008,5.322355
Lower-middle-income countries,2009,5.434552
Lower-middle-income countries,2010,5.529825
Lower-middle-income countries,2011,5.697819
Lower-middle-income countries,2012,5.7946634
Lower-middle-income countries,2013,5.876316
Lower-middle-income countries,2014,5.99445
Lower-middle-income countries,2015,6.148166
Luxembourg,2005,11.444285
Luxembourg,2006,11.535108
Luxembourg,2007,11.62593
Luxembourg,2008,12.21763
Luxembourg,2009,12.80933
Luxembourg,2010,12.83508
Luxembourg,2011,12.85512
Luxembourg,2012,13.00099
Luxembourg,2013,13.20459
Luxembourg,2014,13.42529
Luxembourg,2015,12.45673
Madagascar,2005,4.4760485
Madagascar,2006,4.521986
Madagascar,2007,4.567924
Madagascar,2008,4.6138616
Madagascar,2009,4.6597996
Madagascar,2010,4.705737
Madagascar,2011,4.751675
Madagascar,2012,4.797613
Madagascar,2013,4.8435507
Madagascar,2014,4.8894887
Madagascar,2015,4.935426
Malawi,2005,3.7729905
Malawi,2006,3.9250333
Malawi,2007,4.0770764
Malawi,2008,4.2291193
Malawi,2009,4.381162
Malawi,2010,4.533205
Malawi,2011,4.685248
Malawi,2012,4.8372912
Malawi,2013,4.989334
Malawi,2014,5.141377
Malawi,2015,5.29342
Malaysia,2005,7.59145
Malaysia,2006,8.0844
Malaysia,2007,8.57735
Malaysia,2008,9.0703
Malaysia,2009,9.56325
Malaysia,2010,9.69796
Malaysia,2011,9.809385
Malaysia,2012,9.92081
Malaysia,2013,10.032235
Malaysia,2014,10.143661
Malaysia,2015,10.255085
Maldives,2005,3.488117
Maldives,2006,3.7858
Maldives,2007,4.0584464
Maldives,2008,4.331093
Maldives,2009,4.6037393
Maldives,2010,4.8763857
Maldives,2011,5.149032
Maldives,2012,5.421678
Maldives,2013,5.6943245
Maldives,2014,5.966971
Maldives,2015,6.2396173
Mali,2005,1.3599489
Mali,2006,1.43967
Mali,2007,1.554894
Mali,2008,1.670118
Mali,2009,1.785342
Mali,2010,1.900566
Mali,2011,2.01579
Mali,2012,1.9698575
Mali,2013,1.923925
Mali,2014,1.8779925
Mali,2015,1.83206
Malta,2005,9.78491
Malta,2006,9.821985
Malta,2007,9.85906
Malta,2008,10.00864
Malta,2009,10.15822
Malta,2010,10.3078
Malta,2011,10.47278
Malta,2012,10.79741
Malta,2013,11.02759
Malta,2014,11.12584
Malta,2015,11.21442
Marshall Islands,2011,10.88314
Marshall Islands,2012,11.117665
Marshall Islands,2013,11.3572445
Marshall Islands,2014,11.596824
Marshall Islands,2015,11.836403
Mauritania,2005,3.4059522
Mauritania,2006,3.4913552
Mauritania,2007,3.5767581
Mauritania,2008,3.662161
Mauritania,2009,3.747564
Mauritania,2010,3.832967
Mauritania,2011,3.959038
Mauritania,2012,4.085109
Mauritania,2013,4.21118
Mauritania,2014,4.213705
Mauritania,2015,4.21623
Mauritius,2005,7.30711
Mauritius,2006,7.50927
Mauritius,2007,7.71143
Mauritius,2008,7.91359
Mauritius,2009,8.11575
Mauritius,2010,8.31791
Mauritius,2011,8.52007
Mauritius,2012,8.748865
Mauritius,2013,8.977659
Mauritius,2014,9.206454
Mauritius,2015,9.435248
Medium human development (UNDP),2005,4.6526375
Medium human development (UNDP),2006,4.7526064
Medium human development (UNDP),2007,4.864592
Medium human development (UNDP),2008,4.9687076
Medium human development (UNDP),2009,5.0801544
Medium human development (UNDP),2010,5.182269
Medium human development (UNDP),2011,5.3786535
Medium human development (UNDP),2012,5.4728065
Medium human development (UNDP),2013,5.547081
Medium human development (UNDP),2014,5.6559362
Medium human development (UNDP),2015,5.8188767
Mexico,2005,7.48515
Mexico,2006,7.8716
Mexico,2007,7.88247
Mexico,2008,7.94889
Mexico,2009,8.13667
Mexico,2010,8.00507
Mexico,2011,8.247495
Mexico,2012,8.48992
Mexico,2013,8.35723
Mexico,2014,8.40347
Mexico,2015,8.60165
Micronesia (country),2005,7.6596785
Micronesia (country),2006,7.631227
Micronesia (country),2007,7.6028814
Micronesia (country),2008,7.574641
Micronesia (country),2009,7.5465055
Micronesia (country),2010,7.5184746
Micronesia (country),2011,7.4905477
Micronesia (country),2012,7.4627247
Micronesia (country),2013,7.435005
Micronesia (country),2014,7.407285
Micronesia (country),2015,7.3795657
Moldova,2005,10.792925
Moldova,2006,11.038783
Moldova,2007,11.28464
Moldova,2008,11.38163
Moldova,2009,11.47674
Moldova,2010,11.48941
Moldova,2011,11.55617
Moldova,2012,11.70311
Moldova,2013,11.69208
Moldova,2014,11.76074
Moldova,2015,11.76515
Mongolia,2005,9.5414095
Mongolia,2006,9.641482
Mongolia,2007,9.741554
Mongolia,2008,9.841626
Mongolia,2009,9.941698
Mongolia,2010,10.04177
Mongolia,2011,10.149555
Mongolia,2012,10.2573395
Mongolia,2013,10.365125
Mongolia,2014,10.47291
Mongolia,2015,10.580695
Montenegro,2005,10.65471
Montenegro,2006,10.759575
Montenegro,2007,10.86444
Montenegro,2008,10.969305
Montenegro,2009,11.07417
Montenegro,2010,11.179035
Montenegro,2011,11.2839
Montenegro,2012,11.430509
Montenegro,2013,11.577117
Montenegro,2014,11.723725
Montenegro,2015,11.870335
Morocco,2005,3.79
Morocco,2006,3.88
Morocco,2007,3.97
Morocco,2008,4.06
Morocco,2009,4.15
Morocco,2010,4.24
Morocco,2011,4.468
Morocco,2012,4.696
Morocco,2013,4.924
Morocco,2014,5.152
Morocco,2015,5.38
Mozambique,2005,2.1380117
Mozambique,2006,2.1880913
Mozambique,2007,2.2381709
Mozambique,2008,2.2882504
Mozambique,2009,2.33833
Mozambique,2010,2.47908
Mozambique,2011,2.61983
Mozambique,2012,2.762075
Mozambique,2013,2.90432
Mozambique,2014,3.046565
Mozambique,2015,3.18881
Myanmar,2005,3.2444766
Myanmar,2006,3.3431816
Myanmar,2007,3.441887
Myanmar,2008,3.5405922
Myanmar,2009,3.6392972
Myanmar,2010,3.7380025
Myanmar,2011,3.9372408
Myanmar,2012,4.136479
Myanmar,2013,4.335717
Myanmar,2014,4.5349555
Myanmar,2015,4.734194
Namibia,2005,6.121957
Namibia,2006,6.1775174
Namibia,2007,6.233078
Namibia,2008,6.2886386
Namibia,2009,6.344199
Namibia,2010,6.3997602
Namibia,2011,6.5170546
Namibia,2012,6.6343493
Namibia,2013,6.751644
Namibia,2014,6.8689384
Namibia,2015,6.986233
Nauru,2005,5.6672454
Nauru,2006,5.866162
Nauru,2007,6.0720606
Nauru,2008,6.2851863
Nauru,2009,6.5057926
Nauru,2010,6.734142
Nauru,2011,6.970506
Nauru,2012,7.2151666
Nauru,2013,7.4684143
Nauru,2014,7.7216625
Nauru,2015,7.9749103
Nepal,2005,3.120512
Nepal,2006,3.18734
Nepal,2007,3.254168
Nepal,2008,3.320996
Nepal,2009,3.387824
Nepal,2010,3.454652
Nepal,2011,3.52148
Nepal,2012,3.56395
Nepal,2013,3.60642
Nepal,2014,3.64889
Nepal,2015,3.69136
Netherlands,2005,11.78781
Netherlands,2006,11.888656
Netherlands,2007,11.9895
Netherlands,2008,11.90822
Netherlands,2009,11.93865
Netherlands,2010,11.98348
Netherlands,2011,11.95781
Netherlands,2012,12.0216
Netherlands,2013,12.06633
Netherlands,2014,12.09369
Netherlands,2015,12.13513
New Zealand,2005,13.270617
New Zealand,2006,13.32141
New Zealand,2007,13.33547
New Zealand,2008,13.34953
New Zealand,2009,13.36359
New Zealand,2010,13.37765
New Zealand,2011,13.39171
New Zealand,2012,13.37807
New Zealand,2013,13.32774
New Zealand,2014,13.27741
New Zealand,2015,13.231
Nicaragua,2005,5.46
Nicaragua,2006,5.568
Nicaragua,2007,5.676
Nicaragua,2008,5.784
Nicaragua,2009,5.892
Nicaragua,2010,6.0
Nicaragua,2011,6.136
Nicaragua,2012,6.272
Nicaragua,2013,6.408
Nicaragua,2014,6.544
Nicaragua,2015,6.68
Niger,2005,1.371751
Niger,2006,1.4034067
Niger,2007,1.4350625
Niger,2008,1.4667183
Niger,2009,1.4983741
Niger,2010,1.5300299
Niger,2011,1.5849
Niger,2012,1.63977
Niger,2013,1.5741267
Niger,2014,1.5084834
Niger,2015,1.4428401
Nigeria,2005,5.14199
Nigeria,2006,5.3507338
Nigeria,2007,5.559478
Nigeria,2008,5.7682214
Nigeria,2009,5.803909
Nigeria,2010,5.8395967
Nigeria,2011,5.875284
Nigeria,2012,5.910972
Nigeria,2013,5.9466596
Nigeria,2014,6.296143
Nigeria,2015,6.6456265
North America,2005,10.804551
North America,2006,10.945603
North America,2007,10.983656
North America,2008,11.040034
North America,2009,11.102767
North America,2010,11.11548
North America,2011,11.208511
North America,2012,11.292986
North America,2013,11.308591
North America,2014,11.367638
North America,2015,11.401679
North Macedonia,2005,7.979055
North Macedonia,2006,8.26416
North Macedonia,2007,8.549265
North Macedonia,2008,8.83437
North Macedonia,2009,9.119475
North Macedonia,2010,9.40458
North Macedonia,2011,9.689685
North Macedonia,2012,9.97479
North Macedonia,2013,10.259895
North Macedonia,2014,10.545
North Macedonia,2015,10.830105
Norway,2005,12.28176
Norway,2006,12.36614
Norway,2007,12.40898
Norway,2008,12.48221
Norway,2009,12.50294
Norway,2010,12.54957
Norway,2011,12.60601
Norway,2012,12.642094
Norway,2013,12.678177
Norway,2014,12.71426
Norway,2015,12.77121
Oceania,2005,9.958786
Oceania,2006,10.023338
Oceania,2007,10.068625
Oceania,2008,10.212874
Oceania,2009,10.250016
Oceania,2010,10.283446
Oceania,2011,10.362528
Oceania,2012,10.483892
Oceania,2013,10.326873
Oceania,2014,10.428852
Oceania,2015,10.490578
Oman,2005,6.9594917
Oman,2006,7.302738
Oman,2007,7.645984
Oman,2008,7.98923
Oman,2009,7.9554853
Oman,2010,7.92174
Oman,2011,8.27685
Oman,2012,8.63196
Oman,2013,8.98707
Oman,2014,9.34218
Oman,2015,9.69729
Pakistan,2005,4.5334625
Pakistan,2006,4.5214
Pakistan,2007,4.41063
Pakistan,2008,4.29986
Pakistan,2009,4.46613
Pakistan,2010,4.59494
Pakistan,2011,4.72111
Pakistan,2012,4.81815
Pakistan,2013,4.95804
Pakistan,2014,5.16264
Pakistan,2015,5.16264
Palau,2005,12.629126
Palau,2006,12.652226
Palau,2007,12.675369
Palau,2008,12.698555
Palau,2009,12.721783
Palau,2010,12.745053
Palau,2011,12.768366
Palau,2012,12.791721
Palau,2013,12.81512
Palau,2014,12.838518
Palau,2015,12.861917
Palestine,2005,7.631455
Palestine,2006,7.73538
Palestine,2007,7.91309
Palestine,2008,8.01443
Palestine,2009,8.30582
Palestine,2010,8.3633
Palestine,2011,8.57541
Palestine,2012,8.85182
Palestine,2013,8.87376
Palestine,2014,8.91352
Palestine,2015,9.07575
Panama,2005,8.57739
Panama,2006,8.71719
Panama,2007,8.85699
Panama,2008,8.99679
Panama,2009,9.13659
Panama,2010,9.27639
Panama,2011,9.416857
Panama,2012,9.557323
Panama,2013,9.69779
Panama,2014,9.838257
Panama,2015,9.978724
Papua New Guinea,2005,3.6640985
Papua New Guinea,2006,3.7466698
Papua New Guinea,2007,3.8292408
Papua New Guinea,2008,3.911812
Papua New Guinea,2009,3.9943833
Papua New Guinea,2010,4.076955
Papua New Guinea,2011,4.207004
Papua New Guinea,2012,4.337054
Papua New Guinea,2013,4.4671035
Papua New Guinea,2014,4.597153
Papua New Guinea,2015,4.727203
Paraguay,2005,7.34733
Paraguay,2006,7.06991
Paraguay,2007,7.15333
Paraguay,2008,7.38926
Paraguay,2009,7.03257
Paraguay,2010,7.28028
Paraguay,2011,7.52799
Paraguay,2012,7.7757
Paraguay,2013,8.29003
Paraguay,2014,8.24785
Paraguay,2015,8.52407
Peru,2005,7.92441
Peru,2006,7.92846
Peru,2007,8.18681
Peru,2008,8.1873
Peru,2009,8.21712
Peru,2010,8.86514
Peru,2011,8.88716
Peru,2012,9.08216
Peru,2013,9.13606
Peru,2014,9.15189
Peru,2015,9.09424
Philippines,2005,8.6599
Philippines,2006,8.67683
Philippines,2007,8.69376
Philippines,2008,8.71069
Philippines,2009,8.81284
Philippines,2010,8.91499
Philippines,2011,8.991987
Philippines,2012,9.068983
Philippines,2013,9.14598
Philippines,2014,8.971109
Philippines,2015,8.79624
Poland,2005,11.8109
Poland,2006,11.929867
Poland,2007,12.048833
Poland,2008,12.1678
Poland,2009,12.34124
Poland,2010,12.31373
Poland,2011,12.55062
Poland,2012,12.78314
Poland,2013,12.77855
Poland,2014,12.83731
Poland,2015,12.921064
Portugal,2005,7.49404
Portugal,2006,7.61731
Portugal,2007,7.67152
Portugal,2008,7.78217
Portugal,2009,7.92653
Portugal,2010,8.05815
Portugal,2011,8.27712
Portugal,2012,8.49537
Portugal,2013,8.65514
Portugal,2014,8.87094
Portugal,2015,8.98673
Qatar,2005,8.694487
Qatar,2006,9.086083
Qatar,2007,9.47768
Qatar,2008,9.59114
Qatar,2009,9.16306
Qatar,2010,8.5488
Qatar,2011,8.65089
Qatar,2012,9.11656
Qatar,2013,9.80262
Qatar,2014,9.72394
Qatar,2015,9.69564
Romania,2005,10.225078
Romania,2006,10.407584
Romania,2007,10.59009
Romania,2008,10.67499
Romania,2009,10.69618
Romania,2010,10.73447
Romania,2011,10.85896
Romania,2012,10.9559
Romania,2013,11.02074
Romania,2014,10.85934
Romania,2015,10.98409
Russia,2005,12.24052
Russia,2006,12.26113
Russia,2007,12.28174
Russia,2008,12.30235
Russia,2009,12.32296
Russia,2010,12.34357
Russia,2011,12.349748
Russia,2012,12.3559265
Russia,2013,12.362104
Russia,2014,12.368282
Russia,2015,12.37446
Rwanda,2005,3.0371227
Rwanda,2006,3.1819537
Rwanda,2007,3.3267844
Rwanda,2008,3.471615
Rwanda,2009,3.6164458
Rwanda,2010,3.7612767
Rwanda,2011,3.7634382
Rwanda,2012,3.7656
Rwanda,2013,3.9108899
Rwanda,2014,4.05618
Rwanda,2015,4.09515
Saint Kitts and Nevis,2005,8.524297
Saint Kitts and Nevis,2006,8.733878
Saint Kitts and Nevis,2007,8.948614
Saint Kitts and Nevis,2008,9.168629
Saint Kitts and Nevis,2009,9.3940525
Saint Kitts and Nevis,2010,9.625019
Saint Kitts and Nevis,2011,9.861664
Saint Kitts and Nevis,2012,10.104127
Saint Kitts and Nevis,2013,10.352551
Saint Kitts and Nevis,2014,10.600976
Saint Kitts and Nevis,2015,10.8494005
Saint Lucia,2005,7.9165554
Saint Lucia,2006,8.006704
Saint Lucia,2007,8.096853
Saint Lucia,2008,8.187002
Saint Lucia,2009,8.277151
Saint Lucia,2010,8.3673
Saint Lucia,2011,8.36339
Saint Lucia,2012,8.35948
Saint Lucia,2013,8.35557
Saint Lucia,2014,8.387148
Saint Lucia,2015,8.418727
Saint Vincent and the Grenadines,2005,9.312765
Saint Vincent and the Grenadines,2006,9.4321165
Saint Vincent and the Grenadines,2007,9.552997
Saint Vincent and the Grenadines,2008,9.6754265
Saint Vincent and the Grenadines,2009,9.799425
Saint Vincent and the Grenadines,2010,9.925013
Saint Vincent and the Grenadines,2011,10.05221
Saint Vincent and the Grenadines,2012,10.181038
Saint Vincent and the Grenadines,2013,10.311516
Saint Vincent and the Grenadines,2014,10.441995
Saint Vincent and the Grenadines,2015,10.572474
Samoa,2005,11.222988
Samoa,2006,11.299134
Samoa,2007,11.375281
Samoa,2008,11.451428
Samoa,2009,11.5275755
Samoa,2010,11.603723
Samoa,2011,11.67987
Samoa,2012,11.645111
Samoa,2013,11.6103525
Samoa,2014,11.575594
Samoa,2015,11.540834
San Marino,2005,9.699499
San Marino,2006,9.798216
San Marino,2007,9.897938
San Marino,2008,9.998674
San Marino,2009,10.100436
San Marino,2010,10.203234
San Marino,2011,10.307077
San Marino,2012,10.411978
San Marino,2013,10.517946
San Marino,2014,10.623914
San Marino,2015,10.729882
Sao Tome and Principe,2005,4.933605
Sao Tome and Principe,2006,4.9941134
Sao Tome and Principe,2007,5.055364
Sao Tome and Principe,2008,5.1173654
Sao Tome and Principe,2009,5.1801276
Sao Tome and Principe,2010,5.243659
Sao Tome and Principe,2011,5.30797
Sao Tome and Principe,2012,5.37307
Sao Tome and Principe,2013,5.440604
Sao Tome and Principe,2014,5.508138
Sao Tome and Principe,2015,5.5756726
Saudi Arabia,2005,7.7613797
Saudi Arabia,2006,7.999
Saudi Arabia,2007,8.23662
Saudi Arabia,2008,8.47424
Saudi Arabia,2009,8.71186
Saudi Arabia,2010,8.94948
Saudi Arabia,2011,9.1871
Saudi Arabia,2012,9.42472
Saudi Arabia,2013,9.66234
Saudi Arabia,2014,9.80183
Saudi Arabia,2015,9.941319
Senegal,2005,1.3802873
Senegal,2006,1.54011
Senegal,2007,1.70937
Senegal,2008,1.87863
Senegal,2009,2.04789
Senegal,2010,2.21715
Senegal,2011,2.38641
Senegal,2012,2.58445
Senegal,2013,2.78249
Senegal,2014,2.65718
Senegal,2015,2.53187
Serbia,2005,8.966295
Serbia,2006,9.389934
Serbia,2007,9.813572
Serbia,2008,10.23721
Serbia,2009,10.30457
Serbia,2010,10.37371
Serbia,2011,10.57171
Serbia,2012,10.568325
Serbia,2013,10.56494
Serbia,2014,10.72058
Serbia,2015,11.01757
Seychelles,2005,10.516445
Seychelles,2006,10.565267
Seychelles,2007,10.614089
Seychelles,2008,10.66291
Seychelles,2009,10.711732
Seychelles,2010,10.760554
Seychelles,2011,10.809376
Seychelles,2012,10.858197
Seychelles,2013,10.90702
Seychelles,2014,10.955841
Seychelles,2015,11.0046625
Sierra Leone,2005,3.1645916
Sierra Leone,2006,3.193363
Sierra Leone,2007,3.2221346
Sierra Leone,2008,3.250906
Sierra Leone,2009,3.2796776
Sierra Leone,2010,3.3084493
Sierra Leone,2011,3.3372207
Sierra Leone,2012,3.3659923
Sierra Leone,2013,3.394764
Sierra Leone,2014,3.4235353
Sierra Leone,2015,3.452307
Singapore,2005,10.55879
Singapore,2006,10.43768
Singapore,2007,10.53822
Singapore,2008,10.80021
Singapore,2009,10.81106
Singapore,2010,11.18054
Singapore,2011,11.2477
Singapore,2012,11.2535
Singapore,2013,11.37757
Singapore,2014,11.44261
Singapore,2015,11.57109
Slovakia,2005,11.154354
Slovakia,2006,11.378375
Slovakia,2007,11.602396
Slovakia,2008,11.826417
Slovakia,2009,12.050438
Slovakia,2010,12.274459
Slovakia,2011,12.49848
Slovakia,2012,12.37735
Slovakia,2013,12.442
Slovakia,2014,12.4436
Slovakia,2015,12.63834
Slovenia,2005,11.68457
Slovenia,2006,11.81441
Slovenia,2007,11.75322
Slovenia,2008,11.90997
Slovenia,2009,12.02531
Slovenia,2010,12.0592
Slovenia,2011,12.21229
Slovenia,2012,12.28007
Slovenia,2013,12.38017
Slovenia,2014,12.42836
Slovenia,2015,12.5673
Solomon Islands,2005,5.289741
Solomon Islands,2006,5.3301783
Solomon Islands,2007,5.370925
Solomon Islands,2008,5.4119825
Solomon Islands,2009,5.4533544
Solomon Islands,2010,5.4950423
Solomon Islands,2011,5.5370493
Solomon Islands,2012,5.579377
Solomon Islands,2013,5.6220284
Solomon Islands,2014,5.66468
Solomon Islands,2015,5.707331
South Africa,2005,8.89939
South Africa,2006,8.95036
South Africa,2007,9.07561
South Africa,2008,9.21504
South Africa,2009,9.60005
South Africa,2010,9.66932
South Africa,2011,9.69372
South Africa,2012,9.93432
South Africa,2013,10.040185
South Africa,2014,10.14605
South Africa,2015,10.23358
South America,2005,7.203043
South America,2006,7.230788
South America,2007,7.4410796
South America,2008,7.585766
South America,2009,7.6487913
South America,2010,7.8145013
South America,2011,7.9365396
South America,2012,8.115029
South America,2013,8.232784
South America,2014,8.325023
South America,2015,8.432437
South Asia (UNDP),2005,4.8110304
South Asia (UNDP),2006,4.914938
South Asia (UNDP),2007,4.9851956
South Asia (UNDP),2008,5.0543814
South Asia (UNDP),2009,5.168116
South Asia (UNDP),2010,5.276762
South Asia (UNDP),2011,5.4765396
South Asia (UNDP),2012,5.571756
South Asia (UNDP),2013,5.646952
South Asia (UNDP),2014,5.7536855
South Asia (UNDP),2015,5.898464
South Korea,2005,11.24357
South Korea,2006,11.151051
South Korea,2007,11.05853
South Korea,2008,10.96601
South Korea,2009,10.87349
South Korea,2010,11.63821
South Korea,2011,11.733834
South Korea,2012,11.829458
South Korea,2013,11.925082
South Korea,2014,12.020706
South Korea,2015,12.11633
South Sudan,2008,5.72614
South Sudan,2009,5.72614
South Sudan,2010,5.72614
South Sudan,2011,5.72614
South Sudan,2012,5.72614
South Sudan,2013,5.72614
South Sudan,2014,5.72614
South Sudan,2015,5.72614
Spain,2005,8.92302
Spain,2006,9.02989
Spain,2007,9.12171
Spain,2008,9.18744
Spain,2009,9.25156
Spain,2010,9.36303
Spain,2011,9.48401
Spain,2012,9.51069
Spain,2013,9.615365
Spain,2014,9.72004
Spain,2015,9.91214
Sri Lanka,2005,10.127327
Sri Lanka,2006,10.118132
Sri Lanka,2007,10.108935
Sri Lanka,2008,10.09974
Sri Lanka,2009,10.19463
Sri Lanka,2010,10.239589
Sri Lanka,2011,10.284547
Sri Lanka,2012,10.329506
Sri Lanka,2013,10.374464
Sri Lanka,2014,10.419423
Sri Lanka,2015,10.464381
Sub-Saharan Africa (UNDP),2005,4.620294
Sub-Saharan Africa (UNDP),2006,4.710011
Sub-Saharan Africa (UNDP),2007,4.8017573
Sub-Saharan Africa (UNDP),2008,4.9186873
Sub-Saharan Africa (UNDP),2009,5.016964
Sub-Saharan Africa (UNDP),2010,5.0635805
Sub-Saharan Africa (UNDP),2011,5.106047
Sub-Saharan Africa (UNDP),2012,5.166256
Sub-Saharan Africa (UNDP),2013,5.227469
Sub-Saharan Africa (UNDP),2014,5.356089
Sub-Saharan Africa (UNDP),2015,5.527202
Sudan,2005,2.93
Sudan,2006,2.97
Sudan,2007,3.01
Sudan,2008,3.05
Sudan,2009,3.09
Sudan,2010,3.13
Sudan,2011,3.228
Sudan,2012,3.326
Sudan,2013,3.424
Sudan,2014,3.522
Sudan,2015,3.62
Suriname,2005,7.778473
Suriname,2006,7.8190556
Suriname,2007,7.8596387
Suriname,2008,7.9002213
Suriname,2009,7.940804
Suriname,2010,7.981387
Suriname,2011,8.02197
Suriname,2012,8.062553
Suriname,2013,8.103136
Suriname,2014,8.143719
Suriname,2015,8.184301
Sweden,2005,12.25926
Sweden,2006,12.33154
Sweden,2007,12.40092
Sweden,2008,12.07045
Sweden,2009,12.13979
Sweden,2010,12.20699
Sweden,2011,12.27527
Sweden,2012,12.34176
Sweden,2013,12.23345
Sweden,2014,12.29454
Sweden,2015,12.35441
Switzerland,2005,11.205488
Switzerland,2006,11.738887
Switzerland,2007,12.2722845
Switzerland,2008,12.805682
Switzerland,2009,13.33908
Switzerland,2010,13.32365
Switzerland,2011,13.32542
Switzerland,2012,13.41355
Switzerland,2013,13.526831
Switzerland,2014,13.64011
Switzerland,2015,13.71188
Syria,2005,5.859044
Syria,2006,6.236472
Syria,2007,6.6139
Syria,2008,6.19281
Syria,2009,6.4884
Syria,2010,6.397591
Syria,2011,6.308053
Syria,2012,6.2197685
Syria,2013,6.132719
Syria,2014,6.04567
Syria,2015,5.958621
Tajikistan,2005,10.985649
Tajikistan,2006,11.021935
Tajikistan,2007,11.058221
Tajikistan,2008,11.094507
Tajikistan,2009,11.130793
Tajikistan,2010,11.167079
Tajikistan,2011,11.203364
Tajikistan,2012,11.239651
Tajikistan,2013,11.275936
Tajikistan,2014,11.3122225
Tajikistan,2015,11.348508
Tanzania,2005,4.642296
Tanzania,2006,4.757598
Tanzania,2007,4.8729
Tanzania,2008,4.988202
Tanzania,2009,5.103504
Tanzania,2010,5.218806
Tanzania,2011,5.334108
Tanzania,2012,5.44941
Tanzania,2013,5.46413
Tanzania,2014,5.47885
Tanzania,2015,5.49357
Thailand,2005,7.081585
Thailand,2006,6.9673
Thailand,2007,7.1283574
Thailand,2008,7.289415
Thailand,2009,7.4504724
Thailand,2010,7.61153
Thailand,2011,7.7107067
Thailand,2012,7.809883
Thailand,2013,7.90906
Thailand,2014,8.04458
Thailand,2015,8.1801
Togo,2005,3.2800655
Togo,2006,3.2955742
Togo,2007,3.3110828
Togo,2008,3.3265913
Togo,2009,3.3421
Togo,2010,3.49261
Togo,2011,3.64312
Togo,2012,3.8456967
Togo,2013,4.0482736
Togo,2014,4.25085
Togo,2015,4.453427
Tonga,2005,10.066498
Tonga,2006,10.07072
Tonga,2007,10.239668
Tonga,2008,10.408616
Tonga,2009,10.577563
Tonga,2010,10.746511
Tonga,2011,10.91546
Tonga,2012,10.907453
Tonga,2013,10.899445
Tonga,2014,10.891438
Tonga,2015,10.88343
Trinidad and Tobago,2005,9.790655
Trinidad and Tobago,2006,9.959887
Trinidad and Tobago,2007,10.129119
Trinidad and Tobago,2008,10.29835
Trinidad and Tobago,2009,10.3005
Trinidad and Tobago,2010,10.470309
Trinidad and Tobago,2011,10.64012
Trinidad and Tobago,2012,10.75685
Trinidad and Tobago,2013,10.874863
Trinidad and Tobago,2014,10.994169
Trinidad and Tobago,2015,11.114784
Tunisia,2005,5.810601
Tunisia,2006,5.9783506
Tunisia,2007,6.1461005
Tunisia,2008,6.31385
Tunisia,2009,6.4817
Tunisia,2010,6.64955
Tunisia,2011,6.82384
Tunisia,2012,6.74142
Tunisia,2013,6.855245
Tunisia,2014,6.96907
Tunisia,2015,7.0828953
Turkey,2005,5.97352
Turkey,2006,6.06121
Turkey,2007,6.14236
Turkey,2008,6.39615
Turkey,2009,6.57046
Turkey,2010,7.09209
Turkey,2011,7.35898
Turkey,2012,7.48707
Turkey,2013,7.63214
Turkey,2014,7.79505
Turkey,2015,7.9584
Turkmenistan,2005,10.888095
Turkmenistan,2006,10.881739
Turkmenistan,2007,10.875381
Turkmenistan,2008,10.869025
Turkmenistan,2009,10.862669
Turkmenistan,2010,10.856312
Turkmenistan,2011,10.849956
Turkmenistan,2012,10.843599
Turkmenistan,2013,10.837243
Turkmenistan,2014,10.830886
Turkmenistan,2015,10.82453
Tuvalu,2005,8.88331
Tuvalu,2006,9.000457
Tuvalu,2007,9.117603
Tuvalu,2008,9.23475
Tuvalu,2009,9.351896
Tuvalu,2010,9.469042
Tuvalu,2011,9.586188
Tuvalu,2012,9.703335
Tuvalu,2013,9.820481
Tuvalu,2014,9.937628
Tuvalu,2015,10.054774
Uganda,2005,4.623755
Uganda,2006,4.7993865
Uganda,2007,4.9750185
Uganda,2008,5.15065
Uganda,2009,5.521955
Uganda,2010,5.89326
Uganda,2011,5.50929
Uganda,2012,5.12532
Uganda,2013,5.3164525
Uganda,2014,5.507585
Uganda,2015,5.6987176
Ukraine,2005,11.326282
Ukraine,2006,11.362818
Ukraine,2007,11.399354
Ukraine,2008,11.43589
Ukraine,2009,11.472426
Ukraine,2010,11.508964
Ukraine,2011,11.43995
Ukraine,2012,11.370936
Ukraine,2013,11.301924
Ukraine,2014,11.23291
Ukraine,2015,11.1638975
United Arab Emirates,2005,8.99282
United Arab Emirates,2006,9.160983
United Arab Emirates,2007,9.329147
United Arab Emirates,2008,9.497311
United Arab Emirates,2009,9.665474
United Arab Emirates,2010,9.833638
United Arab Emirates,2011,10.0018015
United Arab Emirates,2012,10.169966
United Arab Emirates,2013,10.338129
United Arab Emirates,2014,10.506292
United Arab Emirates,2015,10.674457
United Kingdom,2005,11.968345
United Kingdom,2006,12.248294
United Kingdom,2007,12.528242
United Kingdom,2008,12.808191
United Kingdom,2009,13.08814
United Kingdom,2010,13.21277
United Kingdom,2011,13.18757
United Kingdom,2012,13.33853
United Kingdom,2013,12.83395
United Kingdom,2014,12.88898
United Kingdom,2015,12.979763
United States,2005,12.82981
United States,2006,12.9123
United States,2007,12.951136
United States,2008,12.98997
United States,2009,13.00604
United States,2010,13.05184
United States,2011,13.10288
United States,2012,13.14148
United States,2013,13.20003
United States,2014,13.22458
United States,2015,13.25188
Upper-middle-income countries,2005,6.957843
Upper-middle-income countries,2006,7.070517
Upper-middle-income countries,2007,7.108447
Upper-middle-income countries,2008,7.1952505
Upper-middle-income countries,2009,7.305268
Upper-middle-income countries,2010,7.407717
Upper-middle-income countries,2011,7.537007
Upper-middle-income countries,2012,7.6707587
Upper-middle-income countries,2013,7.7761717
Upper-middle-income countries,2014,7.8912234
Upper-middle-income countries,2015,8.006718
Uruguay,2005,8.313447
Uruguay,2006,7.99543
Uruguay,2007,8.183539
Uruguay,2008,8.37165
Uruguay,2009,8.37202
Uruguay,2010,8.32715
Uruguay,2011,8.40402
Uruguay,2012,8.47886
Uruguay,2013,8.52388
Uruguay,2014,8.61384
Uruguay,2015,8.66945
Uzbekistan,2005,10.500753
Uzbekistan,2006,10.593831
Uzbekistan,2007,10.687734
Uzbekistan,2008,10.782469
Uzbekistan,2009,10.878044
Uzbekistan,2010,10.974465
Uzbekistan,2011,11.071743
Uzbekistan,2012,11.169882
Uzbekistan,2013,11.26889
Uzbekistan,2014,11.34283
Uzbekistan,2015,11.35683
Vanuatu,2005,5.5755153
Vanuatu,2006,5.667716
Vanuatu,2007,5.7614417
Vanuatu,2008,5.856717
Vanuatu,2009,5.953568
Vanuatu,2010,6.052021
Vanuatu,2011,6.1521015
Vanuatu,2012,6.253837
Vanuatu,2013,6.3572555
Vanuatu,2014,6.4606733
Vanuatu,2015,6.5640917
Venezuela,2005,7.6225576
Venezuela,2006,7.51184
Venezuela,2007,7.9895
Venezuela,2008,8.13837
Venezuela,2009,8.25321
Venezuela,2010,8.687756
Venezuela,2011,9.1223
Venezuela,2012,9.251978
Venezuela,2013,9.381655
Venezuela,2014,9.5113325
Venezuela,2015,9.64101
Very high human development (UNDP),2005,11.2194605
Very high human development (UNDP),2006,11.291344
Very high human development (UNDP),2007,11.371849
Very high human development (UNDP),2008,11.451691
Very high human development (UNDP),2009,11.51228
Very high human development (UNDP),2010,11.609247
Very high human development (UNDP),2011,11.672352
Very high human development (UNDP),2012,11.738724
Very high human development (UNDP),2013,11.773668
Very high human development (UNDP),2014,11.8273115
Very high human development (UNDP),2015,11.892862
Vietnam,2005,6.7038283
Vietnam,2006,6.914104
Vietnam,2007,7.124379
Vietnam,2008,7.334655
Vietnam,2009,7.54493
Vietnam,2010,7.6274652
Vietnam,2011,7.71
Vietnam,2012,7.7925353
Vietnam,2013,7.87507
Vietnam,2014,7.9576054
Vietnam,2015,8.04014
World,2005,7.415289
World,2006,7.4943533
World,2007,7.5463676
World,2008,7.613806
World,2009,7.692684
World,2010,7.7695613
World,2011,7.8734975
World,2012,7.95868
World,2013,8.021075
World,2014,8.102156
World,2015,8.19937
Yemen,2005,1.86
Yemen,2006,2.008
Yemen,2007,2.156
Yemen,2008,2.304
Yemen,2009,2.452
Yemen,2010,2.6
Yemen,2011,2.8
Yemen,2012,3.0
Yemen,2013,2.9017
Yemen,2014,2.8033998
Yemen,2015,2.7050998
Zambia,2005,5.846262
Zambia,2006,5.9372687
Zambia,2007,6.0282755
Zambia,2008,6.1192822
Zambia,2009,6.210289
Zambia,2010,6.3012958
Zambia,2011,6.3923025
Zambia,2012,6.4833093
Zambia,2013,6.574316
Zambia,2014,6.665323
Zambia,2015,6.7563295
Zimbabwe,2005,7.158781
Zimbabwe,2006,7.260298
Zimbabwe,2007,7.361815
Zimbabwe,2008,7.463332
Zimbabwe,2009,7.564849
Zimbabwe,2010,7.666366
Zimbabwe,2011,7.767883
Zimbabwe,2012,7.8694
Zimbabwe,2013,7.990935
Zimbabwe,2014,8.11247
Zimbabwe,2015,8.38905
