Country Name,Year,GDP_per_capita
Afghanistan,2005,1908.1147
Afghanistan,2006,1929.7239
Afghanistan,2007,2155.353
Afghanistan,2008,2191.5044
Afghanistan,2009,2565.022
Afghanistan,2010,2848.5862
Afghanistan,2011,2757.0525
Afghanistan,2012,2985.319
Afghanistan,2013,3046.5798
Afghanistan,2014,3017.9426
Afghanistan,2015,2967.6921
Albania,2005,9006.646
Albania,2006,9598.646
Albania,2007,10250.128
Albania,2008,11103.7705
Albania,2009,11553.821
Albania,2010,12041.749
Albania,2011,12381.524
Albania,2012,12577.756
Albania,2013,12727.083
Albania,2014,12979.765
Albania,2015,13306.443
Algeria,2005,13738.496
Algeria,2006,13920.694
Algeria,2007,14114.675
Algeria,2008,14206.776
Algeria,2009,14104.428
Algeria,2010,14496.421
Algeria,2011,14641.964
Algeria,2012,14697.54
Algeria,2013,14778.191
Algeria,2014,15073.763
Algeria,2015,15239.518
Andorra,2005,65114.805
Andorra,2006,66390.3
Andorra,2007,65534.117
Andorra,2008,60691.605
Andorra,2009,57203.973
Andorra,2010,58285.06
Andorra,2011,60470.465
Andorra,2012,58172.133
Andorra,2013,57332.16
Andorra,2014,59929.246
Andorra,2015,62105.152
Angola,2005,7845.89
Angola,2006,8435.455
Angola,2007,9263.98
Angola,2008,9916.909
Angola,2009,9629.092
Angola,2010,9672.839
Angola,2011,9627.0205
Angola,2012,10051.34
Angola,2013,10150.916
Angola,2014,10250.593
Angola,2015,9980.93
Antigua and Barbuda,2005,27698.217
Antigua and Barbuda,2006,30833.518
Antigua and Barbuda,2007,33251.973
Antigua and Barbuda,2008,32762.914
Antigua and Barbuda,2009,28411.39
Antigua and Barbuda,2010,25831.814
Antigua and Barbuda,2011,25028.967
Antigua and Barbuda,2012,25597.994
Antigua and Barbuda,2013,25211.924
Antigua and Barbuda,2014,25565.965
Antigua and Barbuda,2015,25748.625
Argentina,2005,23262.408
Argentina,2006,24877.25
Argentina,2007,26850.664
Argentina,2008,27658.484
Argentina,2009,25747.197
Argentina,2010,28056.258
Argentina,2011,29425.76
Argentina,2012,28825.967
Argentina,2013,29227.66
Argentina,2014,28200.814
Argentina,2015,28669.207
Armenia,2005,8362.9
Armenia,2006,9525.231
Armenia,2007,10898.849
Armenia,2008,11727.482
Armenia,2009,10143.235
Armenia,2010,10438.564
Armenia,2011,10990.177
Armenia,2012,11796.274
Armenia,2013,12194.019
Armenia,2014,12667.376
Armenia,2015,13112.76
Aruba,2005,40608.82
Aruba,2006,40335.418
Aruba,2007,41272.28
Aruba,2008,41710.496
Aruba,2009,36590.56
Aruba,2010,35508.594
Aruba,2011,36435.555
Aruba,2012,35530.26
Aruba,2013,37255.35
Aruba,2014,36275.68
Aruba,2015,35682.3
Australia,2005,49176.06
Australia,2006,49853.72
Australia,2007,50799.26
Australia,2008,51577.074
Australia,2009,51481.25
Australia,2010,51811.78
Australia,2011,52326.766
Australia,2012,53435.18
Australia,2013,53890.105
Australia,2014,54470.16
Australia,2015,54867.773
Austria,2005,57508.98
Austria,2006,59096.01
Austria,2007,61128.55
Austria,2008,61823.1
Austria,2009,59450.027
Austria,2010,60380.14
Austria,2011,61938.617
Austria,2012,62044.215
Austria,2013,61524.96
Austria,2014,61507.38
Austria,2015,61614.56
Azerbaijan,2005,9901.927
Azerbaijan,2006,13172.581
Azerbaijan,2007,16280.084
Azerbaijan,2008,17656.963
Azerbaijan,2009,18901.887
Azerbaijan,2010,19621.385
Azerbaijan,2011,19386.744
Azerbaijan,2012,19545.072
Azerbaijan,2013,20414.832
Azerbaijan,2014,20716.14
Azerbaijan,2015,20694.78
Bahamas,2005,35355.188
Bahamas,2006,35778.73
Bahamas,2007,35786.715
Bahamas,2008,34488.008
Bahamas,2009,32620.777
Bahamas,2010,32701.951
Bahamas,2011,32526.205
Bahamas,2012,33167.605
Bahamas,2013,31921.71
Bahamas,2014,32226.924
Bahamas,2015,32290.7
Bahrain,2005,53478.266
Bahrain,2006,52691.934
Bahrain,2007,52731.793
Bahrain,2008,52765.39
Bahrain,2009,50665.75
Bahrain,2010,50704.848
Bahrain,2011,53132.33
Bahrain,2012,54516.84
Bahrain,2013,55376.402
Bahrain,2014,55065.82
Bahrain,2015,54149.914
Bangladesh,2005,3231.6138
Bangladesh,2006,3407.4272
Bangladesh,2007,3608.9155
Bangladesh,2008,3787.9382
Bangladesh,2009,3942.1362
Bangladesh,2010,4125.464
Bangladesh,2011,4352.4263
Bangladesh,2012,4592.0483
Bangladesh,2013,4822.726
Bangladesh,2014,5068.6396
Bangladesh,2015,5352.7114
Barbados,2005,19488.002
Barbados,2006,20571.81
Barbados,2007,20899.99
Barbados,2008,20922.408
Barbados,2009,19770.527
Barbados,2010,19253.408
Barbados,2011,19050.566
Barbados,2012,18936.088
Barbados,2013,18695.684
Barbados,2014,18665.178
Barbados,2015,18464.664
Belarus,2005,16579.873
Belarus,2006,18349.871
Belarus,2007,20019.611
Belarus,2008,22137.947
Belarus,2009,22236.838
Belarus,2010,24012.613
Belarus,2011,25404.756
Belarus,2012,25879.133
Belarus,2013,26147.625
Belarus,2014,26564.436
Belarus,2015,25513.213
Belgium,2005,55453.184
Belgium,2006,56494.69
Belgium,2007,58143.42
Belgium,2008,57943.715
Belgium,2009,56383.56
Belgium,2010,57385.035
Belgium,2011,57737.16
Belgium,2012,57504.03
Belgium,2013,57408.477
Belgium,2014,58163.266
Belgium,2015,58679.684
Belize,2005,12702.742
Belize,2006,12900.111
Belize,2007,12962.467
Belize,2008,12398.513
Belize,2009,12024.196
Belize,2010,11868.438
Belize,2011,11584.285
Belize,2012,11761.563
Belize,2013,12026.071
Belize,2014,12249.222
Belize,2015,12339.48
Benin,2005,2632.4724
Benin,2006,2652.2185
Benin,2007,2729.1375
Benin,2008,2777.6196
Benin,2009,2758.0725
Benin,2010,2733.574
Benin,2011,2732.0125
Benin,2012,2779.7266
Benin,2013,2893.0466
Benin,2014,2987.3823
Benin,2015,2952.0022
Bermuda,2005,108461.234
Bermuda,2006,114250.09
Bermuda,2007,117742.12
Bermuda,2008,115015.75
Bermuda,2009,108091.65
Bermuda,2010,105121.64
Bermuda,2011,101174.51
Bermuda,2012,95937.86
Bermuda,2013,95777.86
Bermuda,2014,92298.39
Bermuda,2015,93109.45
Bhutan,2005,6850.804
Bhutan,2006,7140.856
Bhutan,2007,8195.07
Bhutan,2008,8470.035
Bhutan,2009,9019.118
Bhutan,2010,9985.284
Bhutan,2011,10714.687
Bhutan,2012,11143.944
Bhutan,2013,11212.4795
Bhutan,2014,11744.519
Bhutan,2015,12400.298
Bolivia,2005,6579.3125
Bolivia,2006,6778.385
Bolivia,2007,6967.57
Bolivia,2008,7272.166
Bolivia,2009,7392.1626
Bolivia,2010,7571.678
Bolivia,2011,7837.493
Bolivia,2012,8108.205
Bolivia,2013,8524.032
Bolivia,2014,8851.712
Bolivia,2015,9141.929
Bosnia and Herzegovina,2005,9949.858
Bosnia and Herzegovina,2006,10574.298
Bosnia and Herzegovina,2007,11332.676
Bosnia and Herzegovina,2008,12149.033
Bosnia and Herzegovina,2009,11989.797
Bosnia and Herzegovina,2010,12310.37
Bosnia and Herzegovina,2011,12659.914
Bosnia and Herzegovina,2012,12801.112
Bosnia and Herzegovina,2013,13316.922
Bosnia and Herzegovina,2014,13644.516
Bosnia and Herzegovina,2015,14420.487
Botswana,2005,14361.987
Botswana,2006,15275.614
Botswana,2007,15850.268
Botswana,2008,16040.349
Botswana,2009,13489.979
Botswana,2010,14545.378
Botswana,2011,15237.111
Botswana,2012,14957.998
Botswana,2013,16369.827
Botswana,2014,17052.23
Botswana,2015,15994.997
Brazil,2005,15221.014
Brazil,2006,15657.4795
Brazil,2007,16440.584
Brazil,2008,17113.367
Brazil,2009,16939.441
Brazil,2010,18062.158
Brazil,2011,18627.81
Brazil,2012,18832.219
Brazil,2013,19241.506
Brazil,2014,19183.172
Brazil,2015,18357.068
Brunei,2005,99795.69
Brunei,2006,102248.51
Brunei,2007,96752.62
Brunei,2008,91275.5
Brunei,2009,87875.83
Brunei,2010,88586.516
Brunei,2011,90279.664
Brunei,2012,89718.46
Brunei,2013,86606.65
Brunei,2014,83310.62
Brunei,2015,81910.19
Bulgaria,2005,17811.666
Bulgaria,2006,19168.354
Bulgaria,2007,20594.764
Bulgaria,2008,22011.092
Bulgaria,2009,21411.86
Bulgaria,2010,21888.504
Bulgaria,2011,22489.762
Bulgaria,2012,22789.791
Bulgaria,2013,22793.305
Bulgaria,2014,23140.871
Bulgaria,2015,24080.256
Burkina Faso,2005,1664.9955
Burkina Faso,2006,1714.7604
Burkina Faso,2007,1731.9304
Burkina Faso,2008,1779.3271
Burkina Faso,2009,1779.323
Burkina Faso,2010,1873.9714
Burkina Faso,2011,1939.8666
Burkina Faso,2012,2003.6647
Burkina Faso,2013,2057.064
Burkina Faso,2014,2083.1985
Burkina Faso,2015,2101.7026
Burundi,2005,938.3816
Burundi,2006,954.19086
Burundi,2007,951.2901
Burundi,2008,957.22266
Burundi,2009,944.62994
Burundi,2010,947.6214
Burundi,2011,951.1885
Burundi,2012,958.6574
Burundi,2013,970.37537
Burundi,2014,977.76587
Burundi,2015,918.5572
Cambodia,2005,2781.8904
Cambodia,2006,3041.1047
Cambodia,2007,3308.1575
Cambodia,2008,3501.9258
Cambodia,2009,3587.609
Cambodia,2010,3711.5376
Cambodia,2011,3921.979
Cambodia,2012,4159.1636
Cambodia,2013,4419.399
Cambodia,2014,4702.7305
Cambodia,2015,4968.5728
Cameroon,2005,4199.7227
Cameroon,2006,4241.5176
Cameroon,2007,4302.619
Cameroon,2008,4300.2666
Cameroon,2009,4286.577
Cameroon,2010,4286.583
Cameroon,2011,4307.852
Cameroon,2012,4382.1113
Cameroon,2013,4473.5723
Cameroon,2014,4588.4863
Cameroon,2015,4698.667
Canada,2005,51564.844
Canada,2006,52391.38
Canada,2007,52948.9
Canada,2008,52899.477
Canada,2009,50772.87
Canada,2010,51763.676
Canada,2011,52869.387
Canada,2012,53217.715
Canada,2013,53884.844
Canada,2014,54880.86
Canada,2015,54819.188
Cape Verde,2005,5565.7695
Cape Verde,2006,5941.3823
Cape Verde,2007,6767.4067
Cape Verde,2008,7169.1396
Cape Verde,2009,6994.574
Cape Verde,2010,7072.1216
Cape Verde,2011,7325.784
Cape Verde,2012,7397.8223
Cape Verde,2013,7440.6626
Cape Verde,2014,7491.022
Cape Verde,2015,7560.1367
Cayman Islands,2006,92169.88
Cayman Islands,2007,92300.48
Cayman Islands,2008,89338.29
Cayman Islands,2009,80594.08
Cayman Islands,2010,76259.03
Cayman Islands,2011,75059.66
Cayman Islands,2012,73948.02
Cayman Islands,2013,72954.52
Cayman Islands,2014,73017.59
Cayman Islands,2015,73281.05
Central African Republic,2005,1219.594
Central African Republic,2006,1251.8708
Central African Republic,2007,1284.5529
Central African Republic,2008,1283.2728
Central African Republic,2009,1402.6816
Central African Republic,2010,1479.4137
Central African Republic,2011,1517.1484
Central African Republic,2012,1577.9806
Central African Republic,2013,996.89636
Central African Republic,2014,1001.85596
Central African Republic,2015,1043.9218
Chad,2005,1957.2886
Chad,2006,1900.364
Chad,2007,1896.081
Chad,2008,1886.7716
Chad,2009,1897.3331
Chad,2010,2081.1394
Chad,2011,2010.6174
Chad,2012,2113.6475
Chad,2013,2155.7854
Chad,2014,2223.7139
Chad,2015,2213.6567
Chile,2005,20925.916
Chile,2006,21976.297
Chile,2007,22886.965
Chile,2008,23518.086
Chile,2009,23021.709
Chile,2010,24125.287
Chile,2011,25375.229
Chile,2012,26679.916
Chile,2013,27300.996
Chile,2014,27514.764
Chile,2015,27821.197
China,2005,6165.1836
China,2006,6910.758
China,2007,7853.096
China,2008,8566.965
China,2009,9325.65
China,2010,10267.806
China,2011,11187.166
China,2012,11985.317
China,2013,12830.37
China,2014,13696.518
China,2015,14575.935
Colombia,2005,12218.054
Colombia,2006,12867.045
Colombia,2007,13561.154
Colombia,2008,13838.885
Colombia,2009,13834.497
Colombia,2010,14293.021
Colombia,2011,15123.193
Colombia,2012,15558.091
Colombia,2013,16202.396
Colombia,2014,16780.871
Colombia,2015,17128.107
Comoros,2005,3087.5166
Comoros,2006,3105.9568
Comoros,2007,3069.0247
Comoros,2008,3127.931
Comoros,2009,3165.7136
Comoros,2010,3220.643
Comoros,2011,3287.7173
Comoros,2012,3324.3396
Comoros,2013,3400.173
Comoros,2014,3397.0925
Comoros,2015,3364.2961
Congo,2005,7876.118
Congo,2006,8192.58
Congo,2007,7375.8247
Congo,2008,7587.288
Congo,2009,8138.45
Congo,2010,8583.662
Congo,2011,8492.421
Congo,2012,9079.687
Congo,2013,8798.494
Congo,2014,9159.257
Congo,2015,8977.707
Costa Rica,2005,15893.249
Costa Rica,2006,16820.465
Costa Rica,2007,17957.494
Costa Rica,2008,18555.0
Costa Rica,2009,18148.764
Costa Rica,2010,18885.848
Costa Rica,2011,19487.002
Costa Rica,2012,20201.389
Costa Rica,2013,20476.135
Costa Rica,2014,20974.729
Costa Rica,2015,21510.977
Cote d'Ivoire,2005,4032.2458
Cote d'Ivoire,2006,4049.2603
Cote d'Ivoire,2007,3999.691
Cote d'Ivoire,2008,4096.7236
Cote d'Ivoire,2009,4151.0537
Cote d'Ivoire,2010,4338.6523
Cote d'Ivoire,2011,4017.4077
Cote d'Ivoire,2012,4234.1807
Cote d'Ivoire,2013,4597.1865
Cote d'Ivoire,2014,4907.5747
Cote d'Ivoire,2015,5110.8623
Croatia,2005,27629.336
Croatia,2006,29026.482
Croatia,2007,30498.662
Croatia,2008,31102.75
Croatia,2009,29013.879
Croatia,2010,28691.814
Croatia,2011,28762.904
Croatia,2012,28248.32
Croatia,2013,28389.107
Croatia,2014,28448.125
Croatia,2015,29458.7
Curacao,2005,33651.67
Curacao,2006,33335.023
Curacao,2007,33490.42
Curacao,2008,33795.3
Curacao,2009,33397.566
Curacao,2010,33004.72
Curacao,2011,32704.52
Curacao,2012,32321.04
Curacao,2013,31753.545
Curacao,2014,31128.805
Curacao,2015,30861.477
Cyprus,2005,42337.188
Cyprus,2006,43599.383
Cyprus,2007,44856.836
Cyprus,2008,45339.75
Cyprus,2009,43249.29
Cyprus,2010,43094.992
Cyprus,2011,42184.42
Cyprus,2012,40114.27
Cyprus,2013,37558.96
Cyprus,2014,37300.188
Cyprus,2015,38795.71
Czechia,2005,37171.176
Czechia,2006,39525.906
Czechia,2007,41452.812
Czechia,2008,42184.336
Czechia,2009,39932.04
Czechia,2010,40896.73
Czechia,2011,41535.613
Czechia,2012,41157.88
Czechia,2013,41127.027
Czechia,2014,42006.17
Czechia,2015,44002.566
Democratic Republic of Congo,2005,918.53485
Democratic Republic of Congo,2006,938.04114
Democratic Republic of Congo,2007,967.05414
Democratic Republic of Congo,2008,996.74414
Democratic Republic of Congo,2009,993.9978
Democratic Republic of Congo,2010,1031.2501
Democratic Republic of Congo,2011,1066.5795
Democratic Republic of Congo,2012,1104.6641
Democratic Republic of Congo,2013,1158.282
Democratic Republic of Congo,2014,1225.7021
Democratic Republic of Congo,2015,1267.9055
Denmark,2005,61181.082
Denmark,2006,63307.652
Denmark,2007,63649.715
Denmark,2008,63012.863
Denmark,2009,59558.76
Denmark,2010,60233.363
Denmark,2011,60772.168
Denmark,2012,60540.64
Denmark,2013,61128.395
Denmark,2014,61596.496
Denmark,2015,62450.02
Djibouti,2013,4446.4136
Djibouti,2014,4675.4517
Djibouti,2015,4940.632
Dominica,2005,13810.35
Dominica,2006,14438.712
Dominica,2007,15346.8545
Dominica,2008,16438.041
Dominica,2009,16243.425
Dominica,2010,16353.871
Dominica,2011,16271.469
Dominica,2012,16084.015
Dominica,2013,15786.826
Dominica,2014,16382.672
Dominica,2015,15926.805
Dominican Republic,2005,11945.315
Dominican Republic,2006,12879.065
Dominican Republic,2007,13666.6875
Dominican Republic,2008,13932.234
Dominican Republic,2009,13886.884
Dominican Republic,2010,14853.634
Dominican Republic,2011,15125.839
Dominican Republic,2012,15344.334
Dominican Republic,2013,15897.563
Dominican Republic,2014,16817.645
Dominican Republic,2015,17777.012
East Asia and Pacific (WB),2005,10280.682
East Asia and Pacific (WB),2006,10933.407
East Asia and Pacific (WB),2007,11739.909
East Asia and Pacific (WB),2008,12237.541
East Asia and Pacific (WB),2009,12562.891
East Asia and Pacific (WB),2010,13485.722
East Asia and Pacific (WB),2011,14188.83
East Asia and Pacific (WB),2012,14868.351
East Asia and Pacific (WB),2013,15574.133
East Asia and Pacific (WB),2014,16255.7705
East Asia and Pacific (WB),2015,16956.32
East Timor,2005,3264.03
East Timor,2006,3039.032
East Timor,2007,3256.6553
East Timor,2008,3530.9749
East Timor,2009,3792.4578
East Timor,2010,4047.3562
East Timor,2011,4189.9097
East Timor,2012,4298.0273
East Timor,2013,4340.392
East Timor,2014,4445.4756
East Timor,2015,4467.917
Ecuador,2005,10647.086
Ecuador,2006,10920.035
Ecuador,2007,10939.345
Ecuador,2008,11460.405
Ecuador,2009,11389.495
Ecuador,2010,11651.343
Ecuador,2011,12433.759
Ecuador,2012,12945.077
Ecuador,2013,13672.307
Ecuador,2014,14047.491
Ecuador,2015,13864.487
Egypt,2005,10700.609
Egypt,2006,11211.832
Egypt,2007,11782.006
Egypt,2008,12391.585
Egypt,2009,12728.081
Egypt,2010,13128.988
Egypt,2011,13082.427
Egypt,2012,13076.806
Egypt,2013,13058.075
Egypt,2014,13136.365
Egypt,2015,13425.912
El Salvador,2005,8050.5347
El Salvador,2006,8404.247
El Salvador,2007,8548.835
El Salvador,2008,8704.806
El Salvador,2009,8494.498
El Salvador,2010,8648.93
El Salvador,2011,8943.062
El Salvador,2012,9165.42
El Salvador,2013,9327.564
El Salvador,2014,9451.744
El Salvador,2015,9646.154
Equatorial Guinea,2005,31302.957
Equatorial Guinea,2006,32251.768
Equatorial Guinea,2007,35540.45
Equatorial Guinea,2008,39994.617
Equatorial Guinea,2009,38706.605
Equatorial Guinea,2010,33668.875
Equatorial Guinea,2011,34341.934
Equatorial Guinea,2012,35711.492
Equatorial Guinea,2013,32894.37
Equatorial Guinea,2014,31765.9
Equatorial Guinea,2015,27797.795
Estonia,2005,31032.965
Estonia,2006,34264.023
Estonia,2007,37026.652
Estonia,2008,35223.24
Estonia,2009,30128.023
Estonia,2010,30936.557
Estonia,2011,33391.11
Estonia,2012,34741.37
Estonia,2013,35477.637
Estonia,2014,36752.746
Estonia,2015,37403.79
Eswatini,2005,7198.571
Eswatini,2006,7591.8296
Eswatini,2007,7882.985
Eswatini,2008,7894.2983
Eswatini,2009,7966.6133
Eswatini,2010,8220.52
Eswatini,2011,8358.763
Eswatini,2012,8762.586
Eswatini,2013,9051.581
Eswatini,2014,9155.867
Eswatini,2015,9227.024
Ethiopia,2005,952.1156
Ethiopia,2006,1024.7291
Ethiopia,2007,1109.1432
Ethiopia,2008,1193.7472
Ethiopia,2009,1262.4639
Ethiopia,2010,1381.1904
Ethiopia,2011,1492.5339
Ethiopia,2012,1576.7687
Ethiopia,2013,1696.8651
Ethiopia,2014,1821.3915
Ethiopia,2015,1957.4144
Europe and Central Asia (WB),2005,34477.527
Europe and Central Asia (WB),2006,35974.637
Europe and Central Asia (WB),2007,37460.793
Europe and Central Asia (WB),2008,37938.5
Europe and Central Asia (WB),2009,35971.047
Europe and Central Asia (WB),2010,36875.312
Europe and Central Asia (WB),2011,37845.2
Europe and Central Asia (WB),2012,37969.293
Europe and Central Asia (WB),2013,38207.523
Europe and Central Asia (WB),2014,38669.555
Europe and Central Asia (WB),2015,39118.816
European Union (27),2005,44002.1
European Union (27),2006,45493.324
European Union (27),2007,46842.914
European Union (27),2008,47102.34
European Union (27),2009,44997.508
European Union (27),2010,45840.215
European Union (27),2011,46822.12
European Union (27),2012,46404.094
European Union (27),2013,46263.184
European Union (27),2014,46935.043
European Union (27),2015,47967.6
Faeroe Islands,2008,53528.785
Faeroe Islands,2009,50835.953
Faeroe Islands,2010,50782.34
Faeroe Islands,2011,52716.934
Faeroe Islands,2012,56744.652
Faeroe Islands,2013,60123.727
Faeroe Islands,2014,63151.504
Faeroe Islands,2015,63139.805
Fiji,2005,10127.111
Fiji,2006,10222.198
Fiji,2007,10050.951
Fiji,2008,10092.18
Fiji,2009,9910.175
Fiji,2010,10167.35
Fiji,2011,10412.996
Fiji,2012,10537.692
Fiji,2013,11019.298
Fiji,2014,11621.13
Fiji,2015,12131.092
Finland,2005,53234.348
Finland,2006,55162.035
Finland,2007,57846.062
Finland,2008,58029.043
Finland,2009,53088.1
Finland,2010,54520.086
Finland,2011,55565.156
Finland,2012,54459.246
Finland,2013,53677.812
Finland,2014,53200.723
Finland,2015,53273.14
France,2005,49528.996
France,2006,50520.227
France,2007,51479.387
France,2008,51387.543
France,2009,49680.383
France,2010,50424.957
France,2011,51405.387
France,2012,51251.375
France,2013,51385.727
France,2014,51652.617
France,2015,52018.332
Gabon,2005,20385.29
Gabon,2006,19224.127
Gabon,2007,19751.877
Gabon,2008,18493.092
Gabon,2009,17911.146
Gabon,2010,18530.576
Gabon,2011,19153.088
Gabon,2012,19450.402
Gabon,2013,19836.455
Gabon,2014,20008.99
Gabon,2015,20147.71
Gambia,2005,2653.6423
Gambia,2006,2564.6865
Gambia,2007,2567.1572
Gambia,2008,2649.611
Gambia,2009,2745.3254
Gambia,2010,2824.2126
Gambia,2011,2519.8398
Gambia,2012,2574.935
Gambia,2013,2572.4473
Gambia,2014,2465.1096
Gambia,2015,2495.9575
Georgia,2005,8485.587
Georgia,2006,9337.989
Georgia,2007,10567.274
Georgia,2008,10856.104
Georgia,2009,10553.09
Georgia,2010,11294.368
Georgia,2011,12288.683
Georgia,2012,13193.96
Georgia,2013,13913.002
Georgia,2014,14475.313
Georgia,2015,14936.844
Germany,2005,51633.188
Germany,2006,53684.547
Germany,2007,55309.996
Germany,2008,55919.77
Germany,2009,52952.93
Germany,2010,55233.316
Germany,2011,58381.22
Germany,2012,58548.1
Germany,2013,58614.05
Germany,2014,59636.555
Germany,2015,60099.637
Ghana,2005,3721.3079
Ghana,2006,3857.8616
Ghana,2007,3923.1257
Ghana,2008,4174.7812
Ghana,2009,4269.16
Ghana,2010,4495.689
Ghana,2011,5005.367
Ghana,2012,5339.7134
Ghana,2013,5593.775
Ghana,2014,5619.0723
Ghana,2015,5607.366
Greece,2005,38199.7
Greece,2006,40539.12
Greece,2007,41854.016
Greece,2008,41767.047
Greece,2009,39941.355
Greece,2010,37618.684
Greece,2011,33953.367
Greece,2012,31293.428
Greece,2013,30804.97
Greece,2014,31256.527
Greece,2015,31391.312
Greenland,2005,51480.133
Greenland,2006,54494.31
Greenland,2007,55992.24
Greenland,2008,59684.355
Greenland,2009,60206.54
Greenland,2010,60625.164
Greenland,2011,60340.05
Greenland,2012,61267.465
Greenland,2013,60822.137
Greenland,2014,63919.156
Greenland,2015,62503.4
Grenada,2005,14220.552
Grenada,2006,13602.686
Grenada,2007,14385.092
Grenada,2008,14472.423
Grenada,2009,13471.83
Grenada,2010,13363.092
Grenada,2011,13406.06
Grenada,2012,13169.461
Grenada,2013,13394.521
Grenada,2014,14296.709
Grenada,2015,15145.972
Guatemala,2005,9102.888
Guatemala,2006,9389.266
Guatemala,2007,9776.204
Guatemala,2008,9893.012
Guatemala,2009,9744.097
Guatemala,2010,9828.435
Guatemala,2011,10035.577
Guatemala,2012,10130.351
Guatemala,2013,10301.421
Guatemala,2014,10557.234
Guatemala,2015,10789.71
Guinea,2005,2501.2217
Guinea,2006,2478.6133
Guinea,2007,2587.005
Guinea,2008,2629.5398
Guinea,2009,2537.3064
Guinea,2010,2594.8306
Guinea,2011,2673.4087
Guinea,2012,2762.9036
Guinea,2013,2802.56
Guinea,2014,2834.9663
Guinea,2015,2869.8516
Guinea-Bissau,2005,2003.5604
Guinea-Bissau,2006,2007.9801
Guinea-Bissau,2007,2008.7361
Guinea-Bissau,2008,2047.3204
Guinea-Bissau,2009,2044.7771
Guinea-Bissau,2010,2104.291
Guinea-Bissau,2011,2215.4033
Guinea-Bissau,2012,2120.3096
Guinea-Bissau,2013,2131.8306
Guinea-Bissau,2014,2096.5789
Guinea-Bissau,2015,2168.7163
Guyana,2005,8256.525
Guyana,2006,8702.331
Guyana,2007,9354.08
Guyana,2008,9546.708
Guyana,2009,9924.526
Guyana,2010,10374.395
Guyana,2011,10958.859
Guyana,2012,11534.998
Guyana,2013,11896.906
Guyana,2014,12030.053
Guyana,2015,12040.082
Haiti,2005,3163.1138
Haiti,2006,3164.8237
Haiti,2007,3258.3665
Haiti,2008,3289.7053
Haiti,2009,3426.3892
Haiti,2010,3195.2483
Haiti,2011,3320.347
Haiti,2012,3285.7075
Haiti,2013,3376.64
Haiti,2014,3423.653
Haiti,2015,3422.0974
High-income countries,2005,45797.785
High-income countries,2006,47186.465
High-income countries,2007,48420.777
High-income countries,2008,48606.367
High-income countries,2009,46576.004
High-income countries,2010,47838.98
High-income countries,2011,48748.742
High-income countries,2012,49202.797
High-income countries,2013,49657.992
High-income countries,2014,50410.76
High-income countries,2015,51170.426
Honduras,2005,5056.6753
Honduras,2006,5263.1504
Honduras,2007,5461.9014
Honduras,2008,5566.7065
Honduras,2009,5313.756
Honduras,2010,5396.0723
Honduras,2011,5488.4336
Honduras,2012,5600.608
Honduras,2013,5644.134
Honduras,2014,5705.1626
Honduras,2015,5812.5347
Hong Kong,2005,47938.902
Hong Kong,2006,50981.76
Hong Kong,2007,53813.066
Hong Kong,2008,54630.363
Hong Kong,2009,53172.297
Hong Kong,2010,56355.41
Hong Kong,2011,58672.832
Hong Kong,2012,59015.324
Hong Kong,2013,60601.594
Hong Kong,2014,61839.793
Hong Kong,2015,62779.727
Hungary,2005,28083.578
Hungary,2006,29237.266
Hungary,2007,29363.816
Hungary,2008,29710.59
Hungary,2009,27793.346
Hungary,2010,28156.037
Hungary,2011,28763.053
Hungary,2012,28550.514
Hungary,2013,29145.291
Hungary,2014,30460.725
Hungary,2015,31665.229
Iceland,2005,55595.41
Iceland,2006,57736.027
Iceland,2007,61053.125
Iceland,2008,61252.402
Iceland,2009,56365.465
Iceland,2010,54847.63
Iceland,2011,55689.62
Iceland,2012,55983.273
Iceland,2013,57980.855
Iceland,2014,58306.83
Iceland,2015,60262.523
India,2005,3881.966
India,2006,4129.7783
India,2007,4379.696
India,2008,4450.39
India,2009,4731.362
India,2010,5059.2827
India,2011,5249.5493
India,2012,5460.4375
India,2013,5732.2417
India,2014,6079.8438
India,2015,6488.146
Indonesia,2005,7140.8545
Indonesia,2006,7434.488
Indonesia,2007,7802.464
Indonesia,2008,8165.0615
Indonesia,2009,8435.456
Indonesia,2010,8848.225
Indonesia,2011,9274.97
Indonesia,2012,9708.612
Indonesia,2013,10121.814
Indonesia,2014,10504.387
Indonesia,2015,10893.662
Iran,2005,13056.25
Iran,2006,13416.842
Iran,2007,14275.749
Iran,2008,14138.801
Iran,2009,14104.979
Iran,2010,14737.156
Iran,2011,14941.26
Iran,2012,14202.551
Iran,2013,13804.791
Iran,2014,14299.571
Iran,2015,13905.192
Iraq,2005,10078.443
Iraq,2006,10568.914
Iraq,2007,10853.816
Iraq,2008,11511.938
Iraq,2009,11470.518
Iraq,2010,11816.841
Iraq,2011,12267.585
Iraq,2012,13357.015
Iraq,2013,13712.932
Iraq,2014,13536.823
Iraq,2015,13516.027
Ireland,2005,63449.746
Ireland,2006,64842.59
Ireland,2007,66339.95
Ireland,2008,62086.47
Ireland,2009,58327.254
Ireland,2010,58986.598
Ireland,2011,59698.258
Ireland,2012,59208.66
Ireland,2013,60188.855
Ireland,2014,65328.8
Ireland,2015,80644.28
Israel,2005,33339.44
Israel,2006,34583.324
Israel,2007,36020.75
Israel,2008,36549.254
Israel,2009,36081.49
Israel,2010,37424.074
Israel,2011,38782.516
Israel,2012,39040.465
Israel,2013,39939.812
Israel,2014,40702.75
Israel,2015,40827.438
Italy,2005,52425.67
Italy,2006,53208.9
Italy,2007,53715.055
Italy,2008,52814.434
Italy,2009,49785.203
Italy,2010,50391.234
Italy,2011,50654.496
Italy,2012,48939.332
Italy,2013,47495.805
Italy,2014,47061.367
Italy,2015,47523.953
Jamaica,2005,10119.534
Jamaica,2006,10359.316
Jamaica,2007,10457.972
Jamaica,2008,10328.04
Jamaica,2009,9838.251
Jamaica,2010,9654.072
Jamaica,2011,9778.694
Jamaica,2012,9676.848
Jamaica,2013,9687.608
Jamaica,2014,9719.304
Jamaica,2015,9778.118
Japan,2005,41301.355
Japan,2006,41841.63
Japan,2007,42413.78
Japan,2008,41874.23
Japan,2009,39495.164
Japan,2010,41106.26
Japan,2011,41192.277
Japan,2012,41825.312
Japan,2013,42725.55
Japan,2014,42909.004
Japan,2015,43624.926
Jordan,2005,9839.688
Jordan,2006,9977.759
Jordan,2007,10161.402
Jordan,2008,10641.59
Jordan,2009,10938.503
Jordan,2010,10953.538
Jordan,2011,10977.482
Jordan,2012,11086.03
Jordan,2013,10799.354
Jordan,2014,10148.998
Jordan,2015,9581.689
Kazakhstan,2005,20565.53
Kazakhstan,2006,22574.344
Kazakhstan,2007,24351.346
Kazakhstan,2008,24895.664
Kazakhstan,2009,24901.354
Kazakhstan,2010,26374.84
Kazakhstan,2011,27946.16
Kazakhstan,2012,28881.242
Kazakhstan,2013,30177.488
Kazakhstan,2014,30986.438
Kazakhstan,2015,30893.76
Kenya,2005,3844.7356
Kenya,2006,3970.7334
Kenya,2007,4116.451
Kenya,2008,4002.8835
Kenya,2009,4012.1943
Kenya,2010,4211.5244
Kenya,2011,4307.106
Kenya,2012,4387.938
Kenya,2013,4443.371
Kenya,2014,4558.552
Kenya,2015,4679.622
Kiribati,2005,2183.7805
Kiribati,2006,2264.1606
Kiribati,2007,2286.4458
Kiribati,2008,2172.357
Kiribati,2009,2137.9648
Kiribati,2010,2119.6394
Kiribati,2011,2150.3826
Kiribati,2012,2242.013
Kiribati,2013,2382.3694
Kiribati,2014,2381.3474
Kiribati,2015,2615.8406
Kosovo,2008,7098.403
Kosovo,2009,7481.459
Kosovo,2010,7877.102
Kosovo,2011,8359.937
Kosovo,2012,8431.662
Kosovo,2013,8828.276
Kosovo,2014,9150.75
Kosovo,2015,9824.991
Kuwait,2005,77800.78
Kuwait,2006,79121.555
Kuwait,2007,79075.2
Kuwait,2008,76649.21
Kuwait,2009,67554.92
Kuwait,2010,62639.74
Kuwait,2011,64518.5
Kuwait,2012,64581.938
Kuwait,2013,62144.8
Kuwait,2014,59763.676
Kuwait,2015,57473.113
Kyrgyzstan,2005,4156.959
Kyrgyzstan,2006,4240.1704
Kyrgyzstan,2007,4558.713
Kyrgyzstan,2008,4894.943
Kyrgyzstan,2009,4969.9614
Kyrgyzstan,2010,4876.4795
Kyrgyzstan,2011,5092.852
Kyrgyzstan,2012,4993.3945
Kyrgyzstan,2013,5418.5405
Kyrgyzstan,2014,5513.755
Kyrgyzstan,2015,5600.215
Laos,2005,3630.5588
Laos,2006,3881.5374
Laos,2007,4112.253
Laos,2008,4367.163
Laos,2009,4625.072
Laos,2010,4946.1055
Laos,2011,5266.879
Laos,2012,5608.9697
Laos,2013,5974.4736
Laos,2014,6341.2124
Laos,2015,6703.741
Latin America and Caribbean (WB),2005,15605.6455
Latin America and Caribbean (WB),2006,16214.328
Latin America and Caribbean (WB),2007,16863.225
Latin America and Caribbean (WB),2008,17284.422
Latin America and Caribbean (WB),2009,16702.576
Latin America and Caribbean (WB),2010,17590.494
Latin America and Caribbean (WB),2011,18191.596
Latin America and Caribbean (WB),2012,18476.178
Latin America and Caribbean (WB),2013,18808.46
Latin America and Caribbean (WB),2014,18894.127
Latin America and Caribbean (WB),2015,18804.027
Latvia,2005,22390.348
Latvia,2006,25494.701
Latvia,2007,28380.549
Latvia,2008,27708.486
Latvia,2009,23651.324
Latvia,2010,23264.59
Latvia,2011,24411.438
Latvia,2012,26521.684
Latvia,2013,27369.172
Latvia,2014,28206.936
Latvia,2015,29514.736
Lebanon,2005,13024.665
Lebanon,2006,13003.681
Lebanon,2007,13941.562
Lebanon,2008,14955.142
Lebanon,2009,16264.351
Lebanon,2010,17390.758
Lebanon,2011,17353.195
Lebanon,2012,17323.3
Lebanon,2013,16396.496
Lebanon,2014,15205.873
Lebanon,2015,14980.0205
Lesotho,2005,2275.016
Lesotho,2006,2381.0203
Lesotho,2007,2470.3147
Lesotho,2008,2589.1663
Lesotho,2009,2538.1934
Lesotho,2010,2651.378
Lesotho,2011,2749.3196
Lesotho,2012,2894.227
Lesotho,2013,2914.3752
Lesotho,2014,2930.6172
Lesotho,2015,2986.9587
Liberia,2005,1335.6173
Liberia,2006,1364.6035
Liberia,2007,1422.1002
Liberia,2008,1463.124
Liberia,2009,1492.9982
Liberia,2010,1538.8508
Liberia,2011,1601.0337
Liberia,2012,1668.9729
Liberia,2013,1774.5206
Liberia,2014,1750.1438
Liberia,2015,1714.0905
Libya,2005,20644.027
Libya,2006,21539.627
Libya,2007,22416.11
Libya,2008,21909.43
Libya,2009,20513.562
Libya,2010,21109.969
Libya,2011,10739.093
Libya,2012,20595.58
Libya,2013,16553.143
Libya,2014,12495.793
Libya,2015,12192.139
Lithuania,2005,24245.934
Lithuania,2006,26458.053
Lithuania,2007,29740.268
Lithuania,2008,30828.797
Lithuania,2009,26547.37
Lithuania,2010,27225.742
Lithuania,2011,29608.605
Lithuania,2012,31323.63
Lithuania,2013,32922.773
Lithuania,2014,34459.82
Lithuania,2015,35770.94
Low-income countries,2005,2048.1958
Low-income countries,2006,2115.1738
Low-income countries,2007,2193.9973
Low-income countries,2008,2256.5127
Low-income countries,2009,2295.1401
Low-income countries,2010,2386.5947
Low-income countries,2011,2405.8984
Low-income countries,2012,2253.1409
Low-income countries,2013,2212.0105
Low-income countries,2014,2252.5732
Low-income countries,2015,2280.6804
Lower-middle-income countries,2005,4315.549
Lower-middle-income countries,2006,4543.1753
Lower-middle-income countries,2007,4775.5464
Lower-middle-income countries,2008,4902.7593
Lower-middle-income countries,2009,5113.0146
Lower-middle-income countries,2010,5374.765
Lower-middle-income countries,2011,5537.791
Lower-middle-income countries,2012,5729.25
Lower-middle-income countries,2013,5958.712
Lower-middle-income countries,2014,6229.2993
Lower-middle-income countries,2015,6518.346
Luxembourg,2005,126449.625
Luxembourg,2006,131936.4
Luxembourg,2007,140435.8
Luxembourg,2008,137533.73
Luxembourg,2009,130637.42
Luxembourg,2010,133098.05
Luxembourg,2011,131531.75
Luxembourg,2012,130529.234
Luxembourg,2013,131592.6
Luxembourg,2014,131898.62
Luxembourg,2015,131746.33
Macao,2005,87090.6
Macao,2006,93724.95
Macao,2007,102761.42
Macao,2008,102356.055
Macao,2009,104764.484
Macao,2010,130596.06
Macao,2011,155185.39
Macao,2012,164065.11
Macao,2013,174339.08
Macao,2014,162582.38
Macao,2015,123396.01
Madagascar,2005,1653.9325
Madagascar,2006,1692.7548
Madagascar,2007,1737.6652
Madagascar,2008,1800.6693
Madagascar,2009,1678.999
Madagascar,2010,1640.9562
Madagascar,2011,1620.1902
Madagascar,2012,1623.4409
Madagascar,2013,1616.2273
Madagascar,2014,1626.017
Madagascar,2015,1633.2649
Malawi,2005,1214.7427
Malawi,2006,1237.2739
Malawi,2007,1318.3319
Malawi,2008,1378.4288
Malawi,2009,1449.7261
Malawi,2010,1504.3751
Malawi,2011,1533.2289
Malawi,2012,1518.1481
Malawi,2013,1555.5061
Malawi,2014,1597.5648
Malawi,2015,1597.6914
Malaysia,2005,20767.586
Malaysia,2006,21444.486
Malaysia,2007,22305.12
Malaysia,2008,22898.002
Malaysia,2009,22106.643
Malaysia,2010,23307.97
Malaysia,2011,24115.818
Malaysia,2012,25006.36
Malaysia,2013,25736.354
Malaysia,2014,26818.432
Malaysia,2015,27699.627
Maldives,2005,13861.185
Maldives,2006,16728.059
Maldives,2007,17332.729
Maldives,2008,18232.266
Maldives,2009,16162.917
Maldives,2010,16668.656
Maldives,2011,17473.715
Maldives,2012,17278.963
Maldives,2013,17869.932
Maldives,2014,18633.04
Maldives,2015,18715.32
Mali,2005,2091.45
Mali,2006,2118.3147
Mali,2007,2121.4102
Mali,2008,2150.8135
Mali,2009,2181.9348
Mali,2010,2224.4338
Mali,2011,2222.8792
Mali,2012,2140.8455
Mali,2013,2126.94
Mali,2014,2206.7646
Mali,2015,2270.787
Malta,2005,33569.08
Malta,2006,34228.355
Malta,2007,35827.156
Malta,2008,37164.58
Malta,2009,36370.766
Malta,2010,38435.535
Malta,2011,38652.684
Malta,2012,39878.24
Malta,2013,41796.285
Malta,2014,44096.465
Malta,2015,47199.125
Marshall Islands,2005,4075.1587
Marshall Islands,2006,4075.5764
Marshall Islands,2007,4222.413
Marshall Islands,2008,3903.3057
Marshall Islands,2009,4047.2268
Marshall Islands,2010,4269.3584
Marshall Islands,2011,4259.116
Marshall Islands,2012,4244.0444
Marshall Islands,2013,4469.8535
Marshall Islands,2014,4491.9917
Marshall Islands,2015,4670.1094
Mauritania,2005,5445.8296
Mauritania,2006,6284.702
Mauritania,2007,6002.7783
Mauritania,2008,5813.356
Mauritania,2009,5639.7876
Mauritania,2010,5605.7637
Mauritania,2011,5653.2173
Mauritania,2012,5716.252
Mauritania,2013,5769.7285
Mauritania,2014,5837.852
Mauritania,2015,5969.5425
Mauritius,2005,15205.661
Mauritius,2006,15871.303
Mauritius,2007,16703.99
Mauritius,2008,17540.281
Mauritius,2009,18073.7
Mauritius,2010,18819.998
Mauritius,2011,19556.049
Mauritius,2012,20183.7
Mauritius,2013,20811.494
Mauritius,2014,21568.865
Mauritius,2015,22335.283
Mexico,2005,20520.318
Mexico,2006,21217.143
Mexico,2007,21355.223
Mexico,2008,21244.197
Mexico,2009,19617.918
Mexico,2010,20298.826
Mexico,2011,20702.826
Mexico,2012,21149.451
Mexico,2013,21054.742
Mexico,2014,21322.33
Mexico,2015,21665.557
Micronesia (country),2005,3747.8838
Micronesia (country),2006,3767.9448
Micronesia (country),2007,3727.3374
Micronesia (country),2008,3669.0864
Micronesia (country),2009,3742.8298
Micronesia (country),2010,3842.236
Micronesia (country),2011,3958.9321
Micronesia (country),2012,3878.1123
Micronesia (country),2013,3727.426
Micronesia (country),2014,3632.2415
Micronesia (country),2015,3788.934
Middle East and North Africa (WB),2005,15259.156
Middle East and North Africa (WB),2006,15766.97
Middle East and North Africa (WB),2007,16231.461
Middle East and North Africa (WB),2008,16620.414
Middle East and North Africa (WB),2009,16481.258
Middle East and North Africa (WB),2010,17008.002
Middle East and North Africa (WB),2011,17332.625
Middle East and North Africa (WB),2012,17439.602
Middle East and North Africa (WB),2013,17317.889
Middle East and North Africa (WB),2014,17471.174
Middle East and North Africa (WB),2015,17607.148
Middle-income countries,2005,7085.7397
Middle-income countries,2006,7542.7656
Middle-income countries,2007,8067.544
Middle-income countries,2008,8397.266
Middle-income countries,2009,8586.054
Middle-income countries,2010,9138.121
Middle-income countries,2011,9574.117
Middle-income countries,2012,9955.452
Middle-income countries,2013,10362.601
Middle-income countries,2014,10746.608
Middle-income countries,2015,11118.37
Moldova,2005,8161.4736
Moldova,2006,8577.028
Moldova,2007,8854.834
Moldova,2008,9563.698
Moldova,2009,9001.234
Moldova,2010,9649.951
Moldova,2011,10217.309
Moldova,2012,10158.386
Moldova,2013,11080.063
Moldova,2014,11641.121
Moldova,2015,11691.08
Mongolia,2005,7499.848
Mongolia,2006,8043.9966
Mongolia,2007,8750.134
Mongolia,2008,9379.8545
Mongolia,2009,9095.977
Mongolia,2010,9507.119
Mongolia,2011,10960.096
Mongolia,2012,12078.919
Mongolia,2013,13210.095
Mongolia,2014,13943.428
Mongolia,2015,13974.597
Montenegro,2005,16626.25
Montenegro,2006,18028.102
Montenegro,2007,19229.266
Montenegro,2008,20581.59
Montenegro,2009,19347.316
Montenegro,2010,19839.947
Montenegro,2011,20458.969
Montenegro,2012,19884.969
Montenegro,2013,20570.596
Montenegro,2014,20917.209
Montenegro,2015,21614.252
Morocco,2005,6103.4224
Morocco,2006,6488.674
Morocco,2007,6620.5903
Morocco,2008,6901.9507
Morocco,2009,7063.727
Morocco,2010,7210.6367
Morocco,2011,7503.793
Morocco,2012,7628.644
Morocco,2013,7839.032
Morocco,2014,7951.7983
Morocco,2015,8198.809
Mozambique,2005,970.38995
Mozambique,2006,1041.8047
Mozambique,2007,1095.1257
Mozambique,2008,1141.9425
Mozambique,2009,1178.7091
Mozambique,2010,1224.2302
Mozambique,2011,1275.5295
Mozambique,2012,1338.516
Mozambique,2013,1385.8325
Mozambique,2014,1449.9293
Mozambique,2015,1512.5997
Myanmar,2005,2377.9026
Myanmar,2006,2669.327
Myanmar,2007,2968.3032
Myanmar,2008,3254.739
Myanmar,2009,3578.1743
Myanmar,2010,3893.7903
Myanmar,2011,4078.6123
Myanmar,2012,4340.9995
Myanmar,2013,4666.9536
Myanmar,2014,5006.507
Myanmar,2015,5313.886
Namibia,2005,9245.137
Namibia,2006,9773.298
Namibia,2007,10162.24
Namibia,2008,10286.513
Namibia,2009,10166.29
Namibia,2010,10614.62
Namibia,2011,10965.273
Namibia,2012,11266.609
Namibia,2013,11593.575
Namibia,2014,11982.696
Namibia,2015,12166.565
Nauru,2005,7284.041
Nauru,2006,7902.5073
Nauru,2007,6157.904
Nauru,2008,7421.0874
Nauru,2009,6996.7593
Nauru,2010,6966.7856
Nauru,2011,7926.221
Nauru,2012,9766.465
Nauru,2013,9882.093
Nauru,2014,11264.079
Nauru,2015,11344.103
Nepal,2005,2580.231
Nepal,2006,2641.348
Nepal,2007,2708.7144
Nepal,2008,2852.6099
Nepal,2009,2961.839
Nepal,2010,3085.314
Nepal,2011,3176.6504
Nepal,2012,3316.5007
Nepal,2013,3426.5579
Nepal,2014,3621.7317
Nepal,2015,3745.2617
Netherlands,2005,59060.78
Netherlands,2006,61051.844
Netherlands,2007,63286.086
Netherlands,2008,64374.64
Netherlands,2009,61697.008
Netherlands,2010,62191.176
Netherlands,2011,62999.508
Netherlands,2012,62153.023
Netherlands,2013,61951.316
Netherlands,2014,62724.246
Netherlands,2015,63771.105
New Zealand,2005,41057.066
New Zealand,2006,41687.01
New Zealand,2007,42559.742
New Zealand,2008,41676.98
New Zealand,2009,41240.96
New Zealand,2010,41374.203
New Zealand,2011,41980.227
New Zealand,2012,42706.58
New Zealand,2013,43549.457
New Zealand,2014,44440.12
New Zealand,2015,45170.42
Nicaragua,2005,5313.022
Nicaragua,2006,5455.306
Nicaragua,2007,5650.469
Nicaragua,2008,5761.387
Nicaragua,2009,5492.955
Nicaragua,2010,5654.358
Nicaragua,2011,5927.27
Nicaragua,2012,6224.3403
Nicaragua,2013,6440.852
Nicaragua,2014,6657.196
Nicaragua,2015,6882.0977
Niger,2005,1233.8755
Niger,2006,1260.1205
Niger,2007,1252.7483
Niger,2008,1300.5542
Niger,2009,1277.6923
Niger,2010,1336.5641
Niger,2011,1318.1013
Niger,2012,1403.1897
Niger,2013,1423.2617
Niger,2014,1462.8213
Niger,2015,1471.6614
Nigeria,2005,4372.9756
Nigeria,2006,4511.6396
Nigeria,2007,4677.542
Nigeria,2008,4856.813
Nigeria,2009,5102.9165
Nigeria,2010,5359.5186
Nigeria,2011,5488.005
Nigeria,2012,5563.6416
Nigeria,2013,5775.866
Nigeria,2014,5980.192
Nigeria,2015,5985.094
North America (WB),2005,58823.34
North America (WB),2006,59871.49
North America (WB),2007,60494.707
North America (WB),2008,60030.254
North America (WB),2009,57939.695
North America (WB),2010,59011.945
North America (WB),2011,59565.52
North America (WB),2012,60433.566
North America (WB),2013,61275.918
North America (WB),2014,62364.363
North America (WB),2015,63603.395
North Macedonia,2005,13491.541
North Macedonia,2006,14263.149
North Macedonia,2007,15273.429
North Macedonia,2008,16202.668
North Macedonia,2009,16249.328
North Macedonia,2010,16902.83
North Macedonia,2011,17377.803
North Macedonia,2012,17366.447
North Macedonia,2013,17940.512
North Macedonia,2014,18641.613
North Macedonia,2015,19412.312
Norway,2005,84292.59
Norway,2006,85674.63
Norway,2007,87263.59
Norway,2008,86598.08
Norway,2009,83853.56
Norway,2010,83467.305
Norway,2011,83302.54
Norway,2012,84450.15
Norway,2013,84283.03
Norway,2014,85044.75
Norway,2015,85766.61
Oman,2005,41551.14
Oman,2006,42540.44
Oman,2007,43696.97
Oman,2008,46586.395
Oman,2009,48304.117
Oman,2010,48191.613
Oman,2011,44440.31
Oman,2012,41964.082
Oman,2013,40854.484
Oman,2014,39639.99
Oman,2015,39813.79
Pakistan,2005,4042.1545
Pakistan,2006,4185.8667
Pakistan,2007,4257.926
Pakistan,2008,4233.348
Pakistan,2009,4270.439
Pakistan,2010,4228.7817
Pakistan,2011,4246.067
Pakistan,2012,4292.021
Pakistan,2013,4407.147
Pakistan,2014,4520.235
Pakistan,2015,4645.286
Palau,2005,17382.303
Palau,2006,17561.05
Palau,2007,18138.47
Palau,2008,17406.174
Palau,2009,16401.225
Palau,2010,16530.846
Palau,2011,17682.61
Palau,2012,18219.705
Palau,2013,17783.629
Palau,2014,18561.441
Palau,2015,20021.318
Palestine,2005,4885.0728
Palestine,2006,4714.3735
Palestine,2007,4769.5234
Palestine,2008,4984.8057
Palestine,2009,5270.663
Palestine,2010,5432.2437
Palestine,2011,5805.3213
Palestine,2012,6009.1094
Palestine,2013,6142.202
Palestine,2014,5990.427
Palestine,2015,6072.6504
Panama,2005,16867.96
Panama,2006,18190.273
Panama,2007,20208.822
Panama,2008,21867.818
Panama,2009,21822.988
Panama,2010,22739.111
Panama,2011,24999.46
Panama,2012,26926.885
Panama,2013,28135.328
Panama,2014,28931.805
Panama,2015,29933.156
Papua New Guinea,2005,3136.5857
Papua New Guinea,2006,3202.4873
Papua New Guinea,2007,3345.8503
Papua New Guinea,2008,3233.9182
Papua New Guinea,2009,3349.6436
Papua New Guinea,2010,3579.1714
Papua New Guinea,2011,3514.8328
Papua New Guinea,2012,3577.4517
Papua New Guinea,2013,3615.2832
Papua New Guinea,2014,3998.6182
Papua New Guinea,2015,4154.5234
Paraguay,2005,10290.101
Paraguay,2006,10672.993
Paraguay,2007,11141.87
Paraguay,2008,11751.14
Paraguay,2009,11601.285
Paraguay,2010,12738.576
Paraguay,2011,13109.467
Paraguay,2012,12834.802
Paraguay,2013,13700.703
Paraguay,2014,14219.3545
Paraguay,2015,14427.601
Peru,2005,8951.547
Peru,2006,9549.612
Peru,2007,10288.186
Peru,2008,11153.515
Peru,2009,11206.371
Peru,2010,12061.164
Peru,2011,12728.865
Peru,2012,13397.783
Peru,2013,14054.639
Peru,2014,14247.101
Peru,2015,14545.381
Philippines,2005,5386.8164
Philippines,2006,5578.5723
Philippines,2007,5840.068
Philippines,2008,5987.0376
Philippines,2009,5965.307
Philippines,2010,6273.039
Philippines,2011,6388.313
Philippines,2012,6697.556
Philippines,2013,7016.5386
Philippines,2014,7340.362
Philippines,2015,7691.763
Poland,2005,21944.541
Poland,2006,23320.338
Poland,2007,24910.422
Poland,2008,25998.893
Poland,2009,26660.725
Poland,2010,27584.254
Poland,2011,29018.326
Poland,2012,29457.092
Poland,2013,29676.557
Poland,2014,30863.12
Poland,2015,32252.387
Portugal,2005,36059.992
Portugal,2006,36579.953
Portugal,2007,37423.324
Portugal,2008,37488.703
Portugal,2009,36283.67
Portugal,2010,36897.203
Portugal,2011,36318.336
Portugal,2012,34988.68
Portugal,2013,34835.01
Portugal,2014,35283.008
Portugal,2015,35992.688
Puerto Rico,2005,42555.707
Puerto Rico,2006,42133.97
Puerto Rico,2007,41888.625
Puerto Rico,2008,41358.07
Puerto Rico,2009,40772.35
Puerto Rico,2010,40809.902
Puerto Rico,2011,41136.617
Puerto Rico,2012,41649.58
Puerto Rico,2013,42000.332
Puerto Rico,2014,42183.695
Puerto Rico,2015,42481.875
Qatar,2005,107784.52
Qatar,2006,115383.74
Qatar,2007,109579.79
Qatar,2008,109206.41
Qatar,2009,108435.85
Qatar,2010,129045.01
Qatar,2011,145591.02
Qatar,2012,143830.7
Qatar,2013,136454.0
Qatar,2014,128013.984
Qatar,2015,123070.89
Romania,2005,20754.506
Romania,2006,22554.06
Romania,2007,24545.506
Romania,2008,27280.908
Romania,2009,25991.533
Romania,2010,25125.145
Romania,2011,26384.123
Romania,2012,27006.336
Romania,2013,27182.37
Romania,2014,28407.402
Romania,2015,29442.305
Russia,2005,27937.998
Russia,2006,30328.078
Russia,2007,32962.3
Russia,2008,34691.574
Russia,2009,31976.006
Russia,2010,33399.926
Russia,2011,34795.035
Russia,2012,36104.273
Russia,2013,36628.92
Russia,2014,36217.965
Russia,2015,35393.57
Rwanda,2005,1359.1343
Rwanda,2006,1445.4756
Rwanda,2007,1514.9728
Rwanda,2008,1640.3757
Rwanda,2009,1698.4929
Rwanda,2010,1777.6393
Rwanda,2011,1872.6146
Rwanda,2012,1986.3146
Rwanda,2013,2030.6693
Rwanda,2014,2104.416
Rwanda,2015,2236.628
Saint Kitts and Nevis,2005,22625.031
Saint Kitts and Nevis,2006,23271.654
Saint Kitts and Nevis,2007,23342.754
Saint Kitts and Nevis,2008,25912.89
Saint Kitts and Nevis,2009,24987.408
Saint Kitts and Nevis,2010,25011.184
Saint Kitts and Nevis,2011,25393.834
Saint Kitts and Nevis,2012,25127.738
Saint Kitts and Nevis,2013,26546.555
Saint Kitts and Nevis,2014,28545.85
Saint Kitts and Nevis,2015,28745.217
Saint Lucia,2005,19491.05
Saint Lucia,2006,20550.883
Saint Lucia,2007,20759.127
Saint Lucia,2008,21651.049
Saint Lucia,2009,20907.154
Saint Lucia,2010,20848.877
Saint Lucia,2011,21637.684
Saint Lucia,2012,21515.715
Saint Lucia,2013,20989.217
Saint Lucia,2014,21214.338
Saint Lucia,2015,21142.625
Saint Vincent and the Grenadines,2005,12186.143
Saint Vincent and the Grenadines,2006,13089.55
Saint Vincent and the Grenadines,2007,13583.082
Saint Vincent and the Grenadines,2008,13699.83
Saint Vincent and the Grenadines,2009,13574.597
Saint Vincent and the Grenadines,2010,13032.493
Saint Vincent and the Grenadines,2011,13025.741
Saint Vincent and the Grenadines,2012,13252.317
Saint Vincent and the Grenadines,2013,13654.122
Saint Vincent and the Grenadines,2014,13901.971
Saint Vincent and the Grenadines,2015,14365.699
Samoa,2005,5914.8896
Samoa,2006,6017.477
Samoa,2007,6013.2764
Samoa,2008,6182.763
Samoa,2009,6104.1274
Samoa,2010,6427.3115
Samoa,2011,6616.771
Samoa,2012,6311.961
Samoa,2013,6262.3237
Samoa,2014,6247.905
Samoa,2015,6432.36
San Marino,2005,81632.17
San Marino,2006,83781.55
San Marino,2007,86785.016
San Marino,2008,85120.29
San Marino,2009,73093.83
San Marino,2010,68669.25
San Marino,2011,64214.117
San Marino,2012,58176.38
San Marino,2013,58467.977
San Marino,2014,58743.586
San Marino,2015,59647.66
Sao Tome and Principe,2005,4371.497
Sao Tome and Principe,2006,4644.1807
Sao Tome and Principe,2007,4698.084
Sao Tome and Principe,2008,4873.181
Sao Tome and Principe,2009,4919.1953
Sao Tome and Principe,2010,4882.048
Sao Tome and Principe,2011,4876.473
Sao Tome and Principe,2012,4919.5527
Sao Tome and Principe,2013,5072.112
Sao Tome and Principe,2014,5223.0957
Sao Tome and Principe,2015,5210.2036
Saudi Arabia,2005,50638.95
Saudi Arabia,2006,50124.52
Saudi Arabia,2007,49151.656
Saudi Arabia,2008,50155.836
Saudi Arabia,2009,47715.746
Saudi Arabia,2010,50620.293
Saudi Arabia,2011,53692.3
Saudi Arabia,2012,54267.215
Saudi Arabia,2013,52711.688
Saudi Arabia,2014,53396.152
Saudi Arabia,2015,52983.137
Senegal,2005,3301.8208
Senegal,2006,3301.0315
Senegal,2007,3316.4204
Senegal,2008,3359.7056
Senegal,2009,3371.4617
Senegal,2010,3403.5671
Senegal,2011,3362.8794
Senegal,2012,3405.1086
Senegal,2013,3385.426
Senegal,2014,3484.0122
Senegal,2015,3593.7947
Serbia,2005,15246.472
Serbia,2006,15903.596
Serbia,2007,17218.852
Serbia,2008,18184.746
Serbia,2009,17684.041
Serbia,2010,18041.307
Serbia,2011,18188.086
Serbia,2012,18195.398
Serbia,2013,18366.686
Serbia,2014,18123.219
Serbia,2015,18452.238
Seychelles,2005,19917.12
Seychelles,2006,21341.86
Seychelles,2007,23117.855
Seychelles,2008,21990.37
Seychelles,2009,21361.13
Seychelles,2010,21708.756
Seychelles,2011,24406.412
Seychelles,2012,24919.955
Seychelles,2013,24770.652
Seychelles,2014,25379.418
Seychelles,2015,27032.209
Sierra Leone,2005,2071.6086
Sierra Leone,2006,2113.1885
Sierra Leone,2007,2232.1848
Sierra Leone,2008,2295.4836
Sierra Leone,2009,2306.1973
Sierra Leone,2010,2393.2441
Sierra Leone,2011,2471.7185
Sierra Leone,2012,2776.2537
Sierra Leone,2013,3279.8674
Sierra Leone,2014,3348.4453
Sierra Leone,2015,2601.3052
Singapore,2005,81487.73
Singapore,2006,86090.44
Singapore,2007,90027.34
Singapore,2008,86952.46
Singapore,2009,84477.125
Singapore,2010,95043.96
Singapore,2011,98867.945
Singapore,2012,100750.85
Singapore,2013,103908.36
Singapore,2014,106604.49
Singapore,2015,108483.21
Sint Maarten (Dutch part),2009,50980.94
Sint Maarten (Dutch part),2010,52140.6
Sint Maarten (Dutch part),2011,53786.246
Sint Maarten (Dutch part),2012,53357.004
Sint Maarten (Dutch part),2013,52801.402
Sint Maarten (Dutch part),2014,52439.473
Sint Maarten (Dutch part),2015,51375.6
Slovakia,2005,23306.523
Slovakia,2006,25385.625
Slovakia,2007,28123.795
Slovakia,2008,29606.78
Slovakia,2009,27939.568
Slovakia,2010,29809.037
Slovakia,2011,30533.477
Slovakia,2012,30959.865
Slovakia,2013,31144.129
Slovakia,2014,31956.469
Slovakia,2015,33578.89
Slovenia,2005,35846.35
Slovenia,2006,37843.477
Slovenia,2007,40319.113
Slovenia,2008,41612.91
Slovenia,2009,38108.234
Slovenia,2010,38364.383
Slovenia,2011,38535.707
Slovenia,2012,37333.69
Slovenia,2013,36975.92
Slovenia,2014,37960.152
Slovenia,2015,38839.44
Solomon Islands,2005,2287.26
Solomon Islands,2006,2340.6604
Solomon Islands,2007,2384.3254
Solomon Islands,2008,2489.7925
Solomon Islands,2009,2514.886
Solomon Islands,2010,2682.2854
Solomon Islands,2011,2777.471
Solomon Islands,2012,2743.4534
Solomon Islands,2013,2783.5945
Solomon Islands,2014,2716.418
Solomon Islands,2015,2664.7305
Somalia,2005,830.5092
Somalia,2006,857.68585
Somalia,2007,887.051
Somalia,2008,918.80237
Somalia,2009,955.8773
Somalia,2010,994.8685
Somalia,2011,1053.9839
Somalia,2012,1114.4042
Somalia,2013,1197.2919
Somalia,2014,1258.8225
Somalia,2015,1343.443
South Africa,2005,12877.307
South Africa,2006,13460.689
South Africa,2007,14033.4
South Africa,2008,14315.189
South Africa,2009,13927.729
South Africa,2010,14182.334
South Africa,2011,14451.929
South Africa,2012,14581.589
South Africa,2013,14699.066
South Africa,2014,14661.263
South Africa,2015,14559.475
South Asia (WB),2005,3835.9224
South Asia (WB),2006,4061.7195
South Asia (WB),2007,4286.6426
South Asia (WB),2008,4361.6406
South Asia (WB),2009,4599.3525
South Asia (WB),2010,4869.8657
South Asia (WB),2011,5042.7207
South Asia (WB),2012,5241.7217
South Asia (WB),2013,5487.103
South Asia (WB),2014,5790.5957
South Asia (WB),2015,6139.3926
South Korea,2005,31417.291
South Korea,2006,32897.965
South Korea,2007,34630.492
South Korea,2008,35404.05
South Korea,2009,35501.508
South Korea,2010,37728.88
South Korea,2011,38819.777
South Korea,2012,39543.996
South Korea,2013,40610.164
South Korea,2014,41648.246
South Korea,2015,42593.008
Spain,2005,43387.035
Spain,2006,44384.727
Spain,2007,45110.254
Spain,2008,44736.902
Spain,2009,42671.52
Spain,2010,42515.49
Spain,2011,42093.582
Spain,2012,40861.01
Spain,2013,40409.99
Spain,2014,41147.246
Spain,2015,42851.414
Sri Lanka,2005,7452.742
Sri Lanka,2006,7970.665
Sri Lanka,2007,8454.207
Sri Lanka,2008,8897.827
Sri Lanka,2009,9156.319
Sri Lanka,2010,9832.187
Sri Lanka,2011,10618.492
Sri Lanka,2012,11447.693
Sri Lanka,2013,12249.723
Sri Lanka,2014,12909.966
Sri Lanka,2015,13329.779
Sub-Saharan Africa (WB),2005,3591.266
Sub-Saharan Africa (WB),2006,3709.1145
Sub-Saharan Africa (WB),2007,3832.2322
Sub-Saharan Africa (WB),2008,3925.137
Sub-Saharan Africa (WB),2009,3935.318
Sub-Saharan Africa (WB),2010,4057.3618
Sub-Saharan Africa (WB),2011,4127.532
Sub-Saharan Africa (WB),2012,4176.318
Sub-Saharan Africa (WB),2013,4270.5615
Sub-Saharan Africa (WB),2014,4363.48
Sub-Saharan Africa (WB),2015,4377.4727
Sudan,2005,4152.3228
Sudan,2006,4299.974
Sudan,2007,4415.785
Sudan,2008,4446.4097
Sudan,2009,4188.0547
Sudan,2010,4219.837
Sudan,2011,4467.626
Sudan,2012,4145.9316
Sudan,2013,4130.486
Sudan,2014,4207.5005
Sudan,2015,4159.1943
Suriname,2005,19220.283
Suriname,2006,20113.67
Suriname,2007,20902.139
Suriname,2008,21515.812
Suriname,2009,21906.41
Suriname,2010,22772.475
Suriname,2011,23829.533
Suriname,2012,24193.842
Suriname,2013,24624.021
Suriname,2014,24414.355
Suriname,2015,23327.525
Sweden,2005,53539.113
Sweden,2006,55728.254
Sweden,2007,57100.438
Sweden,2008,56134.32
Sweden,2009,53289.566
Sweden,2010,55875.72
Sweden,2011,57209.918
Sweden,2012,56552.895
Sweden,2013,56713.703
Sweden,2014,57442.918
Sweden,2015,59345.35
Switzerland,2005,70322.12
Switzerland,2006,72728.92
Switzerland,2007,74904.84
Switzerland,2008,76035.87
Switzerland,2009,73366.586
Switzerland,2010,74961.31
Switzerland,2011,75476.55
Switzerland,2012,75560.02
Switzerland,2013,76034.81
Switzerland,2014,76877.805
Switzerland,2015,77257.68
Syria,2005,8828.946
Syria,2006,8885.806
Syria,2007,8829.309
Syria,2008,8903.772
Syria,2009,9284.102
Syria,2010,9546.561
Syria,2011,9648.824
Syria,2012,7144.3726
Syria,2013,5530.9746
Syria,2014,5301.6255
Syria,2015,5302.074
Tajikistan,2005,1965.3002
Tajikistan,2006,2063.2886
Tajikistan,2007,2181.898
Tajikistan,2008,2308.0942
Tajikistan,2009,2349.5002
Tajikistan,2010,2449.2737
Tajikistan,2011,2572.4807
Tajikistan,2012,2700.0955
Tajikistan,2013,2828.3855
Tajikistan,2014,2943.0886
Tajikistan,2015,3041.4448
Tanzania,2005,2253.0933
Tanzania,2006,2334.1045
Tanzania,2007,2423.616
Tanzania,2008,2493.2593
Tanzania,2009,2560.811
Tanzania,2010,2654.8035
Tanzania,2011,2779.7078
Tanzania,2012,2822.4854
Tanzania,2013,2924.8633
Tanzania,2014,3027.569
Tanzania,2015,3111.4446
Thailand,2005,14457.741
Thailand,2006,15050.525
Thailand,2007,15742.096
Thailand,2008,15891.217
Thailand,2009,15665.346
Thailand,2010,16729.775
Thailand,2011,16765.752
Thailand,2012,17869.002
Thailand,2013,18241.777
Thailand,2014,18323.963
Thailand,2015,18811.328
Togo,2005,1944.7795
Togo,2006,1941.173
Togo,2007,1863.2831
Togo,2008,1883.5494
Togo,2009,1930.7802
Togo,2010,1988.9521
Togo,2011,2048.8154
Togo,2012,2121.429
Togo,2013,2188.07
Togo,2014,2253.4854
Togo,2015,2317.5479
Tonga,2005,5828.3706
Tonga,2006,5670.914
Tonga,2007,5506.6514
Tonga,2008,5758.5684
Tonga,2009,5453.875
Tonga,2010,5488.75
Tonga,2011,5847.444
Tonga,2012,5907.2676
Tonga,2013,5951.6943
Tonga,2014,6096.869
Tonga,2015,6194.639
Trinidad and Tobago,2005,29770.69
Trinidad and Tobago,2006,33613.234
Trinidad and Tobago,2007,35069.59
Trinidad and Tobago,2008,36109.46
Trinidad and Tobago,2009,34483.6
Trinidad and Tobago,2010,35423.855
Trinidad and Tobago,2011,35045.516
Trinidad and Tobago,2012,37452.94
Trinidad and Tobago,2013,38620.574
Trinidad and Tobago,2014,39966.188
Trinidad and Tobago,2015,39528.418
Tunisia,2005,10470.781
Tunisia,2006,10923.022
Tunisia,2007,11549.532
Tunisia,2008,11923.717
Tunisia,2009,12161.968
Tunisia,2010,12389.196
Tunisia,2011,12001.799
Tunisia,2012,12367.442
Tunisia,2013,12518.201
Tunisia,2014,12752.9
Tunisia,2015,12731.791
Turkey,2005,17828.541
Turkey,2006,18872.418
Turkey,2007,19792.387
Turkey,2008,19702.756
Turkey,2009,18495.398
Turkey,2010,19751.621
Turkey,2011,21643.8
Turkey,2012,22392.938
Turkey,2013,23983.133
Turkey,2014,24830.574
Turkey,2015,25992.297
Turkmenistan,2005,5945.9526
Turkmenistan,2006,6476.828
Turkmenistan,2007,7060.1484
Turkmenistan,2008,7944.996
Turkmenistan,2009,8264.865
Turkmenistan,2010,8842.333
Turkmenistan,2011,9929.689
Turkmenistan,2012,10794.233
Turkmenistan,2013,11633.291
Turkmenistan,2014,12544.398
Turkmenistan,2015,13057.83
Turks and Caicos Islands,2011,27643.684
Turks and Caicos Islands,2012,26283.385
Turks and Caicos Islands,2013,25360.26
Turks and Caicos Islands,2014,26470.621
Turks and Caicos Islands,2015,28214.01
Tuvalu,2005,3488.5327
Tuvalu,2006,3532.3958
Tuvalu,2007,3737.8748
Tuvalu,2008,3933.3699
Tuvalu,2009,3638.1838
Tuvalu,2010,3506.0566
Tuvalu,2011,3687.4355
Tuvalu,2012,3558.1487
Tuvalu,2013,3690.2383
Tuvalu,2014,3695.9497
Tuvalu,2015,4088.7617
Uganda,2005,1765.0378
Uganda,2006,1898.9791
Uganda,2007,1999.0625
Uganda,2008,2110.1006
Uganda,2009,2188.299
Uganda,2010,2244.606
Uganda,2011,2384.4653
Uganda,2012,2405.0945
Uganda,2013,2420.8882
Uganda,2014,2470.504
Uganda,2015,2520.02
Ukraine,2005,15610.573
Ukraine,2006,16901.508
Ukraine,2007,18374.014
Ukraine,2008,18883.986
Ukraine,2009,16092.796
Ukraine,2010,16811.795
Ukraine,2011,17783.957
Ukraine,2012,17848.74
Ukraine,2013,17889.092
Ukraine,2014,16978.812
Ukraine,2015,15403.71
United Arab Emirates,2005,89986.13
United Arab Emirates,2006,92044.516
United Arab Emirates,2007,84581.87
United Arab Emirates,2008,77891.99
United Arab Emirates,2009,69358.0
United Arab Emirates,2010,68799.93
United Arab Emirates,2011,70662.516
United Arab Emirates,2012,69158.83
United Arab Emirates,2013,69806.95
United Arab Emirates,2014,69409.04
United Arab Emirates,2015,70234.734
United Kingdom,2005,49586.67
United Kingdom,2006,50395.383
United Kingdom,2007,51317.055
United Kingdom,2008,50788.082
United Kingdom,2009,48076.367
United Kingdom,2010,48766.29
United Kingdom,2011,48937.477
United Kingdom,2012,49331.72
United Kingdom,2013,49884.434
United Kingdom,2014,51100.336
United Kingdom,2015,51823.973
United States,2005,59604.754
United States,2006,60676.566
United States,2007,61306.598
United States,2008,60798.434
United States,2009,58714.973
United States,2010,59799.285
United States,2011,60294.98
United States,2012,61224.406
United States,2013,62089.348
United States,2014,63191.246
United States,2015,64575.406
United States Virgin Islands,2005,57838.098
United States Virgin Islands,2006,59911.723
United States Virgin Islands,2007,62332.945
United States Virgin Islands,2008,63057.625
United States Virgin Islands,2009,58895.305
United States Virgin Islands,2010,59272.246
United States Virgin Islands,2011,54443.07
United States Virgin Islands,2012,46422.414
United States Virgin Islands,2013,43563.887
United States Virgin Islands,2014,42853.9
United States Virgin Islands,2015,42739.082
Upper-middle-income countries,2005,9690.8955
Upper-middle-income countries,2006,10390.834
Upper-middle-income countries,2007,11225.973
Upper-middle-income countries,2008,11781.919
Upper-middle-income countries,2009,11979.929
Upper-middle-income countries,2010,12849.981
Upper-middle-income countries,2011,13590.389
Upper-middle-income countries,2012,14192.17
Upper-middle-income countries,2013,14807.822
Upper-middle-income countries,2014,15339.037
Upper-middle-income countries,2015,15826.931
Uruguay,2005,18872.436
Uruguay,2006,19623.63
Uruguay,2007,20871.482
Uruguay,2008,22321.67
Uruguay,2009,23213.256
Uruguay,2010,24960.666
Uruguay,2011,26184.115
Uruguay,2012,27040.85
Uruguay,2013,28210.84
Uruguay,2014,29029.104
Uruguay,2015,29035.658
Uzbekistan,2005,4160.955
Uzbekistan,2006,4413.7227
Uzbekistan,2007,4764.564
Uzbekistan,2008,5115.644
Uzbekistan,2009,5439.551
Uzbekistan,2010,5760.805
Uzbekistan,2011,6100.251
Uzbekistan,2012,6435.5645
Uzbekistan,2013,6797.775
Uzbekistan,2014,7145.11
Uzbekistan,2015,7529.7637
Vanuatu,2005,3089.437
Vanuatu,2006,3270.7024
Vanuatu,2007,3283.3655
Vanuatu,2008,3381.3857
Vanuatu,2009,3396.736
Vanuatu,2010,3359.8496
Vanuatu,2011,3390.961
Vanuatu,2012,3350.771
Vanuatu,2013,3292.2341
Vanuatu,2014,3320.3792
Vanuatu,2015,3259.1482
Vietnam,2005,5776.3633
Vietnam,2006,6098.245
Vietnam,2007,6418.544
Vietnam,2008,6659.1357
Vietnam,2009,6914.339
Vietnam,2010,7274.733
Vietnam,2011,7652.619
Vietnam,2012,7979.868
Vietnam,2013,8324.198
Vietnam,2014,8751.883
Vietnam,2015,9248.024
World,2005,14312.547
World,2006,14865.125
World,2007,15441.272
World,2008,15670.501
World,2009,15365.197
World,2010,15951.768
World,2011,16377.912
World,2012,16674.361
World,2013,17001.469
World,2014,17370.57
World,2015,17734.984
Zambia,2005,2564.4756
Zambia,2006,2673.4614
Zambia,2007,2796.353
Zambia,2008,2908.1436
Zambia,2009,3065.8442
Zambia,2010,3266.5076
Zambia,2011,3335.6433
Zambia,2012,3474.5525
Zambia,2013,3535.2246
Zambia,2014,3585.5774
Zambia,2015,3576.9255
Zimbabwe,2005,2642.1743
Zimbabwe,2006,2519.8293
Zimbabwe,2007,2395.9907
Zimbabwe,2008,1949.0364
Zimbabwe,2009,2152.7952
Zimbabwe,2010,2572.77
Zimbabwe,2011,2897.1008
Zimbabwe,2012,3299.2598
Zimbabwe,2013,3357.1282
Zimbabwe,2014,3360.5522
Zimbabwe,2015,3382.923
