Country Name,Year,Inflation
Afghanistan,2005,12.686269
Afghanistan,2006,6.7845964
Afghanistan,2007,8.680571
Afghanistan,2008,26.418665
Afghanistan,2009,-6.811161
Afghanistan,2010,2.1785376
Afghanistan,2011,11.804186
Afghanistan,2012,6.4412127
Afghanistan,2013,7.3857718
Afghanistan,2014,4.673996
Afghanistan,2015,-0.6617092
Albania,2005,2.366582
Albania,2006,2.3707283
Albania,2007,2.9326825
Albania,2008,3.3208709
Albania,2009,2.266922
Albania,2010,3.626047
Albania,2011,3.4291232
Albania,2012,2.0315926
Albania,2013,1.9376208
Albania,2014,1.6258651
Albania,2015,1.8961741
Algeria,2005,1.3824465
Algeria,2006,2.311499
Algeria,2007,3.6789958
Algeria,2008,4.8585906
Algeria,2009,5.7370605
Algeria,2010,3.911062
Algeria,2011,4.5242114
Algeria,2012,8.891451
Algeria,2013,3.254239
Algeria,2014,2.9169269
Algeria,2015,4.784447
Angola,2005,22.953514
Angola,2006,13.30521
Angola,2007,12.251497
Angola,2008,12.475829
Angola,2009,13.730284
Angola,2010,14.469657
Angola,2011,13.482468
Angola,2012,10.2779045
Angola,2013,8.777814
Angola,2014,7.2803874
Angola,2015,9.355972
Antigua and Barbuda,2005,2.098752
Antigua and Barbuda,2006,1.7877854
Antigua and Barbuda,2007,1.4160526
Antigua and Barbuda,2008,5.3338065
Antigua and Barbuda,2009,-0.55016
Antigua and Barbuda,2010,3.3700254
Antigua and Barbuda,2011,3.4567497
Antigua and Barbuda,2012,3.3768804
Antigua and Barbuda,2013,1.0594978
Antigua and Barbuda,2014,1.0894415
Antigua and Barbuda,2015,0.9689935
Armenia,2005,0.638928
Armenia,2006,2.8923566
Armenia,2007,4.407361
Armenia,2008,8.949953
Armenia,2009,3.406767
Armenia,2010,8.176361
Armenia,2011,7.650008
Armenia,2012,2.55802
Armenia,2013,5.7896676
Armenia,2014,2.9813087
Armenia,2015,3.7316911
Aruba,2005,3.3977869
Aruba,2006,3.6080244
Aruba,2007,5.3925676
Aruba,2008,8.955987
Aruba,2009,-2.1354287
Aruba,2010,2.0781407
Aruba,2011,4.3162975
Aruba,2012,0.627472
Aruba,2013,-2.3720653
Aruba,2014,0.42144093
Aruba,2015,0.4747636
Australia,2005,2.6918316
Australia,2006,3.5552878
Australia,2007,2.3276112
Australia,2008,4.3502984
Australia,2009,1.7711172
Australia,2010,2.91834
Australia,2011,3.3038502
Australia,2012,1.7627802
Australia,2013,2.4498887
Australia,2014,2.4879227
Australia,2015,1.5083667
Austria,2005,2.2991378
Austria,2006,1.4415485
Austria,2007,2.1685553
Austria,2008,3.2159503
Austria,2009,0.50630885
Austria,2010,1.8135344
Austria,2011,3.2865791
Austria,2012,2.4856756
Austria,2013,2.0001562
Austria,2014,1.6058118
Austria,2015,0.89656335
Azerbaijan,2005,9.679507
Azerbaijan,2006,8.328925
Azerbaijan,2007,16.699755
Azerbaijan,2008,20.849087
Azerbaijan,2009,1.4570484
Azerbaijan,2010,5.7268724
Azerbaijan,2011,7.858333
Azerbaijan,2012,1.0662134
Azerbaijan,2013,2.4157174
Azerbaijan,2014,1.3734418
Azerbaijan,2015,4.0276856
Bahamas,2005,1.5916061
Bahamas,2006,2.3898263
Bahamas,2007,2.492578
Bahamas,2008,4.48956
Bahamas,2009,2.0627348
Bahamas,2010,1.3440274
Bahamas,2011,3.1987815
Bahamas,2012,1.9733676
Bahamas,2013,0.7224148
Bahamas,2014,1.5137564
Bahamas,2015,1.861483
Bahrain,2005,2.586207
Bahrain,2006,2.0074697
Bahrain,2007,3.2566667
Bahrain,2008,3.5260031
Bahrain,2009,2.795513
Bahrain,2010,1.9618847
Bahrain,2011,-0.4000407
Bahrain,2012,2.7573967
Bahrain,2013,3.3000116
Bahrain,2014,2.6475532
Bahrain,2015,1.8486274
Bangladesh,2005,7.046618
Bangladesh,2006,6.765261
Bangladesh,2007,9.106985
Bangladesh,2008,8.901945
Bangladesh,2009,5.4234724
Bangladesh,2010,8.126677
Bangladesh,2011,11.395165
Bangladesh,2012,6.217504
Bangladesh,2013,7.5304065
Bangladesh,2014,6.9916387
Bangladesh,2015,6.19428
Barbados,2005,6.082187
Barbados,2006,7.3076625
Barbados,2007,4.0342298
Barbados,2008,8.1081085
Barbados,2009,3.643862
Barbados,2010,5.8242188
Barbados,2011,9.432202
Barbados,2012,4.5333476
Barbados,2013,1.8141043
Barbados,2014,1.7695032
Barbados,2015,-1.1127899
Belarus,2005,10.33888
Belarus,2006,6.997129
Belarus,2007,8.426753
Belarus,2008,14.837876
Belarus,2009,12.945657
Belarus,2010,7.735748
Belarus,2011,53.2287
Belarus,2012,59.219734
Belarus,2013,18.312262
Belarus,2014,18.119555
Belarus,2015,13.53449
Belgium,2005,2.7814326
Belgium,2006,1.7912077
Belgium,2007,1.8230563
Belgium,2008,4.4894443
Belgium,2009,-0.053145673
Belgium,2010,2.189299
Belgium,2011,3.532082
Belgium,2012,2.8396635
Belgium,2013,1.113096
Belgium,2014,0.34000283
Belgium,2015,0.56142914
Belize,2005,-1.1043104
Belize,2006,-7.1137676
Belize,2007,2.3180828
Belize,2008,6.394431
Belize,2009,-1.1043104
Belize,2010,0.9179774
Belize,2011,1.6020561
Belize,2012,1.3005807
Belize,2013,0.50974774
Belize,2014,1.2013997
Belize,2015,-0.861584
Benin,2005,5.364521
Benin,2006,3.782177
Benin,2007,1.2980682
Benin,2008,7.9472985
Benin,2009,0.8960723
Benin,2010,2.2078354
Benin,2011,2.7042391
Benin,2012,6.7446823
Benin,2013,0.4288889
Benin,2014,-0.54875755
Benin,2015,0.21878593
Bhutan,2005,5.312631
Bhutan,2006,5.0004544
Bhutan,2007,5.1561112
Bhutan,2008,8.327161
Bhutan,2009,4.361122
Bhutan,2010,7.036383
Bhutan,2011,8.848986
Bhutan,2012,10.919657
Bhutan,2013,8.776383
Bhutan,2014,8.271061
Bhutan,2015,4.548144
Bolivia,2005,5.393231
Bolivia,2006,4.282396
Bolivia,2007,8.705609
Bolivia,2008,14.006811
Bolivia,2009,3.3464541
Bolivia,2010,2.503276
Bolivia,2011,9.884464
Bolivia,2012,4.515603
Bolivia,2013,5.7364
Bolivia,2014,5.7666006
Bolivia,2015,4.0596104
Bosnia and Herzegovina,2006,6.125566
Bosnia and Herzegovina,2007,1.5007771
Bosnia and Herzegovina,2008,7.427043
Bosnia and Herzegovina,2009,-0.38146427
Bosnia and Herzegovina,2010,1.9962124
Bosnia and Herzegovina,2011,3.67125
Bosnia and Herzegovina,2012,2.0526745
Bosnia and Herzegovina,2013,-0.09304568
Bosnia and Herzegovina,2014,-0.897194
Bosnia and Herzegovina,2015,-1.036023
Botswana,2005,8.610226
Botswana,2006,11.555219
Botswana,2007,7.0809984
Botswana,2008,12.7021885
Botswana,2009,8.027297
Botswana,2010,6.9488764
Botswana,2011,8.459872
Botswana,2012,7.5369024
Botswana,2013,5.884607
Botswana,2014,4.402253
Botswana,2015,3.0620317
Brazil,2005,6.8695374
Brazil,2006,4.183568
Brazil,2007,3.641273
Brazil,2008,5.678594
Brazil,2009,4.888035
Brazil,2010,5.038727
Brazil,2011,6.63645
Brazil,2012,5.403499
Brazil,2013,6.204311
Brazil,2014,6.32904
Brazil,2015,9.029901
Brunei,2005,1.2444371
Brunei,2006,0.15988807
Brunei,2007,0.9677741
Brunei,2008,2.0849802
Brunei,2009,1.0357177
Brunei,2010,0.35686913
Brunei,2011,0.13791156
Brunei,2012,0.111766264
Brunei,2013,0.38920504
Brunei,2014,-0.20710874
Brunei,2015,-0.4883474
Bulgaria,2005,5.038838
Bulgaria,2006,7.261595
Bulgaria,2007,8.4025345
Bulgaria,2008,12.34872
Bulgaria,2009,2.7532022
Bulgaria,2010,2.4389906
Bulgaria,2011,4.2199035
Bulgaria,2012,2.9545684
Bulgaria,2013,0.89009356
Bulgaria,2014,-1.4181838
Bulgaria,2015,-0.104633264
Burkina Faso,2005,6.41504
Burkina Faso,2006,2.3331087
Burkina Faso,2007,-0.23062731
Burkina Faso,2008,10.659798
Burkina Faso,2009,2.6081767
Burkina Faso,2010,-0.7642307
Burkina Faso,2011,2.7597673
Burkina Faso,2012,3.8181524
Burkina Faso,2013,0.5337385
Burkina Faso,2014,-0.2580895
Burkina Faso,2015,0.724839
Burundi,2005,13.252069
Burundi,2006,2.74542
Burundi,2007,8.412063
Burundi,2008,24.406952
Burundi,2009,10.555435
Burundi,2010,6.493266
Burundi,2011,9.592166
Burundi,2012,18.161045
Burundi,2013,7.9379582
Burundi,2014,4.405352
Burundi,2015,5.5446887
Cambodia,2005,6.615259
Cambodia,2006,5.8106856
Cambodia,2007,8.708828
Cambodia,2008,24.096851
Cambodia,2009,-1.2417176
Cambodia,2010,3.9963953
Cambodia,2011,5.4784474
Cambodia,2012,2.9343162
Cambodia,2013,2.941625
Cambodia,2014,3.8556886
Cambodia,2015,1.2239319
Cameroon,2005,2.0135396
Cameroon,2006,5.117578
Cameroon,2007,0.9214022
Cameroon,2008,5.337806
Cameroon,2009,3.0436184
Cameroon,2010,1.2753805
Cameroon,2011,2.9396994
Cameroon,2012,2.7352967
Cameroon,2013,2.050347
Cameroon,2014,1.8548985
Cameroon,2015,2.6762352
Canada,2005,2.213552
Canada,2006,2.0020254
Canada,2007,2.138384
Canada,2008,2.3702707
Canada,2009,0.2994668
Canada,2010,1.7768716
Canada,2011,2.9121351
Canada,2012,1.5156783
Canada,2013,0.9382919
Canada,2014,1.9066359
Canada,2015,1.1252414
Cape Verde,2005,0.4188916
Cape Verde,2006,5.3690767
Cape Verde,2007,4.410997
Cape Verde,2008,6.7744355
Cape Verde,2009,0.9911035
Cape Verde,2010,2.0786648
Cape Verde,2011,4.4738836
Cape Verde,2012,2.5403965
Cape Verde,2013,1.5065428
Cape Verde,2014,-0.23877814
Cape Verde,2015,0.131188
Cayman Islands,2010,0.27614087
Cayman Islands,2011,1.3254358
Cayman Islands,2012,1.1889484
Cayman Islands,2013,2.1606114
Cayman Islands,2014,1.2739791
Cayman Islands,2015,-2.3475277
Central African Republic,2005,2.8835208
Central African Republic,2006,6.695265
Central African Republic,2007,0.9599176
Central African Republic,2008,9.258951
Central African Republic,2009,3.5212622
Central African Republic,2010,1.4910237
Central African Republic,2011,1.1944758
Central African Republic,2012,5.478296
Central African Republic,2013,6.9887934
Central African Republic,2014,14.8986845
Central African Republic,2015,1.4029702
Chad,2005,7.8903656
Chad,2006,8.036289
Chad,2007,-8.97474
Chad,2008,10.296976
Chad,2009,9.952423
Chad,2010,-2.0778658
Chad,2011,2.0292406
Chad,2012,7.5166235
Chad,2013,0.22267157
Chad,2014,1.6819731
Chad,2015,4.3771267
Chile,2005,3.0525763
Chile,2006,3.3920174
Chile,2007,4.4077992
Chile,2008,8.716269
Chile,2009,0.35304517
Chile,2010,1.410711
Chile,2011,3.341217
Chile,2012,3.0074484
Chile,2013,1.7895555
Chile,2014,4.718675
Chile,2015,4.3487735
China,2005,1.776414
China,2006,1.649431
China,2007,4.8167677
China,2008,5.9252515
China,2009,-0.72816527
China,2010,3.1753247
China,2011,5.553899
China,2012,2.6195242
China,2013,2.6210501
China,2014,1.9216416
China,2015,1.4370238
Colombia,2005,5.0510197
Colombia,2006,4.2934237
Colombia,2007,5.544385
Colombia,2008,6.996885
Colombia,2009,4.2025166
Colombia,2010,2.2720022
Colombia,2011,3.4150333
Colombia,2012,3.169302
Colombia,2013,2.0169923
Colombia,2014,2.8988378
Colombia,2015,4.989831
Comoros,2005,3.013324
Comoros,2006,3.3743637
Comoros,2007,4.466167
Comoros,2008,1.7007818
Comoros,2009,4.362348
Comoros,2010,3.3547578
Comoros,2011,1.842663
Comoros,2012,6.3147445
Comoros,2013,-4.294873
Congo,2005,3.09449
Congo,2006,6.537844
Congo,2007,2.6546464
Congo,2008,4.9587507
Congo,2009,4.415004
Congo,2010,0.391525
Congo,2011,1.759587
Congo,2012,5.0101876
Congo,2013,4.631616
Congo,2014,0.91213953
Congo,2015,3.169098
Costa Rica,2005,13.798295
Costa Rica,2006,11.470597
Costa Rica,2007,9.3572445
Costa Rica,2008,13.424463
Costa Rica,2009,7.842702
Costa Rica,2010,5.662757
Costa Rica,2011,4.8779984
Costa Rica,2012,4.4954534
Costa Rica,2013,5.231336
Costa Rica,2014,4.519201
Costa Rica,2015,0.801982
Cote d'Ivoire,2005,3.8858304
Cote d'Ivoire,2006,2.4671915
Cote d'Ivoire,2007,1.8920063
Cote d'Ivoire,2008,6.3085275
Cote d'Ivoire,2009,1.0195045
Cote d'Ivoire,2010,1.2264562
Cote d'Ivoire,2011,4.912434
Cote d'Ivoire,2012,1.3045112
Cote d'Ivoire,2013,2.5811703
Cote d'Ivoire,2014,0.44868207
Cote d'Ivoire,2015,1.2514995
Croatia,2005,3.3171782
Croatia,2006,3.189826
Croatia,2007,2.8992827
Croatia,2008,6.076968
Croatia,2009,2.3785284
Croatia,2010,1.030555
Croatia,2011,2.2727273
Croatia,2012,3.4120734
Croatia,2013,2.216582
Croatia,2014,-0.21519616
Croatia,2015,-0.464499
Curacao,2005,4.117117
Curacao,2006,3.1149952
Curacao,2007,2.9957204
Curacao,2008,6.8763237
Curacao,2009,1.753316
Curacao,2010,2.7794425
Curacao,2011,2.3325315
Curacao,2012,3.1839874
Curacao,2013,1.3323208
Curacao,2014,1.4987397
Curacao,2015,-0.47654206
Cyprus,2005,2.5601614
Cyprus,2006,2.3046873
Cyprus,2007,2.3726518
Cyprus,2008,4.6690083
Cyprus,2009,0.32627666
Cyprus,2010,2.4300408
Cyprus,2011,3.2894495
Cyprus,2012,2.389054
Cyprus,2013,-0.39935768
Cyprus,2014,-1.3549888
Cyprus,2015,-2.0969977
Czechia,2005,1.8570979
Czechia,2006,2.5339925
Czechia,2007,2.8531244
Czechia,2008,6.358664
Czechia,2009,1.0193774
Czechia,2010,1.4727273
Czechia,2011,1.9172192
Czechia,2012,3.2876232
Czechia,2013,1.4382979
Czechia,2014,0.3439886
Czechia,2015,0.30936456
Democratic Republic of Congo,2005,21.316816
Democratic Republic of Congo,2006,13.052695
Democratic Republic of Congo,2007,16.9451
Democratic Republic of Congo,2008,17.301384
Democratic Republic of Congo,2009,2.8
Democratic Republic of Congo,2010,7.1
Democratic Republic of Congo,2011,15.316516
Democratic Republic of Congo,2012,9.721828
Democratic Republic of Congo,2013,0.8082231
Democratic Republic of Congo,2014,1.2430389
Democratic Republic of Congo,2015,0.744199
Denmark,2005,1.8178146
Denmark,2006,1.9242214
Denmark,2007,1.6932659
Denmark,2008,3.4162679
Denmark,2009,1.3047099
Denmark,2010,2.3109243
Denmark,2011,2.7586823
Denmark,2012,2.397915
Denmark,2013,0.7890718
Denmark,2014,0.5640205
Denmark,2015,0.45203415
Djibouti,2005,3.1049664
Djibouti,2006,3.483407
Djibouti,2007,4.9659767
Djibouti,2008,11.958621
Djibouti,2009,1.6754959
Djibouti,2010,3.9500787
Djibouti,2011,5.068714
Djibouti,2012,3.7312095
Djibouti,2013,2.7060325
Djibouti,2014,1.341865
Djibouti,2015,-0.84738976
Dominica,2005,1.6819007
Dominica,2006,2.2023914
Dominica,2007,3.6322212
Dominica,2008,6.359922
Dominica,2009,0.006263571
Dominica,2010,2.9993663
Dominica,2011,1.1312313
Dominica,2012,1.3567715
Dominica,2013,-0.04641165
Dominica,2014,0.79925036
Dominica,2015,-0.843827
Dominican Republic,2005,4.1902027
Dominican Republic,2006,7.5728054
Dominican Republic,2007,6.1435666
Dominican Republic,2008,10.644621
Dominican Republic,2009,1.4421513
Dominican Republic,2010,6.329932
Dominican Republic,2011,5.796768
Dominican Republic,2012,3.694497
Dominican Republic,2013,4.8309507
Dominican Republic,2014,2.9986422
Dominican Republic,2015,0.83674634
East Asia and Pacific (WB),2005,3.0370233
East Asia and Pacific (WB),2006,3.9361627
East Asia and Pacific (WB),2007,3.7640026
East Asia and Pacific (WB),2008,8.342087
East Asia and Pacific (WB),2009,1.6217301
East Asia and Pacific (WB),2010,3.0573056
East Asia and Pacific (WB),2011,5.02146
East Asia and Pacific (WB),2012,2.9746077
East Asia and Pacific (WB),2013,2.5826876
East Asia and Pacific (WB),2014,2.5108764
East Asia and Pacific (WB),2015,0.7952796
East Timor,2005,1.111674
East Timor,2006,3.9361627
East Timor,2007,10.300902
East Timor,2008,9.064237
East Timor,2009,0.6696812
East Timor,2010,6.765977
East Timor,2011,13.49984
East Timor,2012,11.80031
East Timor,2013,10.987234
East Timor,2014,0.8488382
East Timor,2015,0.6461486
Ecuador,2005,2.168277
Ecuador,2006,3.2987485
Ecuador,2007,2.2761848
Ecuador,2008,8.400096
Ecuador,2009,5.1599684
Ecuador,2010,3.5543773
Ecuador,2011,4.4745326
Ecuador,2012,5.101722
Ecuador,2013,2.7217758
Ecuador,2014,3.58922
Ecuador,2015,3.9666462
Egypt,2005,4.869397
Egypt,2006,7.6445265
Egypt,2007,9.318969
Egypt,2008,18.316832
Egypt,2009,11.763495
Egypt,2010,11.265188
Egypt,2011,10.064926
Egypt,2012,7.1117296
Egypt,2013,9.46972
Egypt,2014,10.070215
Egypt,2015,10.37049
El Salvador,2005,4.6909485
El Salvador,2006,4.0371237
El Salvador,2007,4.578086
El Salvador,2008,6.707923
El Salvador,2009,1.0559503
El Salvador,2010,1.1793357
El Salvador,2011,5.128924
El Salvador,2012,1.7297348
El Salvador,2013,0.7576692
El Salvador,2014,1.1413447
El Salvador,2015,-0.7313845
Equatorial Guinea,2005,5.6316333
Equatorial Guinea,2006,4.4158998
Equatorial Guinea,2007,2.8037384
Equatorial Guinea,2008,6.551767
Equatorial Guinea,2009,4.691066
Equatorial Guinea,2010,7.7891655
Equatorial Guinea,2011,4.8053894
Equatorial Guinea,2012,3.6566205
Equatorial Guinea,2013,2.9488769
Equatorial Guinea,2014,4.3099985
Equatorial Guinea,2015,1.6766309
Estonia,2005,4.0797143
Estonia,2006,4.4376206
Estonia,2007,6.601326
Estonia,2008,10.362358
Estonia,2009,-0.07840831
Estonia,2010,2.9720452
Estonia,2011,4.981901
Estonia,2012,3.9334
Estonia,2013,2.7805667
Estonia,2014,-0.10617515
Estonia,2015,-0.49232602
Eswatini,2005,4.774004
Eswatini,2006,5.3046393
Eswatini,2007,8.076088
Eswatini,2008,12.65746
Eswatini,2009,7.448234
Eswatini,2010,4.509237
Eswatini,2011,6.107427
Eswatini,2012,8.939647
Eswatini,2013,5.6213064
Eswatini,2014,5.681349
Eswatini,2015,4.951245
Ethiopia,2005,9.969972
Ethiopia,2006,12.299477
Ethiopia,2007,17.2404
Ethiopia,2008,44.356686
Ethiopia,2009,8.4836445
Ethiopia,2010,8.149264
Ethiopia,2011,33.249958
Ethiopia,2012,23.600418
Ethiopia,2013,7.464022
Ethiopia,2014,6.8900194
Ethiopia,2015,9.568899
Europe and Central Asia (WB),2005,2.609323
Europe and Central Asia (WB),2006,3.1928864
Europe and Central Asia (WB),2007,2.9159827
Europe and Central Asia (WB),2008,6.0597405
Europe and Central Asia (WB),2009,1.5360765
Europe and Central Asia (WB),2010,2.4244735
Europe and Central Asia (WB),2011,3.8561125
Europe and Central Asia (WB),2012,2.7733386
Europe and Central Asia (WB),2013,1.7340397
Europe and Central Asia (WB),2014,0.6204906
Europe and Central Asia (WB),2015,0.36804685
European Union (27),2005,2.4876966
European Union (27),2006,2.6663148
European Union (27),2007,2.5106657
European Union (27),2008,4.164972
European Union (27),2009,0.83926225
European Union (27),2010,1.5311227
European Union (27),2011,3.2894495
European Union (27),2012,2.6628416
European Union (27),2013,1.2199935
European Union (27),2014,0.19934383
European Union (27),2015,-0.06164468
Fiji,2005,2.3657646
Fiji,2006,2.4908364
Fiji,2007,4.8037066
Fiji,2008,7.7322783
Fiji,2009,3.1310356
Fiji,2010,3.6890123
Fiji,2011,7.2781177
Fiji,2012,3.4233751
Fiji,2013,2.913542
Fiji,2014,0.5193065
Fiji,2015,1.3748854
Finland,2005,0.6238744
Finland,2006,1.5666639
Finland,2007,2.5106657
Finland,2008,4.0659537
Finland,2009,-9.173604e-07
Finland,2010,1.1841352
Finland,2011,3.4168077
Finland,2012,2.8083363
Finland,2013,1.4782861
Finland,2014,1.0411962
Finland,2015,-0.20792884
France,2005,1.7458694
France,2006,1.6751245
France,2007,1.487998
France,2008,2.812862
France,2009,0.08762048
France,2010,1.5311227
France,2011,2.111598
France,2012,1.9541953
France,2013,0.86371547
France,2014,0.5077588
France,2015,0.03751438
Gabon,2005,3.7083333
Gabon,2006,-1.4094014
Gabon,2007,5.0303187
Gabon,2008,5.2643013
Gabon,2009,1.8857075
Gabon,2010,1.461544
Gabon,2011,1.2633171
Gabon,2012,2.6524184
Gabon,2013,0.50544107
Gabon,2014,4.6904573
Gabon,2015,-0.33879519
Gambia,2005,4.8386216
Gambia,2006,2.0565035
Gambia,2007,5.369135
Gambia,2008,4.443655
Gambia,2009,4.5615067
Gambia,2010,5.0496807
Gambia,2011,4.7958827
Gambia,2012,4.254322
Gambia,2013,5.69913
Gambia,2014,5.9479995
Gambia,2015,6.808455
Georgia,2005,8.24709
Georgia,2006,9.160965
Georgia,2007,9.244898
Georgia,2008,9.999488
Georgia,2009,1.7275146
Georgia,2010,7.110179
Georgia,2011,8.542933
Georgia,2012,-0.9436588
Georgia,2013,-0.51205844
Georgia,2014,3.0688121
Georgia,2015,4.003578
Germany,2005,1.5469111
Germany,2006,1.5774264
Germany,2007,2.298344
Germany,2008,2.6283798
Germany,2009,0.312739
Germany,2010,1.1038104
Germany,2011,2.075173
Germany,2012,2.008489
Germany,2013,1.5047233
Germany,2014,0.906794
Germany,2015,0.5144261
Ghana,2005,15.438992
Ghana,2006,11.679184
Ghana,2007,10.734266
Ghana,2008,16.49464
Ghana,2009,19.246948
Ghana,2010,10.73339
Ghana,2011,8.728459
Ghana,2012,11.186341
Ghana,2013,11.666192
Ghana,2014,15.489616
Ghana,2015,17.14997
Greece,2005,3.5450728
Greece,2006,3.195947
Greece,2007,2.8950033
Greece,2008,4.152797
Greece,2009,1.2100726
Greece,2010,4.712989
Greece,2011,3.3298533
Greece,2012,1.501527
Greece,2013,-0.9212695
Greece,2014,-1.312261
Greece,2015,-1.735888
Grenada,2005,3.475807
Grenada,2006,4.251953
Grenada,2007,3.8588293
Grenada,2008,8.033274
Grenada,2009,-0.3086548
Grenada,2010,3.4365091
Grenada,2011,3.0334728
Grenada,2012,2.410777
Grenada,2013,-0.043999787
Grenada,2014,-0.98360306
Grenada,2015,-0.51544803
Guatemala,2005,9.10865
Guatemala,2006,6.560853
Guatemala,2007,6.8216176
Guatemala,2008,11.355762
Guatemala,2009,1.8591026
Guatemala,2010,3.859509
Guatemala,2011,6.2141237
Guatemala,2012,3.7818077
Guatemala,2013,4.3433714
Guatemala,2014,3.4183617
Guatemala,2015,2.3887203
Guinea,2005,31.373302
Guinea,2006,34.69527
Guinea,2007,18.175566
Guinea,2008,23.065613
Guinea,2009,4.6843886
Guinea,2010,15.050269
Guinea,2011,21.316927
Guinea,2012,15.2262945
Guinea,2013,11.8875885
Guinea,2014,6.1505055
Guinea,2015,11.780083
Guinea-Bissau,2005,3.3291993
Guinea-Bissau,2006,1.9547372
Guinea-Bissau,2007,4.617438
Guinea-Bissau,2008,10.460073
Guinea-Bissau,2009,-1.6513973
Guinea-Bissau,2010,2.5178514
Guinea-Bissau,2011,5.046102
Guinea-Bissau,2012,2.1305459
Guinea-Bissau,2013,1.2071255
Guinea-Bissau,2014,-1.5092446
Guinea-Bissau,2015,1.4767205
Guyana,2005,6.925543
Guyana,2006,6.677158
Guyana,2007,12.200154
Guyana,2008,8.102022
Guyana,2009,2.952301
Guyana,2010,3.7333777
Guyana,2011,4.9777355
Guyana,2012,2.391935
Guyana,2013,1.9012518
Guyana,2014,0.8526305
Guyana,2015,-1.0017344
Haiti,2005,13.973008
Haiti,2006,11.345215
Haiti,2007,6.5572276
Haiti,2008,15.2817745
Haiti,2009,0.39388603
Haiti,2010,4.827342
Haiti,2011,6.3327947
Haiti,2012,5.0180416
Haiti,2013,4.765024
Haiti,2014,3.4381666
Haiti,2015,6.7318406
High-income countries,2005,2.622346
High-income countries,2006,2.6663148
High-income countries,2007,2.8526726
High-income countries,2008,4.633594
High-income countries,2009,1.5884589
High-income countries,2010,2.0781407
High-income countries,2011,3.4106834
High-income countries,2012,2.6628416
High-income countries,2013,1.4915048
High-income countries,2014,1.0331721
High-income countries,2015,0.31969586
Honduras,2005,8.809061
Honduras,2006,5.577752
Honduras,2007,6.936215
Honduras,2008,11.403427
Honduras,2009,5.4963427
Honduras,2010,4.6988907
Honduras,2011,6.7622795
Honduras,2012,5.196186
Honduras,2013,5.161899
Honduras,2014,6.129249
Honduras,2015,3.1578312
Hong Kong,2005,0.8264463
Hong Kong,2006,2.0002515
Hong Kong,2007,2.035027
Hong Kong,2008,4.303155
Hong Kong,2009,0.5794414
Hong Kong,2010,2.2928908
Hong Kong,2011,5.3052487
Hong Kong,2012,4.0539093
Hong Kong,2013,4.3379936
Hong Kong,2014,4.4236455
Hong Kong,2015,2.9908483
Hungary,2005,3.561517
Hungary,2006,3.930326
Hungary,2007,7.958745
Hungary,2008,6.0425124
Hungary,2009,4.211712
Hungary,2010,4.855558
Hungary,2011,3.929921
Hungary,2012,5.6521454
Hungary,2013,1.7331998
Hungary,2014,-0.22756627
Hungary,2015,-0.06164468
Iceland,2005,3.987048
Iceland,2006,6.687079
Iceland,2007,5.0515575
Iceland,2008,12.694394
Iceland,2009,12.00313
Iceland,2010,5.396731
Iceland,2011,4.0010266
Iceland,2012,5.1858997
Iceland,2013,3.8722792
Iceland,2014,2.0446148
Iceland,2015,1.6330556
India,2005,4.2463436
India,2006,5.7965236
India,2007,6.3728814
India,2008,8.349267
India,2009,10.882353
India,2010,11.98939
India,2011,8.911794
India,2012,9.478997
India,2013,10.017879
India,2014,6.6656566
India,2015,4.9069734
Indonesia,2005,10.453198
Indonesia,2006,13.108672
Indonesia,2007,6.406563
Indonesia,2008,10.226665
Indonesia,2009,4.3864155
Indonesia,2010,5.134204
Indonesia,2011,5.3560476
Indonesia,2012,4.2795
Indonesia,2013,6.4125133
Indonesia,2014,6.3949256
Indonesia,2015,6.363121
Iran,2005,13.433118
Iran,2006,10.015899
Iran,2007,17.34104
Iran,2008,25.41051
Iran,2009,13.551555
Iran,2010,10.089363
Iran,2011,26.293386
Iran,2012,27.256813
Iran,2013,36.603035
Iran,2014,16.606554
Iran,2015,12.484681
Iraq,2005,36.95948
Iraq,2006,53.230965
Iraq,2007,-10.0674925
Iraq,2008,12.662853
Iraq,2009,6.8736153
Iraq,2010,2.8777473
Iraq,2011,5.8014555
Iraq,2012,6.0890965
Iraq,2013,1.879498
Iraq,2014,2.235974
Iraq,2015,1.3933303
Ireland,2005,2.456547
Ireland,2006,3.9357612
Ireland,2007,4.8857455
Ireland,2008,4.0356884
Ireland,2009,-4.447547
Ireland,2010,-0.91838866
Ireland,2011,2.5489783
Ireland,2012,1.6947411
Ireland,2013,0.51509947
Ireland,2014,0.1909164
Ireland,2015,-0.3309598
Israel,2005,1.3134851
Israel,2006,2.0635264
Israel,2007,0.45517096
Israel,2008,4.5521603
Israel,2009,3.3561783
Israel,2010,2.69137
Israel,2011,3.484949
Israel,2012,1.6792072
Israel,2013,1.5702554
Israel,2014,0.47978675
Israel,2015,-0.601291
Italy,2005,1.985293
Italy,2006,2.090844
Italy,2007,1.8297411
Italy,2008,3.3478327
Italy,2009,0.7747681
Italy,2010,1.525516
Italy,2011,2.7806327
Italy,2012,3.0413632
Italy,2013,1.2199935
Italy,2014,0.24104743
Italy,2015,0.0387904
Jamaica,2005,15.052866
Jamaica,2006,8.561064
Jamaica,2007,9.244821
Jamaica,2008,22.022839
Jamaica,2009,9.592246
Jamaica,2010,12.610552
Jamaica,2011,7.555856
Jamaica,2012,6.873977
Jamaica,2013,9.341501
Jamaica,2014,8.274079
Jamaica,2015,3.6915424
Japan,2005,-0.28294608
Japan,2006,0.24935512
Japan,2007,0.060039453
Japan,2008,1.3800789
Japan,2009,-1.3528367
Japan,2010,-0.72824323
Japan,2011,-0.2724556
Japan,2012,-0.04406451
Japan,2013,0.33503792
Japan,2014,2.7592268
Japan,2015,0.7952796
Jordan,2005,3.4936852
Jordan,2006,6.2517247
Jordan,2007,4.7439065
Jordan,2008,13.971231
Jordan,2009,-0.73906976
Jordan,2010,4.8455186
Jordan,2011,4.1624417
Jordan,2012,4.5152297
Jordan,2013,4.824623
Jordan,2014,2.8994792
Jordan,2015,-0.8768514
Kazakhstan,2005,7.5799994
Kazakhstan,2006,8.721694
Kazakhstan,2007,10.846836
Kazakhstan,2008,17.1399
Kazakhstan,2009,7.3160787
Kazakhstan,2010,7.4004636
Kazakhstan,2011,8.452905
Kazakhstan,2012,5.1956835
Kazakhstan,2013,5.9428387
Kazakhstan,2014,6.8494496
Kazakhstan,2015,6.678286
Kenya,2005,10.312778
Kenya,2006,14.453734
Kenya,2007,9.758881
Kenya,2008,26.239817
Kenya,2009,9.234126
Kenya,2010,3.9613888
Kenya,2011,14.022491
Kenya,2012,9.37777
Kenya,2013,5.7174935
Kenya,2014,6.8781548
Kenya,2015,6.5821543
Kiribati,2007,3.5925214
Kiribati,2008,13.6654
Kiribati,2009,9.816439
Kiribati,2010,-3.8995504
Kiribati,2011,1.4974098
Kiribati,2012,-3.045863
Kiribati,2013,-1.488059
Kiribati,2014,2.1039853
Kiribati,2015,0.57201576
Kosovo,2005,-1.3851892
Kosovo,2006,0.62164694
Kosovo,2007,4.358497
Kosovo,2008,9.350418
Kosovo,2009,-2.410264
Kosovo,2010,3.4805076
Kosovo,2011,7.3364177
Kosovo,2012,2.4767377
Kosovo,2013,1.7673243
Kosovo,2014,0.42895782
Kosovo,2015,-0.53692937
Kuwait,2005,4.142976
Kuwait,2006,3.0570133
Kuwait,2007,5.48495
Kuwait,2008,10.582709
Kuwait,2009,4.6095953
Kuwait,2010,4.4964027
Kuwait,2011,4.8394036
Kuwait,2012,3.255146
Kuwait,2013,2.6822968
Kuwait,2014,2.9089267
Kuwait,2015,3.2717016
Kyrgyzstan,2005,4.338674
Kyrgyzstan,2006,5.5521235
Kyrgyzstan,2007,10.2301035
Kyrgyzstan,2008,24.520102
Kyrgyzstan,2009,6.8365626
Kyrgyzstan,2010,7.9677224
Kyrgyzstan,2011,16.636326
Kyrgyzstan,2012,2.7684424
Kyrgyzstan,2013,6.613752
Kyrgyzstan,2014,7.5342474
Kyrgyzstan,2015,6.5033183
Laos,2005,7.1654177
Laos,2006,6.545594
Laos,2007,4.6619725
Laos,2008,7.628809
Laos,2009,0.14118767
Laos,2010,5.9825454
Laos,2011,7.5689883
Laos,2012,4.255127
Laos,2013,6.371427
Laos,2014,4.129243
Laos,2015,1.2773542
Latin America and Caribbean (WB),2005,4.4405756
Latin America and Caribbean (WB),2006,4.251953
Latin America and Caribbean (WB),2007,4.578086
Latin America and Caribbean (WB),2008,8.1081085
Latin America and Caribbean (WB),2009,2.5005
Latin America and Caribbean (WB),2010,3.4912887
Latin America and Caribbean (WB),2011,4.9777355
Latin America and Caribbean (WB),2012,3.7818077
Latin America and Caribbean (WB),2013,2.528648
Latin America and Caribbean (WB),2014,3.3834128
Latin America and Caribbean (WB),2015,1.861483
Latvia,2005,6.7484503
Latvia,2006,6.536199
Latvia,2007,10.092978
Latvia,2008,15.402319
Latvia,2009,3.5341067
Latvia,2010,-1.084636
Latvia,2011,4.3707356
Latvia,2012,2.2577891
Latvia,2013,-0.029454779
Latvia,2014,0.6204906
Latvia,2015,0.17424224
Lebanon,2009,1.1950967
Lebanon,2010,3.9834795
Lebanon,2011,4.9714856
Lebanon,2012,6.5814743
Lebanon,2013,4.8210196
Lebanon,2014,1.8546042
Lebanon,2015,-3.7491453
Lesotho,2005,3.4378843
Lesotho,2006,6.0727186
Lesotho,2007,8.012437
Lesotho,2008,10.715666
Lesotho,2009,-16.859692
Lesotho,2010,-2.4052424
Lesotho,2011,5.0366306
Lesotho,2012,6.0514364
Lesotho,2013,4.865119
Lesotho,2014,5.37029
Lesotho,2015,3.218445
Liberia,2005,10.834359
Liberia,2006,7.341446
Liberia,2007,11.391896
Liberia,2008,17.489449
Liberia,2009,7.427643
Liberia,2010,7.289928
Liberia,2011,8.488168
Liberia,2012,6.831787
Liberia,2013,7.5773067
Liberia,2014,9.861113
Liberia,2015,7.748697
Libya,2005,2.6502059
Libya,2006,1.4592688
Libya,2007,6.250988
Libya,2008,10.360729
Libya,2009,2.4599001
Libya,2010,2.799895
Libya,2011,15.518481
Libya,2012,6.059804
Libya,2013,2.605818
Libya,2014,2.4329414
Libya,2015,10.402293
Lithuania,2005,2.658485
Lithuania,2006,3.73912
Lithuania,2007,5.737174
Lithuania,2008,10.925885
Lithuania,2009,4.4530444
Lithuania,2010,1.3192136
Lithuania,2011,4.1302757
Lithuania,2012,3.0899827
Lithuania,2013,1.0474794
Lithuania,2014,0.10375801
Lithuania,2015,-0.8840974
Low-income countries,2005,8.448727
Low-income countries,2006,7.310676
Low-income countries,2007,7.9286637
Low-income countries,2008,11.677982
Low-income countries,2009,5.0062737
Low-income countries,2010,4.3974137
Low-income countries,2011,7.6228228
Low-income countries,2012,6.831787
Low-income countries,2013,5.69913
Low-income countries,2014,4.405352
Low-income countries,2015,4.960908
Lower-middle-income countries,2005,5.364521
Lower-middle-income countries,2006,6.0727186
Lower-middle-income countries,2007,6.7467213
Lower-middle-income countries,2008,11.484667
Lower-middle-income countries,2009,4.362348
Lower-middle-income countries,2010,4.7631164
Lower-middle-income countries,2011,6.3327947
Lower-middle-income countries,2012,5.831166
Lower-middle-income countries,2013,5.3162355
Lower-middle-income countries,2014,4.789425
Lower-middle-income countries,2015,3.236586
Luxembourg,2005,2.4876966
Luxembourg,2006,2.6663148
Luxembourg,2007,2.3124585
Luxembourg,2008,3.4018795
Luxembourg,2009,0.368042
Luxembourg,2010,2.273679
Luxembourg,2011,3.4106834
Luxembourg,2012,2.6628416
Luxembourg,2013,1.7340397
Luxembourg,2014,0.628544
Luxembourg,2015,0.47474316
Macao,2005,4.3958926
Macao,2006,5.1499734
Macao,2007,5.571497
Macao,2008,8.611018
Macao,2009,1.1690669
Macao,2010,2.8094723
Macao,2011,5.8062463
Macao,2012,6.1073895
Macao,2013,5.500578
Macao,2014,6.0482345
Macao,2015,4.5605636
Madagascar,2005,18.363825
Madagascar,2006,10.765637
Madagascar,2007,10.287967
Madagascar,2008,9.296509
Madagascar,2009,8.954218
Madagascar,2010,9.247322
Madagascar,2011,9.48254
Madagascar,2012,5.7138443
Madagascar,2013,5.8264294
Madagascar,2014,6.080408
Madagascar,2015,7.404192
Malawi,2005,15.410345
Malawi,2006,13.974295
Malawi,2007,7.95221
Malawi,2008,8.712602
Malawi,2009,8.422044
Malawi,2010,7.411591
Malawi,2011,7.6228228
Malawi,2012,21.271265
Malawi,2013,27.283333
Malawi,2014,23.792065
Malawi,2015,21.867348
Malaysia,2005,2.975071
Malaysia,2006,3.6092355
Malaysia,2007,2.0273533
Malaysia,2008,5.440782
Malaysia,2009,0.5833084
Malaysia,2010,1.6228523
Malaysia,2011,3.174471
Malaysia,2012,1.663571
Malaysia,2013,2.1050124
Malaysia,2014,3.1429906
Malaysia,2015,2.10439
Maldives,2005,1.300275
Maldives,2006,2.7384212
Maldives,2007,6.7947736
Maldives,2008,12.041458
Maldives,2009,4.5301766
Maldives,2010,6.149885
Maldives,2011,11.273415
Maldives,2012,10.884696
Maldives,2013,3.80563
Maldives,2014,2.1200018
Maldives,2015,0.95320666
Mali,2005,6.397883
Mali,2006,1.5435259
Mali,2007,1.412002
Mali,2008,9.170988
Mali,2009,2.4637518
Mali,2010,1.1089269
Mali,2011,2.955644
Mali,2012,5.3231287
Mali,2013,-0.60673636
Mali,2014,0.8838146
Mali,2015,1.4506906
Malta,2005,3.0079665
Malta,2006,2.77378
Malta,2007,1.2492192
Malta,2008,4.2586217
Malta,2009,2.0843275
Malta,2010,1.5156351
Malta,2011,2.9629853
Malta,2012,2.3758206
Malta,2013,1.1802844
Malta,2014,0.31030646
Malta,2015,1.1005483
Mauritania,2005,12.1256485
Mauritania,2006,6.241033
Mauritania,2007,7.2541084
Mauritania,2008,7.3466353
Mauritania,2009,2.2209203
Mauritania,2010,6.2835407
Mauritania,2011,5.68632
Mauritania,2012,4.902427
Mauritania,2013,4.1291018
Mauritania,2014,3.5343685
Mauritania,2015,3.254727
Mauritius,2005,4.93717
Mauritius,2006,8.913501
Mauritius,2007,8.827292
Mauritius,2008,9.732284
Mauritius,2009,2.5160913
Mauritius,2010,2.932363
Mauritius,2011,6.5224924
Mauritius,2012,3.8521602
Mauritius,2013,3.5432956
Mauritius,2014,3.217692
Mauritius,2015,1.2865497
Mexico,2005,3.9880571
Mexico,2006,3.6294677
Mexico,2007,3.966849
Mexico,2008,5.124983
Mexico,2009,5.2973557
Mexico,2010,4.1567273
Mexico,2011,3.4073782
Mexico,2012,4.11151
Mexico,2013,3.8063908
Mexico,2014,4.018616
Mexico,2015,2.7206407
Micronesia (country),2005,4.2577
Micronesia (country),2006,4.63737
Micronesia (country),2007,3.3063428
Micronesia (country),2008,8.423726
Micronesia (country),2009,6.3936024
Micronesia (country),2010,3.3137097
Micronesia (country),2011,5.082594
Micronesia (country),2012,5.0185037
Micronesia (country),2013,1.7523273
Micronesia (country),2014,0.6502849
Micronesia (country),2015,-0.29811585
Middle East and North Africa (WB),2005,3.1049664
Middle East and North Africa (WB),2006,3.483407
Middle East and North Africa (WB),2007,4.1678233
Middle East and North Africa (WB),2008,11.270665
Middle East and North Africa (WB),2009,2.920897
Middle East and North Africa (WB),2010,3.7491572
Middle East and North Africa (WB),2011,4.5242114
Middle East and North Africa (WB),2012,3.7312095
Middle East and North Africa (WB),2013,3.2219775
Middle East and North Africa (WB),2014,2.4329414
Middle East and North Africa (WB),2015,1.6859921
Middle-income countries,2005,5.0427947
Middle-income countries,2006,5.5649376
Middle-income countries,2007,6.177807
Middle-income countries,2008,10.154784
Middle-income countries,2009,3.9447591
Middle-income countries,2010,4.1567273
Middle-income countries,2011,5.8014555
Middle-income countries,2012,4.5417695
Middle-income countries,2013,4.470625
Middle-income countries,2014,3.5343685
Middle-income countries,2015,3.1290028
Moldova,2005,11.959184
Moldova,2006,12.777756
Moldova,2007,12.3671665
Moldova,2008,12.783048
Moldova,2009,-0.0627186
Moldova,2010,7.483851
Moldova,2011,7.687251
Moldova,2012,4.5463343
Moldova,2013,4.597879
Moldova,2014,5.0887856
Moldova,2015,9.67624
Mongolia,2005,12.716567
Mongolia,2006,5.0951667
Mongolia,2007,9.630963
Mongolia,2008,27.955666
Mongolia,2009,7.619506
Mongolia,2010,10.046206
Mongolia,2011,8.411215
Mongolia,2012,14.330335
Mongolia,2013,10.490657
Mongolia,2014,12.253981
Mongolia,2015,5.735683
Montenegro,2006,2.9245126
Montenegro,2007,4.347122
Montenegro,2008,8.758728
Montenegro,2009,3.4667237
Montenegro,2010,0.65494657
Montenegro,2011,3.450143
Montenegro,2012,4.1452475
Montenegro,2013,2.2058926
Montenegro,2014,-0.71051407
Montenegro,2015,1.5486916
Morocco,2005,0.98264164
Morocco,2006,3.2847617
Morocco,2007,2.0420852
Morocco,2008,3.714843
Morocco,2009,0.971863
Morocco,2010,0.9935574
Morocco,2011,0.9069249
Morocco,2012,1.2871224
Morocco,2013,1.8806547
Morocco,2014,0.44231007
Morocco,2015,1.5579071
Mozambique,2005,6.4275527
Mozambique,2006,13.245088
Mozambique,2007,8.489487
Mozambique,2008,14.502806
Mozambique,2009,3.7886133
Mozambique,2010,12.425542
Mozambique,2011,11.166606
Mozambique,2012,2.6024547
Mozambique,2013,4.2613525
Mozambique,2014,2.5597486
Mozambique,2015,3.5507598
Myanmar,2005,9.368618
Myanmar,2006,19.996487
Myanmar,2007,35.024597
Myanmar,2008,26.799538
Myanmar,2009,1.4723431
Myanmar,2010,7.718382
Myanmar,2011,5.02146
Myanmar,2012,1.4675832
Myanmar,2013,5.6430387
Myanmar,2014,4.953299
Myanmar,2015,9.454172
Namibia,2005,2.2819462
Namibia,2006,4.961167
Namibia,2007,6.5478816
Namibia,2008,9.094643
Namibia,2009,9.451727
Namibia,2010,4.87492
Namibia,2011,5.005595
Namibia,2012,6.7219977
Namibia,2013,5.600925
Namibia,2014,5.3501697
Namibia,2015,3.3940153
Nauru,2011,0.3003003
Nauru,2012,-0.1247505
Nepal,2005,6.836333
Nepal,2006,6.920336
Nepal,2007,2.2692192
Nepal,2008,9.90783
Nepal,2009,11.094824
Nepal,2010,9.326504
Nepal,2011,9.227076
Nepal,2012,9.45981
Nepal,2013,9.040163
Nepal,2014,8.364155
Nepal,2015,7.868909
Netherlands,2005,1.6881301
Netherlands,2006,1.1015011
Netherlands,2007,1.6138586
Netherlands,2008,2.486502
Netherlands,2009,1.1897769
Netherlands,2010,1.2753057
Netherlands,2011,2.3410702
Netherlands,2012,2.4555476
Netherlands,2013,2.5068986
Netherlands,2014,0.97603506
Netherlands,2015,0.60024816
New Caledonia,2011,2.428997
New Caledonia,2012,1.7496723
New Caledonia,2013,1.2776132
New Caledonia,2014,0.17885107
New Caledonia,2015,0.5705081
New Zealand,2005,3.0370233
New Zealand,2006,3.365402
New Zealand,2007,2.3761432
New Zealand,2008,3.9589493
New Zealand,2009,2.1156511
New Zealand,2010,2.302024
New Zealand,2011,4.027907
New Zealand,2012,1.0599132
New Zealand,2013,1.1344227
New Zealand,2014,1.2275075
New Zealand,2015,0.29270464
Nicaragua,2005,9.5991
Nicaragua,2006,9.1402
Nicaragua,2007,11.126935
Nicaragua,2008,19.826202
Nicaragua,2009,3.6870017
Nicaragua,2010,5.4551344
Nicaragua,2011,8.082388
Nicaragua,2012,7.1935506
Nicaragua,2013,7.135468
Nicaragua,2014,6.035969
Nicaragua,2015,3.99738
Niger,2005,7.7974977
Niger,2006,0.04048583
Niger,2007,0.05395926
Niger,2008,11.30511
Niger,2009,0.5829066
Niger,2010,0.8040731
Niger,2011,2.9423852
Niger,2012,0.4550898
Niger,2013,2.2972312
Niger,2014,-0.93028724
Niger,2015,-0.5760904
Nigeria,2005,17.863493
Nigeria,2006,8.225222
Nigeria,2007,5.388008
Nigeria,2008,11.581075
Nigeria,2009,12.5378275
Nigeria,2010,13.740052
Nigeria,2011,10.826138
Nigeria,2012,12.224241
Nigeria,2013,8.495519
Nigeria,2014,8.047411
Nigeria,2015,9.009435
North America (WB),2005,2.8031495
North America (WB),2006,2.6139848
North America (WB),2007,2.4955282
North America (WB),2008,3.1046855
North America (WB),2009,-0.028039731
North America (WB),2010,1.7084575
North America (WB),2011,3.0344884
North America (WB),2012,1.7925078
North America (WB),2013,1.2015623
North America (WB),2014,1.7644295
North America (WB),2015,0.62193424
North Macedonia,2005,0.525516
North Macedonia,2006,3.2136292
North Macedonia,2007,2.251758
North Macedonia,2008,8.331897
North Macedonia,2009,-0.739634
North Macedonia,2010,1.5099752
North Macedonia,2011,3.9047542
North Macedonia,2012,3.3160558
North Macedonia,2013,2.7850006
North Macedonia,2014,-0.28170502
North Macedonia,2015,-0.29992047
Norway,2005,1.5321337
Norway,2006,2.3293498
Norway,2007,0.7125891
Norway,2008,3.7539308
Norway,2009,2.1973858
Norway,2010,2.4189065
Norway,2011,1.2849516
Norway,2012,0.6968641
Norway,2013,2.1204863
Norway,2014,2.041703
Norway,2015,2.1711366
Oman,2005,1.9098356
Oman,2006,3.544986
Oman,2007,5.8304844
Oman,2008,12.375409
Oman,2009,3.4688103
Oman,2010,3.2565796
Oman,2011,4.0421886
Oman,2012,2.947735
Oman,2013,1.0535482
Oman,2014,1.0140148
Oman,2015,0.06529013
Pakistan,2005,9.063328
Pakistan,2006,7.9210844
Pakistan,2007,7.5986843
Pakistan,2008,20.286121
Pakistan,2009,13.647765
Pakistan,2010,12.93887
Pakistan,2011,11.916093
Pakistan,2012,9.682352
Pakistan,2013,7.6921563
Pakistan,2014,7.189384
Pakistan,2015,2.529328
Palau,2005,3.9514623
Palau,2006,4.4298115
Palau,2007,3.2387505
Palau,2008,11.965574
Palau,2009,1.4381354
Palau,2010,1.4421902
Palau,2011,4.674699
Palau,2012,3.6141806
Palau,2013,3.35481
Palau,2014,4.1917453
Palau,2015,0.94904065
Palestine,2005,4.1072507
Palestine,2006,3.8423412
Palestine,2007,1.8597438
Palestine,2008,9.8899975
Palestine,2009,2.7539349
Palestine,2010,3.7491572
Palestine,2011,2.8772435
Palestine,2012,2.7790878
Palestine,2013,1.7243993
Palestine,2014,1.7329851
Palestine,2015,1.4316114
Panama,2005,2.8558834
Panama,2006,2.4578934
Panama,2007,4.168633
Panama,2008,8.758683
Panama,2009,2.409053
Panama,2010,3.4912887
Panama,2011,5.8758025
Panama,2012,5.6981997
Panama,2013,4.0271597
Panama,2014,2.626527
Panama,2015,0.13749206
Papua New Guinea,2005,1.7808044
Papua New Guinea,2006,2.3684623
Papua New Guinea,2007,0.9113504
Papua New Guinea,2008,10.761418
Papua New Guinea,2009,6.9183254
Papua New Guinea,2010,6.013609
Papua New Guinea,2011,4.440834
Papua New Guinea,2012,4.537205
Papua New Guinea,2013,4.9603176
Papua New Guinea,2014,5.2221174
Papua New Guinea,2015,5.995958
Paraguay,2005,6.807382
Paraguay,2006,9.58935
Paraguay,2007,8.130474
Paraguay,2008,10.154784
Paraguay,2009,2.5919468
Paraguay,2010,4.6511626
Paraguay,2011,8.253968
Paraguay,2012,3.675919
Paraguay,2013,2.6838574
Paraguay,2014,5.0288277
Paraguay,2015,3.1290028
Peru,2005,1.6163019
Peru,2006,2.002258
Peru,2007,1.7799865
Peru,2008,5.785876
Peru,2009,2.9362316
Peru,2010,1.5283206
Peru,2011,3.3693109
Peru,2012,3.611213
Peru,2013,2.7678967
Peru,2014,3.4119458
Peru,2015,3.398092
Philippines,2005,6.516854
Philippines,2006,5.485232
Philippines,2007,2.9
Philippines,2008,8.2604475
Philippines,2009,4.2190304
Philippines,2010,3.7898364
Philippines,2011,4.718417
Philippines,2012,3.026964
Philippines,2013,2.5826876
Philippines,2014,3.5978234
Philippines,2015,0.67419255
Poland,2005,2.1837988
Poland,2006,1.284694
Poland,2007,2.458743
Poland,2008,4.164972
Poland,2009,3.7953925
Poland,2010,2.5806937
Poland,2011,4.2394013
Poland,2012,3.5603714
Poland,2013,0.9919826
Poland,2014,0.053821314
Poland,2015,-0.8741259
Portugal,2005,2.277164
Portugal,2006,3.1076655
Portugal,2007,2.4539652
Portugal,2008,2.5885065
Portugal,2009,-0.83553004
Portugal,2010,1.4025729
Portugal,2011,3.653011
Portugal,2012,2.7733386
Portugal,2013,0.27441666
Portugal,2014,-0.27815336
Portugal,2015,0.4879386
Qatar,2005,8.814395
Qatar,2006,11.83581
Qatar,2007,13.7581625
Qatar,2008,15.050145
Qatar,2009,-4.863278
Qatar,2010,-2.4252567
Qatar,2011,1.1383662
Qatar,2012,2.3153486
Qatar,2013,3.2219775
Qatar,2014,3.349721
Qatar,2015,1.8140773
Romania,2005,9.014913
Romania,2006,6.558514
Romania,2007,4.8373294
Romania,2008,7.8508024
Romania,2009,5.58742
Romania,2010,6.091417
Romania,2011,5.789253
Romania,2012,3.3349228
Romania,2013,3.9847124
Romania,2014,1.0683099
Romania,2015,-0.59415644
Russia,2005,12.685304
Russia,2006,9.668654
Russia,2007,9.007298
Russia,2008,14.110767
Russia,2009,11.647329
Russia,2010,6.8493924
Russia,2011,8.440465
Russia,2012,5.074743
Russia,2013,6.7537103
Russia,2014,7.823412
Russia,2015,15.534405
Rwanda,2005,9.01409
Rwanda,2006,8.882827
Rwanda,2007,9.080722
Rwanda,2008,15.438214
Rwanda,2009,12.944398
Rwanda,2010,-0.2461287
Rwanda,2011,3.0801706
Rwanda,2012,10.271018
Rwanda,2013,5.9242687
Rwanda,2014,2.3544905
Rwanda,2015,2.528503
Saint Kitts and Nevis,2005,3.377819
Saint Kitts and Nevis,2006,8.487486
Saint Kitts and Nevis,2007,4.480886
Saint Kitts and Nevis,2008,5.300297
Saint Kitts and Nevis,2009,2.0579371
Saint Kitts and Nevis,2010,0.85087866
Saint Kitts and Nevis,2011,5.835165
Saint Kitts and Nevis,2012,0.8160893
Saint Kitts and Nevis,2013,1.1069856
Saint Kitts and Nevis,2014,0.2478654
Saint Kitts and Nevis,2015,-2.3018756
Saint Lucia,2005,3.8982737
Saint Lucia,2006,2.3956208
Saint Lucia,2007,2.8231037
Saint Lucia,2008,5.5495477
Saint Lucia,2009,-0.1569361
Saint Lucia,2010,3.250344
Saint Lucia,2011,2.769408
Saint Lucia,2012,4.1776357
Saint Lucia,2013,1.4685651
Saint Lucia,2014,3.5169556
Saint Lucia,2015,-0.983601
Saint Vincent and the Grenadines,2005,3.7334292
Saint Vincent and the Grenadines,2006,2.7406752
Saint Vincent and the Grenadines,2007,7.236147
Saint Vincent and the Grenadines,2008,10.066242
Saint Vincent and the Grenadines,2009,0.42153913
Saint Vincent and the Grenadines,2010,0.74710906
Saint Vincent and the Grenadines,2011,3.186031
Saint Vincent and the Grenadines,2012,2.5984442
Saint Vincent and the Grenadines,2013,0.8051278
Saint Vincent and the Grenadines,2014,0.19385856
Saint Vincent and the Grenadines,2015,-1.733612
Samoa,2005,1.856764
Samoa,2006,3.7000868
Samoa,2007,5.577064
Samoa,2008,11.565907
Samoa,2009,6.3249536
Samoa,2010,0.7770073
Samoa,2011,5.235416
Samoa,2012,2.0490189
Samoa,2013,0.6100857
Samoa,2014,-0.4068161
Samoa,2015,0.72447014
San Marino,2005,1.6854889
San Marino,2006,2.0952594
San Marino,2007,2.4989457
San Marino,2008,4.2932024
San Marino,2009,2.1995924
San Marino,2010,2.5854182
San Marino,2011,2.8997958
San Marino,2012,2.8273323
San Marino,2013,1.604393
San Marino,2014,1.1129631
San Marino,2015,0.14568608
Sao Tome and Principe,2005,17.152205
Sao Tome and Principe,2006,23.077038
Sao Tome and Principe,2007,18.548513
Sao Tome and Principe,2008,31.990105
Sao Tome and Principe,2009,16.957476
Sao Tome and Principe,2010,13.340053
Sao Tome and Principe,2011,14.327167
Sao Tome and Principe,2012,10.637936
Sao Tome and Principe,2013,8.105833
Sao Tome and Principe,2014,6.9984994
Sao Tome and Principe,2015,5.245878
Saudi Arabia,2005,0.4792304
Saudi Arabia,2006,2.2090242
Saudi Arabia,2007,4.1678233
Saudi Arabia,2008,9.870248
Saudi Arabia,2009,5.0572233
Saudi Arabia,2010,5.339417
Saudi Arabia,2011,5.826216
Saudi Arabia,2012,2.8662689
Saudi Arabia,2013,3.5325248
Saudi Arabia,2014,2.2362902
Saudi Arabia,2015,1.2060732
Senegal,2005,1.7113333
Senegal,2006,2.1122859
Senegal,2007,5.8533044
Senegal,2008,7.3472023
Senegal,2009,-2.2480214
Senegal,2010,1.2286812
Senegal,2011,3.4032283
Senegal,2012,1.4182287
Senegal,2013,0.7102455
Senegal,2014,-1.090255
Senegal,2015,0.13521193
Serbia,2005,16.11998
Serbia,2006,11.724023
Serbia,2007,6.3917065
Serbia,2008,12.410987
Serbia,2009,8.116951
Serbia,2010,6.142554
Serbia,2011,11.137398
Serbia,2012,7.3303857
Serbia,2013,7.6942635
Serbia,2014,2.082448
Serbia,2015,1.3923582
Seychelles,2005,0.9071877
Seychelles,2006,-0.3534655
Seychelles,2007,5.3206005
Seychelles,2008,36.96476
Seychelles,2009,31.75444
Seychelles,2010,-2.4046388
Seychelles,2011,2.5592678
Seychelles,2012,7.1103706
Seychelles,2013,4.3389387
Seychelles,2014,1.3858346
Seychelles,2015,4.041944
Sierra Leone,2007,11.649975
Sierra Leone,2008,8.211124
Sierra Leone,2009,7.469019
Sierra Leone,2010,7.1856627
Sierra Leone,2011,6.791383
Sierra Leone,2012,6.5877624
Sierra Leone,2013,5.524129
Sierra Leone,2014,4.639312
Sierra Leone,2015,6.6894355
Singapore,2005,0.4251063
Singapore,2006,0.9629018
Singapore,2007,2.10488
Singapore,2008,6.627782
Singapore,2009,0.5967203
Singapore,2010,2.8236613
Singapore,2011,5.247793
Singapore,2012,4.5756025
Singapore,2013,2.3586042
Singapore,2014,1.025148
Singapore,2015,-0.5226182
Sint Maarten (Dutch part),2006,0.3006012
Sint Maarten (Dutch part),2007,4.4324574
Sint Maarten (Dutch part),2008,-0.41792902
Sint Maarten (Dutch part),2009,5.957637
Sint Maarten (Dutch part),2010,1.3385762
Sint Maarten (Dutch part),2011,4.5847545
Sint Maarten (Dutch part),2012,4.0151844
Sint Maarten (Dutch part),2013,2.528648
Sint Maarten (Dutch part),2014,1.8867546
Sint Maarten (Dutch part),2015,0.33002716
Slovakia,2005,2.709085
Slovakia,2006,4.483331
Slovakia,2007,2.7567236
Slovakia,2008,4.59818
Slovakia,2009,1.6151047
Slovakia,2010,0.95701814
Slovakia,2011,3.919286
Slovakia,2012,3.6061027
Slovakia,2013,1.4004737
Slovakia,2014,-0.076165326
Slovakia,2015,-0.32521978
Slovenia,2005,2.4515014
Slovenia,2006,2.4579244
Slovenia,2007,3.6574957
Slovenia,2008,5.6474237
Slovenia,2009,0.83926225
Slovenia,2010,1.8011702
Slovenia,2011,1.8028517
Slovenia,2012,2.5974138
Slovenia,2013,1.7692008
Slovenia,2014,0.19934383
Slovenia,2015,-0.5255523
Solomon Islands,2005,7.330663
Solomon Islands,2006,11.219987
Solomon Islands,2007,7.66602
Solomon Islands,2008,17.320065
Solomon Islands,2009,7.092717
Solomon Islands,2010,1.0514816
Solomon Islands,2011,7.342707
Solomon Islands,2012,5.912006
Solomon Islands,2013,5.391364
Solomon Islands,2014,5.1659026
Solomon Islands,2015,-0.57446927
South Africa,2005,2.0628462
South Africa,2006,3.2439077
South Africa,2007,6.177807
South Africa,2008,10.074575
South Africa,2009,7.215314
South Africa,2010,4.08973
South Africa,2011,4.999267
South Africa,2012,5.724658
South Africa,2013,5.784469
South Africa,2014,6.1298375
South Africa,2015,4.5406423
South Asia (WB),2005,6.9414754
South Asia (WB),2006,6.774929
South Asia (WB),2007,7.196729
South Asia (WB),2008,10.974645
South Asia (WB),2009,4.9768243
South Asia (WB),2010,7.5815296
South Asia (WB),2011,10.250245
South Asia (WB),2012,9.469403
South Asia (WB),2013,7.6112814
South Asia (WB),2014,6.8286476
South Asia (WB),2015,4.158256
South Korea,2005,2.7537916
South Korea,2006,2.2423403
South Korea,2007,2.5345738
South Korea,2008,4.673897
South Korea,2009,2.7564964
South Korea,2010,2.9392865
South Korea,2011,4.025965
South Korea,2012,2.187071
South Korea,2013,1.3013475
South Korea,2014,1.2747744
South Korea,2015,0.7063318
South Sudan,2009,5.0062737
South Sudan,2010,1.1696218
South Sudan,2011,46.852177
South Sudan,2012,45.525898
South Sudan,2013,-0.058090977
South Sudan,2014,1.6742991
South Sudan,2015,52.76633
Spain,2005,3.368814
Spain,2006,3.515576
Spain,2007,2.7867975
Spain,2008,4.075343
Spain,2009,-0.2878131
Spain,2010,1.7998645
Spain,2011,3.196102
Spain,2012,2.446128
Spain,2013,1.4085811
Spain,2014,-0.15111484
Spain,2015,-0.50036573
Sri Lanka,2005,11.639686
Sri Lanka,2006,10.020184
Sri Lanka,2007,15.842112
Sri Lanka,2008,22.564495
Sri Lanka,2009,3.4649632
Sri Lanka,2010,6.217649
Sri Lanka,2011,6.7167683
Sri Lanka,2012,7.542914
Sri Lanka,2013,6.90845
Sri Lanka,2014,3.1790023
Sri Lanka,2015,3.7683678
Sub-Saharan Africa (WB),2005,6.4275527
Sub-Saharan Africa (WB),2006,6.537844
Sub-Saharan Africa (WB),2007,6.786698
Sub-Saharan Africa (WB),2008,10.378525
Sub-Saharan Africa (WB),2009,5.0062737
Sub-Saharan Africa (WB),2010,4.0331416
Sub-Saharan Africa (WB),2011,5.366211
Sub-Saharan Africa (WB),2012,6.581831
Sub-Saharan Africa (WB),2013,4.885164
Sub-Saharan Africa (WB),2014,4.402253
Sub-Saharan Africa (WB),2015,3.5507598
Sudan,2005,8.505851
Sudan,2006,7.19913
Sudan,2007,14.754277
Sudan,2008,14.297122
Sudan,2009,11.256759
Sudan,2010,12.977667
Sudan,2011,18.096617
Sudan,2012,35.55906
Sudan,2013,36.522346
Sudan,2014,36.906643
Sudan,2015,16.90957
Suriname,2005,9.898005
Suriname,2006,11.281304
Suriname,2007,6.4262795
Suriname,2008,14.667143
Suriname,2009,-0.13363665
Suriname,2010,6.941082
Suriname,2011,17.71178
Suriname,2012,5.006863
Suriname,2013,1.923436
Suriname,2014,3.3834128
Suriname,2015,6.8939037
Sweden,2005,0.45317087
Sweden,2006,1.3602147
Sweden,2007,2.212169
Sweden,2008,3.4370492
Sweden,2009,-0.49446055
Sweden,2010,1.1579881
Sweden,2011,2.9611506
Sweden,2012,0.8883775
Sweden,2013,-0.04429297
Sweden,2014,-0.17963849
Sweden,2015,-0.046784744
Switzerland,2005,1.1719542
Switzerland,2006,1.0595093
Switzerland,2007,0.7323506
Switzerland,2008,2.4260411
Switzerland,2009,-0.48048192
Switzerland,2010,0.6882387
Switzerland,2011,0.23134921
Switzerland,2012,-0.69255203
Switzerland,2013,-0.21732315
Switzerland,2014,-0.013202539
Switzerland,2015,-1.1439086
Syria,2005,7.2403493
Syria,2006,10.024111
Syria,2007,3.9077096
Syria,2008,15.745325
Syria,2009,2.920897
Syria,2010,4.3974137
Syria,2011,4.753164
Syria,2012,36.702297
Syria,2013,40.031837
Syria,2014,10.9271145
Syria,2015,38.461143
Tajikistan,2005,7.0919323
Tajikistan,2006,10.010865
Tajikistan,2007,13.149125
Tajikistan,2008,20.470522
Tajikistan,2009,6.448235
Tajikistan,2010,6.4453144
Tajikistan,2011,12.431549
Tajikistan,2012,5.831166
Tajikistan,2013,5.0096464
Tajikistan,2014,6.104428
Tajikistan,2015,5.7145596
Tanzania,2005,5.03457
Tanzania,2006,7.2509727
Tanzania,2007,7.0255146
Tanzania,2008,10.278394
Tanzania,2009,12.142228
Tanzania,2010,6.2001557
Tanzania,2011,12.690969
Tanzania,2012,16.001093
Tanzania,2013,7.8707237
Tanzania,2014,6.131614
Tanzania,2015,5.5881696
Thailand,2005,4.540369
Thailand,2006,4.6374745
Thailand,2007,2.241541
Thailand,2008,5.4684896
Thailand,2009,-0.8457161
Thailand,2010,3.2475884
Thailand,2011,3.8087907
Thailand,2012,3.0148995
Thailand,2013,2.1848862
Thailand,2014,1.8951418
Thailand,2015,-0.90042496
Togo,2005,6.782929
Togo,2006,2.2289777
Togo,2007,0.9456733
Togo,2008,8.694828
Togo,2009,3.7136059
Togo,2010,1.4459451
Togo,2011,3.5635147
Togo,2012,2.5771818
Togo,2013,1.8253947
Togo,2014,0.19087508
Togo,2015,2.5850039
Tonga,2005,8.665692
Tonga,2006,6.149116
Tonga,2007,5.842249
Tonga,2008,10.446987
Tonga,2009,1.4268597
Tonga,2010,3.5349123
Tonga,2011,6.270753
Tonga,2012,1.1475385
Tonga,2013,0.77562934
Tonga,2014,2.5108764
Tonga,2015,-1.0539984
Trinidad and Tobago,2005,6.8745346
Trinidad and Tobago,2006,8.329603
Trinidad and Tobago,2007,7.894388
Trinidad and Tobago,2008,12.030345
Trinidad and Tobago,2009,6.9780874
Trinidad and Tobago,2010,10.5492
Trinidad and Tobago,2011,5.107133
Trinidad and Tobago,2012,9.260282
Trinidad and Tobago,2013,5.199817
Trinidad and Tobago,2014,5.684418
Trinidad and Tobago,2015,4.661216
Tunisia,2005,2.0177865
Tunisia,2006,3.2252533
Tunisia,2007,2.9669442
Tunisia,2008,4.345028
Tunisia,2009,3.6649034
Tunisia,2010,3.3389797
Tunisia,2011,3.2400284
Tunisia,2012,4.6118445
Tunisia,2013,5.3162355
Tunisia,2014,4.625551
Tunisia,2015,4.4373713
Turkey,2005,8.17916
Turkey,2006,9.597242
Turkey,2007,8.756181
Turkey,2008,10.444128
Turkey,2009,6.2509766
Turkey,2010,8.566444
Turkey,2011,6.4718795
Turkey,2012,8.89157
Turkey,2013,7.49309
Turkey,2014,8.854572
Turkey,2015,7.6708536
Tuvalu,2011,0.5005807
Uganda,2005,8.448727
Uganda,2006,7.310676
Uganda,2007,6.1385107
Uganda,2008,12.050856
Uganda,2009,13.017256
Uganda,2010,3.976553
Uganda,2011,16.56435
Uganda,2012,12.679038
Uganda,2013,4.9052086
Uganda,2014,3.0757067
Uganda,2015,5.589686
Ukraine,2005,13.569576
Ukraine,2006,9.052525
Ukraine,2007,12.838779
Ukraine,2008,25.226461
Ukraine,2009,15.881192
Ukraine,2010,9.3729315
Ukraine,2011,7.9557247
Ukraine,2012,0.56872797
Ukraine,2013,-0.23894863
Ukraine,2014,12.0718565
Ukraine,2015,48.699863
United Arab Emirates,2008,12.250421
United Arab Emirates,2009,1.5618131
United Arab Emirates,2010,0.8779833
United Arab Emirates,2011,0.8773466
United Arab Emirates,2012,0.6622689
United Arab Emirates,2013,1.1011183
United Arab Emirates,2014,2.3462687
United Arab Emirates,2015,4.0699663
United Kingdom,2005,2.0891366
United Kingdom,2006,2.4556618
United Kingdom,2007,2.3865614
United Kingdom,2008,3.5214086
United Kingdom,2009,1.9617318
United Kingdom,2010,2.4926548
United Kingdom,2011,3.8561125
United Kingdom,2012,2.5732348
United Kingdom,2013,2.2916667
United Kingdom,2014,1.4511201
United Kingdom,2015,0.36804685
United States,2005,3.392747
United States,2006,3.225944
United States,2007,2.8526726
United States,2008,3.8391004
United States,2009,-0.35554627
United States,2010,1.6400435
United States,2011,3.1568415
United States,2012,2.0693374
United States,2013,1.4648327
United States,2014,1.622223
United States,2015,0.11862714
Upper-middle-income countries,2005,4.6909485
Upper-middle-income countries,2006,4.4158998
Upper-middle-income countries,2007,5.842249
Upper-middle-income countries,2008,9.732284
Upper-middle-income countries,2009,2.9362316
Upper-middle-income countries,2010,3.911062
Upper-middle-income countries,2011,5.6753335
Upper-middle-income countries,2012,3.7818077
Upper-middle-income countries,2013,2.7678967
Upper-middle-income countries,2014,3.1429906
Upper-middle-income countries,2015,2.3887203
Uruguay,2005,4.6992774
Uruguay,2006,6.39765
Uruguay,2007,8.114646
Uruguay,2008,7.877074
Uruguay,2009,7.0622187
Uruguay,2010,6.698709
Uruguay,2011,8.092832
Uruguay,2012,8.097766
Uruguay,2013,8.575135
Uruguay,2014,8.877354
Uruguay,2015,8.66627
Uzbekistan,2011,13.779745
Uzbekistan,2012,13.208802
Uzbekistan,2013,11.841434
Uzbekistan,2014,9.283093
Uzbekistan,2015,8.751882
Vanuatu,2005,1.1992005
Vanuatu,2006,2.0408163
Vanuatu,2007,3.935484
Vanuatu,2008,4.8417134
Vanuatu,2009,4.2970657
Vanuatu,2010,2.7626946
Vanuatu,2011,0.8737931
Vanuatu,2012,1.3474036
Vanuatu,2013,1.4589337
Vanuatu,2014,0.7988638
Vanuatu,2015,2.4832687
Venezuela,2009,27.080942
Venezuela,2010,28.187464
Venezuela,2011,26.090212
Venezuela,2012,21.068996
Venezuela,2013,40.639427
Venezuela,2014,62.16865
Venezuela,2015,121.73808
Vietnam,2005,8.284573
Vietnam,2006,7.4180174
Vietnam,2007,8.344449
Vietnam,2008,23.115448
Vietnam,2009,6.716983
Vietnam,2010,9.207466
Vietnam,2011,18.677732
Vietnam,2012,9.094704
Vietnam,2013,6.5926747
Vietnam,2014,4.0845547
Vietnam,2015,0.6312009
World,2005,4.1072507
World,2006,4.2671747
World,2007,4.810237
World,2008,8.949953
World,2009,2.8604486
World,2010,3.3263447
World,2011,4.8223963
World,2012,3.7253268
World,2013,2.6516733
World,2014,2.3544905
World,2015,1.4438572
Yemen,2005,11.811264
Yemen,2006,10.844799
Yemen,2007,7.905118
Yemen,2008,18.976257
Yemen,2009,5.407761
Yemen,2010,11.174834
Yemen,2011,19.543562
Yemen,2012,9.885387
Yemen,2013,10.968442
Yemen,2014,8.104726
Zambia,2005,18.32444
Zambia,2006,9.019572
Zambia,2007,10.65735
Zambia,2008,12.44558
Zambia,2009,13.395255
Zambia,2010,8.501761
Zambia,2011,6.4293966
Zambia,2012,6.5758996
Zambia,2013,6.977676
Zambia,2014,7.8068757
Zambia,2015,10.110593
Zimbabwe,2010,3.02267
Zimbabwe,2011,3.4661298
Zimbabwe,2012,3.7253268
Zimbabwe,2013,1.6349504
Zimbabwe,2014,-0.19778481
Zimbabwe,2015,-2.4309685
