country,date,UN_rGDP,WDI_rGDP,COM
JPN,2020,530009523.98525274,529728706.0616163,32086600.0
JPN,2020,530009523.98525274,529728706.0616163,215934.35
JPN,2020,530009523.98525274,529728706.0616163,47931900.0
JPN,2020,530009523.98525274,529728706.0616163,130623.784
JPN,2020,530009523.98525274,529728706.0616163,283079000.0
JPN,2020,530009523.98525274,529728706.0616163,550754.672
JPN,2020,530009523.98525274,529728706.0616163,55251600.0
JPN,2020,530009523.98525274,529728706.0616163,239655800.0
JPN,2020,530009523.98525274,529728706.0616163,448907.399
JPN,2020,530009523.98525274,529728706.0616163,2546300.0
JPN,2020,530009523.98525274,529728706.0616163,60670500.0
JPN,2020,530009523.98525274,529728706.0616163,13947300.0
JPN,2020,530009523.98525274,529728706.0616163,589319.093
JPN,2020,530009523.98525274,529728706.0616163,418668.929
JPN,2020,530009523.98525274,529728706.0616163,101310.628
JPN,2020,530009523.98525274,529728706.0616163,13617300.0
JPN,2020,530009523.98525274,529728706.0616163,517460.231
JPN,2020,530009523.98525274,529728706.0616163,1980869.375
JPN,2020,530009523.98525274,529728706.0616163,406680.121
JPN,2020,530009523.98525274,529728706.0616163,62924300.0
JPN,2020,530009523.98525274,529728706.0616163,357400.0
JPN,2020,530009523.98525274,529728706.0616163,10817400.0
JPN,2020,530009523.98525274,529728706.0616163,3347.239
JPN,2020,530009523.98525274,529728706.0616163,58806600.0
JPN,2020,530009523.98525274,529728706.0616163,3228700.0
JPN,2020,530009523.98525274,529728706.0616163,4606300.0
JPN,2020,530009523.98525274,529728706.0616163,23847.436
JPN,2020,530009523.98525274,529728706.0616163,211506500.0
JPN,2020,530009523.98525274,529728706.0616163,43423100.0
JPN,2020,530009523.98525274,529728706.0616163,5054068.005
JPN,2020,530009523.98525274,529728706.0616163,44703200.0
JPN,2020,530009523.98525274,529728706.0616163,127533.161
JPN,2020,530009523.98525274,529728706.0616163,2651183.4
JPN,2020,530009523.98525274,529728706.0616163,30238.47
JPN,2020,530009523.98525274,529728706.0616163,2244502.342
JPN,2020,530009523.98525274,529728706.0616163,568211.073
JPN,2020,530009523.98525274,529728706.0616163,539646000.0
JPN,2020,530009523.98525274,529728706.0616163,300507.849
JPN,2020,530009523.98525274,529728706.0616163,23056300.0
JPN,2020,530009523.98525274,529728706.0616163,43140.417
JPN,2019,555481158.5083491,552647661.6869532,32779800.0
JPN,2019,555481158.5083491,552647661.6869532,214585.558
JPN,2019,555481158.5083491,552647661.6869532,46470300.0
JPN,2019,555481158.5083491,552647661.6869532,129740.788
JPN,2019,555481158.5083491,552647661.6869532,286784600.0
JPN,2019,555481158.5083491,552647661.6869532,556578.167
JPN,2019,555481158.5083491,552647661.6869532,57133000.0
JPN,2019,555481158.5083491,552647661.6869532,243074800.0
JPN,2019,555481158.5083491,552647661.6869532,426295.225
JPN,2019,555481158.5083491,552647661.6869532,2794800.0
JPN,2019,555481158.5083491,552647661.6869532,60115400.0
JPN,2019,555481158.5083491,552647661.6869532,14143000.0
JPN,2019,555481158.5083491,552647661.6869532,594192.262
JPN,2019,555481158.5083491,552647661.6869532,398550.896
JPN,2019,555481158.5083491,552647661.6869532,96929.937
JPN,2019,555481158.5083491,552647661.6869532,13246200.0
JPN,2019,555481158.5083491,552647661.6869532,524109.486
JPN,2019,555481158.5083491,552647661.6869532,2084541.753
JPN,2019,555481158.5083491,552647661.6869532,400971.782
JPN,2019,555481158.5083491,552647661.6869532,64772700.0
JPN,2019,555481158.5083491,552647661.6869532,445100.0
JPN,2019,555481158.5083491,552647661.6869532,10566300.0
JPN,2019,555481158.5083491,552647661.6869532,4083.124
JPN,2019,555481158.5083491,552647661.6869532,60672400.0
JPN,2019,555481158.5083491,552647661.6869532,3024300.0
JPN,2019,555481158.5083491,552647661.6869532,4302200.0
JPN,2019,555481158.5083491,552647661.6869532,25638.093
JPN,2019,555481158.5083491,552647661.6869532,227235200.0
JPN,2019,555481158.5083491,552647661.6869532,43709800.0
JPN,2019,555481158.5083491,552647661.6869532,5117993.853
JPN,2019,555481158.5083491,552647661.6869532,43445900.0
JPN,2019,555481158.5083491,552647661.6869532,121513.995
JPN,2019,555481158.5083491,552647661.6869532,2630818.08
JPN,2019,555481158.5083491,552647661.6869532,27743.411
JPN,2019,555481158.5083491,552647661.6869532,2229846.298
JPN,2019,555481158.5083491,552647661.6869532,551468.528
JPN,2019,555481158.5083491,552647661.6869532,557910800.0
JPN,2019,555481158.5083491,552647661.6869532,300705.444
JPN,2019,555481158.5083491,552647661.6869532,23391900.0
JPN,2019,555481158.5083491,552647661.6869532,39466.225
JPN,2018,553983714.7934777,554879214.991907,31548800.0
JPN,2018,553983714.7934777,554879214.991907,201220.433
JPN,2018,553983714.7934777,554879214.991907,45914800.0
JPN,2018,553983714.7934777,554879214.991907,120756.349
JPN,2018,553983714.7934777,554879214.991907,281235300.0
JPN,2018,553983714.7934777,554879214.991907,545668.947
JPN,2018,553983714.7934777,554879214.991907,56734600.0
JPN,2018,553983714.7934777,554879214.991907,238532800.0
JPN,2018,553983714.7934777,554879214.991907,415807.625
JPN,2018,553983714.7934777,554879214.991907,2696000.0
JPN,2018,553983714.7934777,554879214.991907,59623000.0
JPN,2018,553983714.7934777,554879214.991907,13334300.0
JPN,2018,553983714.7934777,554879214.991907,585718.509
JPN,2018,553983714.7934777,554879214.991907,389198.176
JPN,2018,553983714.7934777,554879214.991907,97221.435
JPN,2018,553983714.7934777,554879214.991907,11958700.0
JPN,2018,553983714.7934777,554879214.991907,513792.488
JPN,2018,553983714.7934777,554879214.991907,2104220.34
JPN,2018,553983714.7934777,554879214.991907,386716.813
JPN,2018,553983714.7934777,554879214.991907,64676900.0
JPN,2018,553983714.7934777,554879214.991907,63600.0
JPN,2018,553983714.7934777,554879214.991907,10735500.0
JPN,2018,553983714.7934777,554879214.991907,575.966
JPN,2018,553983714.7934777,554879214.991907,60254500.0
JPN,2018,553983714.7934777,554879214.991907,2938200.0
JPN,2018,553983714.7934777,554879214.991907,4188300.0
JPN,2018,553983714.7934777,554879214.991907,24415.164
JPN,2018,553983714.7934777,554879214.991907,232354700.0
JPN,2018,553983714.7934777,554879214.991907,42702500.0
JPN,2018,553983714.7934777,554879214.991907,5040880.939
JPN,2018,553983714.7934777,554879214.991907,42976500.0
JPN,2018,553983714.7934777,554879214.991907,108298.82
JPN,2018,553983714.7934777,554879214.991907,2546886.457
JPN,2018,553983714.7934777,554879214.991907,26608.544
JPN,2018,553983714.7934777,554879214.991907,2160169.644
JPN,2018,553983714.7934777,554879214.991907,539950.039
JPN,2018,553983714.7934777,554879214.991907,556630100.0
JPN,2018,553983714.7934777,554879214.991907,285708.129
JPN,2018,553983714.7934777,554879214.991907,22219400.0
JPN,2018,553983714.7934777,554879214.991907,37929.536
JPN,2017,550904975.3129588,551331994.4302777,30186400.0
JPN,2017,550904975.3129588,551331994.4302777,182881.392
JPN,2017,550904975.3129588,551331994.4302777,45525700.0
JPN,2017,550904975.3129588,551331994.4302777,117576.48
JPN,2017,550904975.3129588,551331994.4302777,271992200.0
JPN,2017,550904975.3129588,551331994.4302777,518381.032
JPN,2017,550904975.3129588,551331994.4302777,54643000.0
JPN,2017,550904975.3129588,551331994.4302777,230363300.0
JPN,2017,550904975.3129588,551331994.4302777,405877.385
JPN,2017,550904975.3129588,551331994.4302777,2302500.0
JPN,2017,550904975.3129588,551331994.4302777,58648200.0
JPN,2017,550904975.3129588,551331994.4302777,13188100.0
JPN,2017,550904975.3129588,551331994.4302777,556119.694
JPN,2017,550904975.3129588,551331994.4302777,379067.155
JPN,2017,550904975.3129588,551331994.4302777,99047.715
JPN,2017,550904975.3129588,551331994.4302777,11422000.0
JPN,2017,550904975.3129588,551331994.4302777,487161.272
JPN,2017,550904975.3129588,551331994.4302777,2128048.604
JPN,2017,550904975.3129588,551331994.4302777,371135.171
JPN,2017,550904975.3129588,551331994.4302777,62377800.0
JPN,2017,550904975.3129588,551331994.4302777,-132600.0
JPN,2017,550904975.3129588,551331994.4302777,11109800.0
JPN,2017,550904975.3129588,551331994.4302777,-1182.175
JPN,2017,550904975.3129588,551331994.4302777,58144800.0
JPN,2017,550904975.3129588,551331994.4302777,3007200.0
JPN,2017,550904975.3129588,551331994.4302777,4099400.0
JPN,2017,550904975.3129588,551331994.4302777,20527.585
JPN,2017,550904975.3129588,551331994.4302777,238695000.0
JPN,2017,550904975.3129588,551331994.4302777,41628800.0
JPN,2017,550904975.3129588,551331994.4302777,4930837.369
JPN,2017,550904975.3129588,551331994.4302777,42518500.0
JPN,2017,550904975.3129588,551331994.4302777,101831.086
JPN,2017,550904975.3129588,551331994.4302777,2424904.676
JPN,2017,550904975.3129588,551331994.4302777,26810.23
JPN,2017,550904975.3129588,551331994.4302777,2053768.613
JPN,2017,550904975.3129588,551331994.4302777,522869.018
JPN,2017,550904975.3129588,551331994.4302777,553073000.0
JPN,2017,550904975.3129588,551331994.4302777,269122.212
JPN,2017,550904975.3129588,551331994.4302777,20513100.0
JPN,2017,550904975.3129588,551331994.4302777,36547.571
JPN,2016,541827566.0593442,542247549.0681143,29144200.0
JPN,2016,541827566.0593442,542247549.0681143,183419.138
JPN,2016,541827566.0593442,542247549.0681143,45205700.0
JPN,2016,541827566.0593442,542247549.0681143,117449.76
JPN,2016,541827566.0593442,542247549.0681143,267291800.0
JPN,2016,541827566.0593442,542247549.0681143,523687.667
JPN,2016,541827566.0593442,542247549.0681143,53493100.0
JPN,2016,541827566.0593442,542247549.0681143,226699900.0
JPN,2016,541827566.0593442,542247549.0681143,415520.682
JPN,2016,541827566.0593442,542247549.0681143,2346700.0
JPN,2016,541827566.0593442,542247549.0681143,58230300.0
JPN,2016,541827566.0593442,542247549.0681143,12777700.0
JPN,2016,541827566.0593442,542247549.0681143,568591.332
JPN,2016,541827566.0593442,542247549.0681143,385507.694
JPN,2016,541827566.0593442,542247549.0681143,96168.04
JPN,2016,541827566.0593442,542247549.0681143,11330900.0
JPN,2016,541827566.0593442,542247549.0681143,491696.609
JPN,2016,541827566.0593442,542247549.0681143,2161523.407
JPN,2016,541827566.0593442,542247549.0681143,373111.664
JPN,2016,541827566.0593442,542247549.0681143,61858700.0
JPN,2016,541827566.0593442,542247549.0681143,-26100.0
JPN,2016,541827566.0593442,542247549.0681143,10462400.0
JPN,2016,541827566.0593442,542247549.0681143,-239.905
JPN,2016,541827566.0593442,542247549.0681143,56973500.0
JPN,2016,541827566.0593442,542247549.0681143,3265100.0
JPN,2016,541827566.0593442,542247549.0681143,4212600.0
JPN,2016,541827566.0593442,542247549.0681143,21570.341
JPN,2016,541827566.0593442,542247549.0681143,235158400.0
JPN,2016,541827566.0593442,542247549.0681143,40591900.0
JPN,2016,541827566.0593442,542247549.0681143,5003677.628
JPN,2016,541827566.0593442,542247549.0681143,41940500.0
JPN,2016,541827566.0593442,542247549.0681143,104151.098
JPN,2016,541827566.0593442,542247549.0681143,2456886.432
JPN,2016,541827566.0593442,542247549.0681143,30012.069
JPN,2016,541827566.0593442,542247549.0681143,2083774.767
JPN,2016,541827566.0593442,542247549.0681143,535239.891
JPN,2016,541827566.0593442,542247549.0681143,544364600.0
JPN,2016,541827566.0593442,542247549.0681143,267886.967
JPN,2016,541827566.0593442,542247549.0681143,19954700.0
JPN,2016,541827566.0593442,542247549.0681143,38721.277
JPN,2015,537773684.1957245,538190524.947144,27929200.0
JPN,2015,537773684.1957245,538190524.947144,163788.34
JPN,2015,537773684.1957245,538190524.947144,44861900.0
JPN,2015,537773684.1957245,538190524.947144,104671.833
JPN,2015,537773684.1957245,538190524.947144,260504900.0
JPN,2015,537773684.1957245,538190524.947144,461451.936
JPN,2015,537773684.1957245,538190524.947144,52387900.0
JPN,2015,537773684.1957245,538190524.947144,221088600.0
JPN,2015,537773684.1957245,538190524.947144,370624.653
JPN,2015,537773684.1957245,538190524.947144,2213400.0
JPN,2015,537773684.1957245,538190524.947144,56716400.0
JPN,2015,537773684.1957245,538190524.947144,12669900.0
JPN,2015,537773684.1957245,538190524.947144,498537.616
JPN,2015,537773684.1957245,538190524.947144,343373.411
JPN,2015,537773684.1957245,538190524.947144,81859.472
JPN,2015,537773684.1957245,538190524.947144,11183300.0
JPN,2015,537773684.1957245,538190524.947144,432800.377
JPN,2015,537773684.1957245,538190524.947144,1948980.949
JPN,2015,537773684.1957245,538190524.947144,325636.063
JPN,2015,537773684.1957245,538190524.947144,60345000.0
JPN,2015,537773684.1957245,538190524.947144,51600.0
JPN,2015,537773684.1957245,538190524.947144,9908600.0
JPN,2015,537773684.1957245,538190524.947144,426.291
JPN,2015,537773684.1957245,538190524.947144,55856000.0
JPN,2015,537773684.1957245,538190524.947144,3298600.0
JPN,2015,537773684.1957245,538190524.947144,3857600.0
JPN,2015,537773684.1957245,538190524.947144,18285.909
JPN,2015,537773684.1957245,538190524.947144,235912500.0
JPN,2015,537773684.1957245,538190524.947144,39416300.0
JPN,2015,537773684.1957245,538190524.947144,4444930.652
JPN,2015,537773684.1957245,538190524.947144,41563300.0
JPN,2015,537773684.1957245,538190524.947144,92390.351
JPN,2015,537773684.1957245,538190524.947144,2152150.001
JPN,2015,537773684.1957245,538190524.947144,27251.242
JPN,2015,537773684.1957245,538190524.947144,1826513.938
JPN,2015,537773684.1957245,538190524.947144,468560.094
JPN,2015,537773684.1957245,538190524.947144,538032300.0
JPN,2015,537773684.1957245,538190524.947144,230735.882
JPN,2015,537773684.1957245,538190524.947144,19825600.0
JPN,2015,537773684.1957245,538190524.947144,31869.396
JPN,2014,529510009.6231806,529920445.0107746,27685700.0
JPN,2014,529510009.6231806,529920445.0107746,188264.111
JPN,2014,529510009.6231806,529920445.0107746,41014600.0
JPN,2014,529510009.6231806,529920445.0107746,120428.773
JPN,2014,529510009.6231806,529920445.0107746,257408000.0
JPN,2014,529510009.6231806,529920445.0107746,514776.655
JPN,2014,529510009.6231806,529920445.0107746,51065000.0
JPN,2014,529510009.6231806,529920445.0107746,219146300.0
JPN,2014,529510009.6231806,529920445.0107746,387131.859
JPN,2014,529510009.6231806,529920445.0107746,2214600.0
JPN,2014,529510009.6231806,529920445.0107746,55057700.0
JPN,2014,529510009.6231806,529920445.0107746,12758800.0
JPN,2014,529510009.6231806,529920445.0107746,577721.709
JPN,2014,529510009.6231806,529920445.0107746,356017.537
JPN,2014,529510009.6231806,529920445.0107746,90039.357
JPN,2014,529510009.6231806,529920445.0107746,10741600.0
JPN,2014,529510009.6231806,529920445.0107746,481996.371
JPN,2014,529510009.6231806,529920445.0107746,2109591.41
JPN,2014,529510009.6231806,529920445.0107746,361148.512
JPN,2014,529510009.6231806,529920445.0107746,61206600.0
JPN,2014,529510009.6231806,529920445.0107746,184600.0
JPN,2014,529510009.6231806,529920445.0107746,9539200.0
JPN,2014,529510009.6231806,529920445.0107746,1742.417
JPN,2014,529510009.6231806,529920445.0107746,54537900.0
JPN,2014,529510009.6231806,529920445.0107746,3296400.0
JPN,2014,529510009.6231806,529920445.0107746,3720400.0
JPN,2014,529510009.6231806,529920445.0107746,20903.342
JPN,2014,529510009.6231806,529920445.0107746,223500200.0
JPN,2014,529510009.6231806,529920445.0107746,38261800.0
JPN,2014,529510009.6231806,529920445.0107746,4896994.405
JPN,2014,529510009.6231806,529920445.0107746,37718200.0
JPN,2014,529510009.6231806,529920445.0107746,101388.666
JPN,2014,529510009.6231806,529920445.0107746,2429643.041
JPN,2014,529510009.6231806,529920445.0107746,31114.322
JPN,2014,529510009.6231806,529920445.0107746,2068495.473
JPN,2014,529510009.6231806,529920445.0107746,519682.985
JPN,2014,529510009.6231806,529920445.0107746,518811000.0
JPN,2014,529510009.6231806,529920445.0107746,261321.98
JPN,2014,529510009.6231806,529920445.0107746,19945600.0
JPN,2014,529510009.6231806,529920445.0107746,35116.407
JPN,2013,527946203.85620517,528355427.1014284,27330000.0
JPN,2013,527946203.85620517,528355427.1014284,197496.491
JPN,2013,527946203.85620517,528355427.1014284,36594000.0
JPN,2013,527946203.85620517,528355427.1014284,131677.989
JPN,2013,527946203.85620517,528355427.1014284,253202100.0
JPN,2013,527946203.85620517,528355427.1014284,544843.909
JPN,2013,527946203.85620517,528355427.1014284,49723600.0
JPN,2013,527946203.85620517,528355427.1014284,216136200.0
JPN,2013,527946203.85620517,528355427.1014284,374955.204
JPN,2013,527946203.85620517,528355427.1014284,2081300.0
JPN,2013,527946203.85620517,528355427.1014284,54041400.0
JPN,2013,527946203.85620517,528355427.1014284,12851200.0
JPN,2013,527946203.85620517,528355427.1014284,623305.392
JPN,2013,527946203.85620517,528355427.1014284,339624.739
JPN,2013,527946203.85620517,528355427.1014284,103463.619
JPN,2013,527946203.85620517,528355427.1014284,10088400.0
JPN,2013,527946203.85620517,528355427.1014284,509485.779
JPN,2013,527946203.85620517,528355427.1014284,2279948.759
JPN,2013,527946203.85620517,528355427.1014284,379790.46
JPN,2013,527946203.85620517,528355427.1014284,60831900.0
JPN,2013,527946203.85620517,528355427.1014284,-160600.0
JPN,2013,527946203.85620517,528355427.1014284,10097600.0
JPN,2013,527946203.85620517,528355427.1014284,-1645.565
JPN,2013,527946203.85620517,528355427.1014284,53174400.0
JPN,2013,527946203.85620517,528355427.1014284,3448200.0
JPN,2013,527946203.85620517,528355427.1014284,3431300.0
JPN,2013,527946203.85620517,528355427.1014284,21325.744
JPN,2013,527946203.85620517,528355427.1014284,222513100.0
JPN,2013,527946203.85620517,528355427.1014284,37065900.0
JPN,2013,527946203.85620517,528355427.1014284,5212328.181
JPN,2013,527946203.85620517,528355427.1014284,33145900.0
JPN,2013,527946203.85620517,528355427.1014284,103369.352
JPN,2013,527946203.85620517,528355427.1014284,2594399.223
JPN,2013,527946203.85620517,528355427.1014284,35331.49
JPN,2013,527946203.85620517,528355427.1014284,2214608.762
JPN,2013,527946203.85620517,528355427.1014284,553727.501
JPN,2013,527946203.85620517,528355427.1014284,508700600.0
JPN,2013,527946203.85620517,528355427.1014284,280032.949
JPN,2013,527946203.85620517,528355427.1014284,19274800.0
JPN,2013,527946203.85620517,528355427.1014284,35158.326
JPN,2012,517568438.1870401,517969617.3875621,25674600.0
JPN,2012,517568438.1870401,517969617.3875621,244387.626
JPN,2012,517568438.1870401,517969617.3875621,36115000.0
JPN,2012,517568438.1870401,517969617.3875621,162578.343
JPN,2012,517568438.1870401,517969617.3875621,251514100.0
JPN,2012,517568438.1870401,517969617.3875621,667111.119
JPN,2012,517568438.1870401,517969617.3875621,49671400.0
JPN,2012,517568438.1870401,517969617.3875621,214996100.0
JPN,2012,517568438.1870401,517969617.3875621,452623.059
JPN,2012,517568438.1870401,517969617.3875621,2048900.0
JPN,2012,517568438.1870401,517969617.3875621,54220100.0
JPN,2012,517568438.1870401,517969617.3875621,12972200.0
JPN,2012,517568438.1870401,517969617.3875621,757204.602
JPN,2012,517568438.1870401,517969617.3875621,413177.238
JPN,2012,517568438.1870401,517969617.3875621,125065.084
JPN,2012,517568438.1870401,517969617.3875621,9950000.0
JPN,2012,517568438.1870401,517969617.3875621,622523.079
JPN,2012,517568438.1870401,517969617.3875621,2707288.721
JPN,2012,517568438.1870401,517969617.3875621,457672.535
JPN,2012,517568438.1870401,517969617.3875621,60417700.0
JPN,2012,517568438.1870401,517969617.3875621,-22800.0
JPN,2012,517568438.1870401,517969617.3875621,9979000.0
JPN,2012,517568438.1870401,517969617.3875621,-285.748
JPN,2012,517568438.1870401,517969617.3875621,53229100.0
JPN,2012,517568438.1870401,517969617.3875621,3147400.0
JPN,2012,517568438.1870401,517969617.3875621,3522600.0
JPN,2012,517568438.1870401,517969617.3875621,25678.51
JPN,2012,517568438.1870401,517969617.3875621,216015800.0
JPN,2012,517568438.1870401,517969617.3875621,36517900.0
JPN,2012,517568438.1870401,517969617.3875621,6272362.996
JPN,2012,517568438.1870401,517969617.3875621,32967600.0
JPN,2012,517568438.1870401,517969617.3875621,124701.632
JPN,2012,517568438.1870401,517969617.3875621,3152182.785
JPN,2012,517568438.1870401,517969617.3875621,39445.821
JPN,2012,517568438.1870401,517969617.3875621,2694508.997
JPN,2012,517568438.1870401,517969617.3875621,679531.151
JPN,2012,517568438.1870401,517969617.3875621,500474700.0
JPN,2012,517568438.1870401,517969617.3875621,321775.328
JPN,2012,517568438.1870401,517969617.3875621,19499800.0
JPN,2012,517568438.1870401,517969617.3875621,44148.138
JPN,2011,510549651.748544,510945390.5258963,25917800.0
JPN,2011,510549651.748544,510945390.5258963,246723.91
JPN,2011,510549651.748544,510945390.5258963,36119600.0
JPN,2011,510549651.748544,510945390.5258963,162671.154
JPN,2011,510549651.748544,510945390.5258963,251454000.0
JPN,2011,510549651.748544,510945390.5258963,670110.225
JPN,2011,510549651.748544,510945390.5258963,49785900.0
JPN,2011,510549651.748544,510945390.5258963,215681900.0
JPN,2011,510549651.748544,510945390.5258963,452586.753
JPN,2011,510549651.748544,510945390.5258963,2135600.0
JPN,2011,510549651.748544,510945390.5258963,53085000.0
JPN,2011,510549651.748544,510945390.5258963,12982300.0
JPN,2011,510549651.748544,510945390.5258963,762741.174
JPN,2011,510549651.748544,510945390.5258963,406154.748
JPN,2011,510549651.748544,510945390.5258963,124349.963
JPN,2011,510549651.748544,510945390.5258963,9780700.0
JPN,2011,510549651.748544,510945390.5258963,623828.582
JPN,2011,510549651.748544,510945390.5258963,2678681.655
JPN,2011,510549651.748544,510945390.5258963,448232.5
JPN,2011,510549651.748544,510945390.5258963,60872100.0
JPN,2011,510549651.748544,510945390.5258963,-196800.0
JPN,2011,510549651.748544,510945390.5258963,9924000.0
JPN,2011,510549651.748544,510945390.5258963,-2465.948
JPN,2011,510549651.748544,510945390.5258963,53479500.0
JPN,2011,510549651.748544,510945390.5258963,3705600.0
JPN,2011,510549651.748544,510945390.5258963,3586600.0
JPN,2011,510549651.748544,510945390.5258963,26759.551
JPN,2011,510549651.748544,510945390.5258963,213777600.0
JPN,2011,510549651.748544,510945390.5258963,35772100.0
JPN,2011,510549651.748544,510945390.5258963,6233147.172
JPN,2011,510549651.748544,510945390.5258963,32414000.0
JPN,2011,510549651.748544,510945390.5258963,122554.382
JPN,2011,510549651.748544,510945390.5258963,3150775.465
JPN,2011,510549651.748544,510945390.5258963,46432.006
JPN,2011,510549651.748544,510945390.5258963,2702542.965
JPN,2011,510549651.748544,510945390.5258963,665167.051
JPN,2011,510549651.748544,510945390.5258963,497448900.0
JPN,2011,510549651.748544,510945390.5258963,324755.893
JPN,2011,510549651.748544,510945390.5258963,19690300.0
JPN,2011,510549651.748544,510945390.5258963,44940.909
JPN,2010,510428121.243486,510823765.81992596,26005300.0
JPN,2010,510428121.243486,510823765.81992596,229167.563
JPN,2010,510428121.243486,510823765.81992596,35974300.0
JPN,2010,510428121.243486,510823765.81992596,147973.553
JPN,2010,510428121.243486,510823765.81992596,251043600.0
JPN,2010,510428121.243486,510823765.81992596,602328.267
JPN,2010,510428121.243486,510823765.81992596,49100700.0
JPN,2010,510428121.243486,510823765.81992596,216237800.0
JPN,2010,510428121.243486,510823765.81992596,409824.006
JPN,2010,510428121.243486,510823765.81992596,1858500.0
JPN,2010,510428121.243486,510823765.81992596,52167100.0
JPN,2010,510428121.243486,510823765.81992596,12989100.0
JPN,2010,510428121.243486,510823765.81992596,698197.622
JPN,2010,510428121.243486,510823765.81992596,370607.728
JPN,2010,510428121.243486,510823765.81992596,116583.67
JPN,2010,510428121.243486,510823765.81992596,9967800.0
JPN,2010,510428121.243486,510823765.81992596,559361.699
JPN,2010,510428121.243486,510823765.81992596,2551632.706
JPN,2010,510428121.243486,510823765.81992596,396512.299
JPN,2010,510428121.243486,510823765.81992596,61287700.0
JPN,2010,510428121.243486,510823765.81992596,-2027000.0
JPN,2010,510428121.243486,510823765.81992596,10233700.0
JPN,2010,510428121.243486,510823765.81992596,-23091.853
JPN,2010,510428121.243486,510823765.81992596,52872300.0
JPN,2010,510428121.243486,510823765.81992596,3442400.0
JPN,2010,510428121.243486,510823765.81992596,3545800.0
JPN,2010,510428121.243486,510823765.81992596,21172.279
JPN,2010,510428121.243486,510823765.81992596,223982000.0
JPN,2010,510428121.243486,510823765.81992596,34805800.0
JPN,2010,510428121.243486,510823765.81992596,5759071.769
JPN,2010,510428121.243486,510823765.81992596,32531900.0
JPN,2010,510428121.243486,510823765.81992596,113554.502
JPN,2010,510428121.243486,510823765.81992596,2859922.049
JPN,2010,510428121.243486,510823765.81992596,39216.278
JPN,2010,510428121.243486,510823765.81992596,2463409.751
JPN,2010,510428121.243486,510823765.81992596,594294.535
JPN,2010,510428121.243486,510823765.81992596,505530600.0
JPN,2010,510428121.243486,510823765.81992596,296255.833
JPN,2010,510428121.243486,510823765.81992596,20116300.0
JPN,2010,510428121.243486,510823765.81992596,40394.225
JPN,2009,490334611.3406032,490714680.975585,24742000.0
JPN,2009,490334611.3406032,490714680.975585,231334.609
JPN,2009,490334611.3406032,490714680.975585,35492000.0
JPN,2009,490334611.3406032,490714680.975585,171323.979
JPN,2009,490334611.3406032,490714680.975585,253660600.0
JPN,2009,490334611.3406032,490714680.975585,557700.655
JPN,2009,490334611.3406032,490714680.975585,48264000.0
JPN,2009,490334611.3406032,490714680.975585,219196200.0
JPN,2009,490334611.3406032,490714680.975585,379309.247
JPN,2009,490334611.3406032,490714680.975585,1896800.0
JPN,2009,490334611.3406032,490714680.975585,53279500.0
JPN,2009,490334611.3406032,490714680.975585,16030800.0
JPN,2009,490334611.3406032,490714680.975585,641118.338
JPN,2009,490334611.3406032,490714680.975585,342231.159
JPN,2009,490334611.3406032,490714680.975585,110910.443
JPN,2009,490334611.3406032,490714680.975585,9791900.0
JPN,2009,490334611.3406032,490714680.975585,515805.857
JPN,2009,490334611.3406032,490714680.975585,2260839.998
JPN,2009,490334611.3406032,490714680.975585,368327.105
JPN,2009,490334611.3406032,490714680.975585,59989500.0
JPN,2009,490334611.3406032,490714680.975585,-2291800.0
JPN,2009,490334611.3406032,490714680.975585,10377900.0
JPN,2009,490334611.3406032,490714680.975585,-24492.87
JPN,2009,490334611.3406032,490714680.975585,52184100.0
JPN,2009,490334611.3406032,490714680.975585,3469400.0
JPN,2009,490334611.3406032,490714680.975585,3722200.0
JPN,2009,490334611.3406032,490714680.975585,20271.435
JPN,2009,490334611.3406032,490714680.975585,211547000.0
JPN,2009,490334611.3406032,490714680.975585,34464400.0
JPN,2009,490334611.3406032,490714680.975585,5289493.735
JPN,2009,490334611.3406032,490714680.975585,32022600.0
JPN,2009,490334611.3406032,490714680.975585,104647.758
JPN,2009,490334611.3406032,490714680.975585,2710915.448
JPN,2009,490334611.3406032,490714680.975585,37078.088
JPN,2009,490334611.3406032,490714680.975585,2342588.344
JPN,2009,490334611.3406032,490714680.975585,569407.388
JPN,2009,490334611.3406032,490714680.975585,494938400.0
JPN,2009,490334611.3406032,490714680.975585,264422.106
JPN,2009,490334611.3406032,490714680.975585,21646000.0
JPN,2009,490334611.3406032,490714680.975585,39779.806
JPN,2008,519935784.46443176,520338798.6493509,24421500.0
JPN,2008,519935784.46443176,520338798.6493509,219859.823
JPN,2008,519935784.46443176,520338798.6493509,36736300.0
JPN,2008,519935784.46443176,520338798.6493509,166030.225
JPN,2008,519935784.46443176,520338798.6493509,266666700.0
JPN,2008,519935784.46443176,520338798.6493509,573349.363
JPN,2008,519935784.46443176,520338798.6493509,55336400.0
JPN,2008,519935784.46443176,520338798.6493509,230751200.0
JPN,2008,519935784.46443176,520338798.6493509,355422.599
JPN,2008,519935784.46443176,520338798.6493509,1785700.0
JPN,2008,519935784.46443176,520338798.6493509,54349100.0
JPN,2008,519935784.46443176,520338798.6493509,17160800.0
JPN,2008,519935784.46443176,520338798.6493509,598189.848
JPN,2008,519935784.46443176,520338798.6493509,329297.278
JPN,2008,519935784.46443176,520338798.6493509,99614.458
JPN,2008,519935784.46443176,520338798.6493509,10944300.0
JPN,2008,519935784.46443176,520338798.6493509,535378.008
JPN,2008,519935784.46443176,520338798.6493509,2225023.471
JPN,2008,519935784.46443176,520338798.6493509,347481.384
JPN,2008,519935784.46443176,520338798.6493509,61828600.0
JPN,2008,519935784.46443176,520338798.6493509,-2856100.0
JPN,2008,519935784.46443176,520338798.6493509,10296100.0
JPN,2008,519935784.46443176,520338798.6493509,-27632.682
JPN,2008,519935784.46443176,520338798.6493509,59261100.0
JPN,2008,519935784.46443176,520338798.6493509,2700300.0
JPN,2008,519935784.46443176,520338798.6493509,3895000.0
JPN,2008,519935784.46443176,520338798.6493509,17276.594
JPN,2008,519935784.46443176,520338798.6493509,229977300.0
JPN,2008,519935784.46443176,520338798.6493509,35915500.0
JPN,2008,519935784.46443176,520338798.6493509,5106679.413
JPN,2008,519935784.46443176,520338798.6493509,34036000.0
JPN,2008,519935784.46443176,520338798.6493509,105885.774
JPN,2008,519935784.46443176,520338798.6493509,2579992.314
JPN,2008,519935784.46443176,520338798.6493509,26125.321
JPN,2008,519935784.46443176,520338798.6493509,2232510.93
JPN,2008,519935784.46443176,520338798.6493509,525825.91
JPN,2008,519935784.46443176,520338798.6493509,527823800.0
JPN,2008,519935784.46443176,520338798.6493509,236277.279
JPN,2008,519935784.46443176,520338798.6493509,22724600.0
JPN,2008,519935784.46443176,520338798.6493509,37684.008
JPN,2007,526380199.34653956,526788208.74616367,22862800.0
JPN,2007,526380199.34653956,526788208.74616367,198973.23
JPN,2007,526380199.34653956,526788208.74616367,37460300.0
JPN,2007,526380199.34653956,526788208.74616367,152455.728
JPN,2007,526380199.34653956,526788208.74616367,266484600.0
JPN,2007,526380199.34653956,526788208.74616367,506056.17
JPN,2007,526380199.34653956,526788208.74616367,55564000.0
JPN,2007,526380199.34653956,526788208.74616367,231080400.0
JPN,2007,526380199.34653956,526788208.74616367,318124.648
JPN,2007,526380199.34653956,526788208.74616367,1704700.0
JPN,2007,526380199.34653956,526788208.74616367,54280300.0
JPN,2007,526380199.34653956,526788208.74616367,17952200.0
JPN,2007,526380199.34653956,526788208.74616367,522158.448
JPN,2007,526380199.34653956,526788208.74616367,294390.327
JPN,2007,526380199.34653956,526788208.74616367,87807.984
JPN,2007,526380199.34653956,526788208.74616367,10984500.0
JPN,2007,526380199.34653956,526788208.74616367,471866.961
JPN,2007,526380199.34653956,526788208.74616367,2049553.009
JPN,2007,526380199.34653956,526788208.74616367,300663.6
JPN,2007,526380199.34653956,526788208.74616367,61486000.0
JPN,2007,526380199.34653956,526788208.74616367,-3210400.0
JPN,2007,526380199.34653956,526788208.74616367,10339700.0
JPN,2007,526380199.34653956,526788208.74616367,-27263.726
JPN,2007,526380199.34653956,526788208.74616367,59589900.0
JPN,2007,526380199.34653956,526788208.74616367,2794900.0
JPN,2007,526380199.34653956,526788208.74616367,3854600.0
JPN,2007,526380199.34653956,526788208.74616367,14476.848
JPN,2007,526380199.34653956,526788208.74616367,241342100.0
JPN,2007,526380199.34653956,526788208.74616367,35404200.0
JPN,2007,526380199.34653956,526788208.74616367,4579749.786
JPN,2007,526380199.34653956,526788208.74616367,34665500.0
JPN,2007,526380199.34653956,526788208.74616367,93283.828
JPN,2007,526380199.34653956,526788208.74616367,2263071.025
JPN,2007,526380199.34653956,526788208.74616367,23735.17
JPN,2007,526380199.34653956,526788208.74616367,1962407.425
JPN,2007,526380199.34653956,526788208.74616367,460965.377
JPN,2007,526380199.34653956,526788208.74616367,539281700.0
JPN,2007,526380199.34653956,526788208.74616367,194158.087
JPN,2007,526380199.34653956,526788208.74616367,23429800.0
JPN,2007,526380199.34653956,526788208.74616367,32734.475
JPN,2006,518683100.78811866,519085143.9890255,21286300.0
JPN,2006,518683100.78811866,519085143.9890255,199648.645
JPN,2006,518683100.78811866,519085143.9890255,37870800.0
JPN,2006,518683100.78811866,519085143.9890255,161470.431
JPN,2006,518683100.78811866,519085143.9890255,265057900.0
JPN,2006,518683100.78811866,519085143.9890255,506766.542
JPN,2006,518683100.78811866,519085143.9890255,54902800.0
JPN,2006,518683100.78811866,519085143.9890255,229976700.0
JPN,2006,518683100.78811866,519085143.9890255,325632.194
JPN,2006,518683100.78811866,519085143.9890255,1804700.0
JPN,2006,518683100.78811866,519085143.9890255,54806100.0
JPN,2006,518683100.78811866,519085143.9890255,18778900.0
JPN,2006,518683100.78811866,519085143.9890255,531361.7
JPN,2006,518683100.78811866,519085143.9890255,300301.863
JPN,2006,518683100.78811866,519085143.9890255,91078.785
JPN,2006,518683100.78811866,519085143.9890255,10121600.0
JPN,2006,518683100.78811866,519085143.9890255,472081.9
JPN,2006,518683100.78811866,519085143.9890255,2049978.599
JPN,2006,518683100.78811866,519085143.9890255,301645.809
JPN,2006,518683100.78811866,519085143.9890255,61797000.0
JPN,2006,518683100.78811866,519085143.9890255,-3223800.0
JPN,2006,518683100.78811866,519085143.9890255,10592400.0
JPN,2006,518683100.78811866,519085143.9890255,-27719.855
JPN,2006,518683100.78811866,519085143.9890255,58936600.0
JPN,2006,518683100.78811866,519085143.9890255,2945800.0
JPN,2006,518683100.78811866,519085143.9890255,3715500.0
JPN,2006,518683100.78811866,519085143.9890255,15517.719
JPN,2006,518683100.78811866,519085143.9890255,238411100.0
JPN,2006,518683100.78811866,519085143.9890255,35081200.0
JPN,2006,518683100.78811866,519085143.9890255,4601662.661
JPN,2006,518683100.78811866,519085143.9890255,34924900.0
JPN,2006,518683100.78811866,519085143.9890255,87030.61
JPN,2006,518683100.78811866,519085143.9890255,2279101.193
JPN,2006,518683100.78811866,519085143.9890255,25329.471
JPN,2006,518683100.78811866,519085143.9890255,1977455.384
JPN,2006,518683100.78811866,519085143.9890255,471250.425
JPN,2006,518683100.78811866,519085143.9890255,535170200.0
JPN,2006,518683100.78811866,519085143.9890255,183030.318
JPN,2006,518683100.78811866,519085143.9890255,23219000.0
JPN,2006,518683100.78811866,519085143.9890255,31947.739
JPN,2005,511661316.06413585,512057916.5181977,20190100.0
JPN,2005,511661316.06413585,512057916.5181977,210481.55
JPN,2005,511661316.06413585,512057916.5181977,37890600.0
JPN,2005,511661316.06413585,512057916.5181977,151785.261
JPN,2005,511661316.06413585,512057916.5181977,260470500.0
JPN,2005,511661316.06413585,512057916.5181977,524739.96
JPN,2005,511661316.06413585,512057916.5181977,53551200.0
JPN,2005,511661316.06413585,512057916.5181977,226268000.0
JPN,2005,511661316.06413585,512057916.5181977,343778.033
JPN,2005,511661316.06413585,512057916.5181977,1913600.0
JPN,2005,511661316.06413585,512057916.5181977,54240400.0
JPN,2005,511661316.06413585,512057916.5181977,16729500.0
JPN,2005,511661316.06413585,512057916.5181977,563605.588
JPN,2005,511661316.06413585,512057916.5181977,314680.301
JPN,2005,511661316.06413585,512057916.5181977,98355.797
JPN,2005,511661316.06413585,512057916.5181977,9683200.0
JPN,2005,511661316.06413585,512057916.5181977,485865.259
JPN,2005,511661316.06413585,512057916.5181977,2189823.227
JPN,2005,511661316.06413585,512057916.5181977,310316.231
JPN,2005,511661316.06413585,512057916.5181977,62119600.0
JPN,2005,511661316.06413585,512057916.5181977,-3996800.0
JPN,2005,511661316.06413585,512057916.5181977,10840600.0
JPN,2005,511661316.06413585,512057916.5181977,-36262.61
JPN,2005,511661316.06413585,512057916.5181977,57835900.0
JPN,2005,511661316.06413585,512057916.5181977,3207000.0
JPN,2005,511661316.06413585,512057916.5181977,3718600.0
JPN,2005,511661316.06413585,512057916.5181977,17361.922
JPN,2005,511661316.06413585,512057916.5181977,241358400.0
JPN,2005,511661316.06413585,512057916.5181977,34202500.0
JPN,2005,511661316.06413585,512057916.5181977,4831466.524
JPN,2005,511661316.06413585,512057916.5181977,34683500.0
JPN,2005,511661316.06413585,512057916.5181977,87854.81
JPN,2005,511661316.06413585,512057916.5181977,2363225.605
JPN,2005,511661316.06413585,512057916.5181977,29096.825
JPN,2005,511661316.06413585,512057916.5181977,2052909.375
JPN,2005,511661316.06413585,512057916.5181977,492118.309
JPN,2005,511661316.06413585,512057916.5181977,532515600.0
JPN,2005,511661316.06413585,512057916.5181977,183182.976
JPN,2005,511661316.06413585,512057916.5181977,23198900.0
JPN,2005,511661316.06413585,512057916.5181977,33738.526
JPN,2004,502595000.46682173,502984573.4110339,20323700.0
JPN,2004,502595000.46682173,502984573.4110339,217567.622
JPN,2004,502595000.46682173,502984573.4110339,37486900.0
JPN,2004,502595000.46682173,502984573.4110339,154387.682
JPN,2004,502595000.46682173,502984573.4110339,255851600.0
JPN,2004,502595000.46682173,502984573.4110339,526794.034
JPN,2004,502595000.46682173,502984573.4110339,52786000.0
JPN,2004,502595000.46682173,502984573.4110339,221551700.0
JPN,2004,502595000.46682173,502984573.4110339,346483.13
JPN,2004,502595000.46682173,502984573.4110339,1887800.0
JPN,2004,502595000.46682173,502984573.4110339,51752800.0
JPN,2004,502595000.46682173,502984573.4110339,16703600.0
JPN,2004,502595000.46682173,502984573.4110339,562835.327
JPN,2004,502595000.46682173,502984573.4110339,313455.908
JPN,2004,502595000.46682173,502984573.4110339,99317.357
JPN,2004,502595000.46682173,502984573.4110339,9568900.0
JPN,2004,502595000.46682173,502984573.4110339,487889.329
JPN,2004,502595000.46682173,502984573.4110339,2232280.848
JPN,2004,502595000.46682173,502984573.4110339,317026.393
JPN,2004,502595000.46682173,502984573.4110339,60894600.0
JPN,2004,502595000.46682173,502984573.4110339,-1880500.0
JPN,2004,502595000.46682173,502984573.4110339,10745400.0
JPN,2004,502595000.46682173,502984573.4110339,-17381.046
JPN,2004,502595000.46682173,502984573.4110339,56995200.0
JPN,2004,502595000.46682173,502984573.4110339,3573200.0
JPN,2004,502595000.46682173,502984573.4110339,3440400.0
JPN,2004,502595000.46682173,502984573.4110339,17448.518
JPN,2004,502595000.46682173,502984573.4110339,241516200.0
JPN,2004,502595000.46682173,502984573.4110339,34299900.0
JPN,2004,502595000.46682173,502984573.4110339,4893135.491
JPN,2004,502595000.46682173,502984573.4110339,33913600.0
JPN,2004,502595000.46682173,502984573.4110339,88443.227
JPN,2004,502595000.46682173,502984573.4110339,2364779.781
JPN,2004,502595000.46682173,502984573.4110339,33026.298
JPN,2004,502595000.46682173,502984573.4110339,2047753.387
JPN,2004,502595000.46682173,502984573.4110339,478339.69
JPN,2004,502595000.46682173,502984573.4110339,529400900.0
JPN,2004,502595000.46682173,502984573.4110339,187847.466
JPN,2004,502595000.46682173,502984573.4110339,23539200.0
JPN,2004,502595000.46682173,502984573.4110339,31798.857
JPN,2003,491842748.94037694,492223987.5671212,19741100.0
JPN,2003,491842748.94037694,492223987.5671212,204742.437
JPN,2003,491842748.94037694,492223987.5671212,37228200.0
JPN,2003,491842748.94037694,492223987.5671212,138802.891
JPN,2003,491842748.94037694,492223987.5671212,255080600.0
JPN,2003,491842748.94037694,492223987.5671212,492568.737
JPN,2003,491842748.94037694,492223987.5671212,52791200.0
JPN,2003,491842748.94037694,492223987.5671212,219353000.0
JPN,2003,491842748.94037694,492223987.5671212,321116.946
JPN,2003,491842748.94037694,492223987.5671212,1827900.0
JPN,2003,491842748.94037694,492223987.5671212,51980700.0
JPN,2003,491842748.94037694,492223987.5671212,16091900.0
JPN,2003,491842748.94037694,492223987.5671212,524372.324
JPN,2003,491842748.94037694,492223987.5671212,284260.461
JPN,2003,491842748.94037694,492223987.5671212,92062.288
JPN,2003,491842748.94037694,492223987.5671212,9657000.0
JPN,2003,491842748.94037694,492223987.5671212,455357.738
JPN,2003,491842748.94037694,492223987.5671212,2047332.077
JPN,2003,491842748.94037694,492223987.5671212,308173.315
JPN,2003,491842748.94037694,492223987.5671212,60792300.0
JPN,2003,491842748.94037694,492223987.5671212,-1421500.0
JPN,2003,491842748.94037694,492223987.5671212,10673100.0
JPN,2003,491842748.94037694,492223987.5671212,-12261.343
JPN,2003,491842748.94037694,492223987.5671212,57105200.0
JPN,2003,491842748.94037694,492223987.5671212,4272900.0
JPN,2003,491842748.94037694,492223987.5671212,3474700.0
JPN,2003,491842748.94037694,492223987.5671212,15766.802
JPN,2003,491842748.94037694,492223987.5671212,237354300.0
JPN,2003,491842748.94037694,492223987.5671212,35727600.0
JPN,2003,491842748.94037694,492223987.5671212,4519563.042
JPN,2003,491842748.94037694,492223987.5671212,32955300.0
JPN,2003,491842748.94037694,492223987.5671212,83297.778
JPN,2003,491842748.94037694,492223987.5671212,2200232.71
JPN,2003,491842748.94037694,492223987.5671212,36856.485
JPN,2003,491842748.94037694,492223987.5671212,1892059.394
JPN,2003,491842748.94037694,492223987.5671212,448366.659
JPN,2003,491842748.94037694,492223987.5671212,523968600.0
JPN,2003,491842748.94037694,492223987.5671212,170279.566
JPN,2003,491842748.94037694,492223987.5671212,23736500.0
JPN,2003,491842748.94037694,492223987.5671212,29971.502
JPN,2002,484406501.21929264,484781975.84008616,19608400.0
JPN,2002,484406501.21929264,484781975.84008616,194099.884
JPN,2002,484406501.21929264,484781975.84008616,37768300.0
JPN,2002,484406501.21929264,484781975.84008616,127327.955
JPN,2002,484406501.21929264,484781975.84008616,257309900.0
JPN,2002,484406501.21929264,484781975.84008616,459000.791
JPN,2002,484406501.21929264,484781975.84008616,53040900.0
JPN,2002,484406501.21929264,484781975.84008616,221441200.0
JPN,2002,484406501.21929264,484781975.84008616,301211.394
JPN,2002,484406501.21929264,484781975.84008616,1914000.0
JPN,2002,484406501.21929264,484781975.84008616,52194300.0
JPN,2002,484406501.21929264,484781975.84008616,15965400.0
JPN,2002,484406501.21929264,484781975.84008616,493030.358
JPN,2002,484406501.21929264,484781975.84008616,271783.542
JPN,2002,484406501.21929264,484781975.84008616,90547.726
JPN,2002,484406501.21929264,484781975.84008616,9376900.0
JPN,2002,484406501.21929264,484781975.84008616,423014.099
JPN,2002,484406501.21929264,484781975.84008616,1862954.703
JPN,2002,484406501.21929264,484781975.84008616,286061.621
JPN,2002,484406501.21929264,484781975.84008616,61820100.0
JPN,2002,484406501.21929264,484781975.84008616,-501700.0
JPN,2002,484406501.21929264,484781975.84008616,11353600.0
JPN,2002,484406501.21929264,484781975.84008616,-4001.18
JPN,2002,484406501.21929264,484781975.84008616,57553200.0
JPN,2002,484406501.21929264,484781975.84008616,3689900.0
JPN,2002,484406501.21929264,484781975.84008616,3186200.0
JPN,2002,484406501.21929264,484781975.84008616,15264.616
JPN,2002,484406501.21929264,484781975.84008616,233592200.0
JPN,2002,484406501.21929264,484781975.84008616,35868700.0
JPN,2002,484406501.21929264,484781975.84008616,4182845.406
JPN,2002,484406501.21929264,484781975.84008616,34078400.0
JPN,2002,484406501.21929264,484781975.84008616,74783.062
JPN,2002,484406501.21929264,484781975.84008616,2052109.139
JPN,2002,484406501.21929264,484781975.84008616,29427.851
JPN,2002,484406501.21929264,484781975.84008616,1766047.518
JPN,2002,484406501.21929264,484781975.84008616,416262.258
JPN,2002,484406501.21929264,484781975.84008616,524478700.0
JPN,2002,484406501.21929264,484781975.84008616,156381.767
JPN,2002,484406501.21929264,484781975.84008616,24337800.0
JPN,2002,484406501.21929264,484781975.84008616,25410.721
JPN,2001,484203317.4061488,484578634.5339009,20363200.0
JPN,2001,484203317.4061488,484578634.5339009,212244.906
JPN,2001,484203317.4061488,484578634.5339009,38258100.0
JPN,2001,484203317.4061488,484578634.5339009,132514.93
JPN,2001,484203317.4061488,484578634.5339009,266480000.0
JPN,2001,484203317.4061488,484578634.5339009,497409.887
JPN,2001,484203317.4061488,484578634.5339009,55804400.0
JPN,2001,484203317.4061488,484578634.5339009,231141600.0
JPN,2001,484203317.4061488,484578634.5339009,314806.479
JPN,2001,484203317.4061488,484578634.5339009,1932600.0
JPN,2001,484203317.4061488,484578634.5339009,52320800.0
JPN,2001,484203317.4061488,484578634.5339009,16104400.0
JPN,2001,484203317.4061488,484578634.5339009,533420.237
JPN,2001,484203317.4061488,484578634.5339009,282015.937
JPN,2001,484203317.4061488,484578634.5339009,93790.0
JPN,2001,484203317.4061488,484578634.5339009,9848500.0
JPN,2001,484203317.4061488,484578634.5339009,459186.072
JPN,2001,484203317.4061488,484578634.5339009,1878903.79
JPN,2001,484203317.4061488,484578634.5339009,290782.573
JPN,2001,484203317.4061488,484578634.5339009,64826000.0
JPN,2001,484203317.4061488,484578634.5339009,2559500.0
JPN,2001,484203317.4061488,484578634.5339009,11398200.0
JPN,2001,484203317.4061488,484578634.5339009,21060.826
JPN,2001,484203317.4061488,484578634.5339009,60449700.0
JPN,2001,484203317.4061488,484578634.5339009,3985000.0
JPN,2001,484203317.4061488,484578634.5339009,3442700.0
JPN,2001,484203317.4061488,484578634.5339009,15902.384
JPN,2001,484203317.4061488,484578634.5339009,228341200.0
JPN,2001,484203317.4061488,484578634.5339009,35338500.0
JPN,2001,484203317.4061488,484578634.5339009,4374709.984
JPN,2001,484203317.4061488,484578634.5339009,34273100.0
JPN,2001,484203317.4061488,484578634.5339009,81038.306
JPN,2001,484203317.4061488,484578634.5339009,2192728.609
JPN,2001,484203317.4061488,484578634.5339009,32790.542
JPN,2001,484203317.4061488,484578634.5339009,1901946.859
JPN,2001,484203317.4061488,484578634.5339009,430521.296
JPN,2001,484203317.4061488,484578634.5339009,531653900.0
JPN,2001,484203317.4061488,484578634.5339009,167558.433
JPN,2001,484203317.4061488,484578634.5339009,25793900.0
JPN,2001,484203317.4061488,484578634.5339009,28328.23
JPN,2000,482340982.34755486,482714855.93661517,19571800.0
JPN,2000,482340982.34755486,482714855.93661517,255561.385
JPN,2000,482340982.34755486,482714855.93661517,38704800.0
JPN,2000,482340982.34755486,482714855.93661517,143474.491
JPN,2000,482340982.34755486,482714855.93661517,269760700.0
JPN,2000,482340982.34755486,482714855.93661517,581090.432
JPN,2000,482340982.34755486,482714855.93661517,57983200.0
JPN,2000,482340982.34755486,482714855.93661517,236571200.0
JPN,2000,482340982.34755486,482714855.93661517,359157.621
JPN,2000,482340982.34755486,482714855.93661517,1920700.0
JPN,2000,482340982.34755486,482714855.93661517,51278200.0
JPN,2000,482340982.34755486,482714855.93661517,15461600.0
JPN,2000,482340982.34755486,482714855.93661517,612193.151
JPN,2000,482340982.34755486,482714855.93661517,316592.978
JPN,2000,482340982.34755486,482714855.93661517,115333.759
JPN,2000,482340982.34755486,482714855.93661517,9643000.0
JPN,2000,482340982.34755486,482714855.93661517,538049.755
JPN,2000,482340982.34755486,482714855.93661517,2154813.958
JPN,2000,482340982.34755486,482714855.93661517,307978.903
JPN,2000,482340982.34755486,482714855.93661517,65973300.0
JPN,2000,482340982.34755486,482714855.93661517,-675400.0
JPN,2000,482340982.34755486,482714855.93661517,12429000.0
JPN,2000,482340982.34755486,482714855.93661517,-6267.312
JPN,2000,482340982.34755486,482714855.93661517,62621500.0
JPN,2000,482340982.34755486,482714855.93661517,4587000.0
JPN,2000,482340982.34755486,482714855.93661517,3321100.0
JPN,2000,482340982.34755486,482714855.93661517,17822.958
JPN,2000,482340982.34755486,482714855.93661517,232214600.0
JPN,2000,482340982.34755486,482714855.93661517,33189500.0
JPN,2000,482340982.34755486,482714855.93661517,4968359.153
JPN,2000,482340982.34755486,482714855.93661517,34117800.0
JPN,2000,482340982.34755486,482714855.93661517,89481.329
JPN,2000,482340982.34755486,482714855.93661517,2503219.529
JPN,2000,482340982.34755486,482714855.93661517,42564.643
JPN,2000,482340982.34755486,482714855.93661517,2195240.626
JPN,2000,482340982.34755486,482714855.93661517,475831.326
JPN,2000,482340982.34755486,482714855.93661517,535417700.0
JPN,2000,482340982.34755486,482714855.93661517,181614.713
JPN,2000,482340982.34755486,482714855.93661517,27540700.0
JPN,2000,482340982.34755486,482714855.93661517,30817.841
JPN,1999,469364702.5899792,469728517.96626204,18905600.0
JPN,1999,469364702.5899792,469728517.96626204,254058.57
JPN,1999,469364702.5899792,469728517.96626204,39403900.0
JPN,1999,469364702.5899792,469728517.96626204,135859.311
JPN,1999,469364702.5899792,469728517.96626204,269117500.0
JPN,1999,469364702.5899792,469728517.96626204,562878.574
JPN,1999,469364702.5899792,469728517.96626204,59721800.0
JPN,1999,469364702.5899792,469728517.96626204,235393100.0
JPN,1999,469364702.5899792,469728517.96626204,345931.044
JPN,1999,469364702.5899792,469728517.96626204,1979500.0
JPN,1999,469364702.5899792,469728517.96626204,49279400.0
JPN,1999,469364702.5899792,469728517.96626204,15475300.0
JPN,1999,469364702.5899792,469728517.96626204,577936.498
JPN,1999,469364702.5899792,469728517.96626204,309650.508
JPN,1999,469364702.5899792,469728517.96626204,109270.908
JPN,1999,469364702.5899792,469728517.96626204,9126500.0
JPN,1999,469364702.5899792,469728517.96626204,524304.057
JPN,1999,469364702.5899792,469728517.96626204,1979268.93
JPN,1999,469364702.5899792,469728517.96626204,296069.23
JPN,1999,469364702.5899792,469728517.96626204,65830900.0
JPN,1999,469364702.5899792,469728517.96626204,-1771100.0
JPN,1999,469364702.5899792,469728517.96626204,12446700.0
JPN,1999,469364702.5899792,469728517.96626204,-15548.676
JPN,1999,469364702.5899792,469728517.96626204,64115700.0
JPN,1999,469364702.5899792,469728517.96626204,4132600.0
JPN,1999,469364702.5899792,469728517.96626204,3018800.0
JPN,1999,469364702.5899792,469728517.96626204,17378.242
JPN,1999,469364702.5899792,469728517.96626204,225452200.0
JPN,1999,469364702.5899792,469728517.96626204,33724300.0
JPN,1999,469364702.5899792,469728517.96626204,4635982.021
JPN,1999,469364702.5899792,469728517.96626204,35271300.0
JPN,1999,469364702.5899792,469728517.96626204,80122.518
JPN,1999,469364702.5899792,469728517.96626204,2362611.259
JPN,1999,469364702.5899792,469728517.96626204,36280.537
JPN,1999,469364702.5899792,469728517.96626204,2066541.152
JPN,1999,469364702.5899792,469728517.96626204,432629.113
JPN,1999,469364702.5899792,469728517.96626204,528069900.0
JPN,1999,469364702.5899792,469728517.96626204,165974.28
JPN,1999,469364702.5899792,469728517.96626204,28939000.0
JPN,1999,469364702.5899792,469728517.96626204,26502.367
JPN,1998,470937303.3277154,471302337.66328365,19495100.0
JPN,1998,470937303.3277154,471302337.66328365,225906.055
JPN,1998,470937303.3277154,471302337.66328365,38471900.0
JPN,1998,470937303.3277154,471302337.66328365,119016.571
JPN,1998,470937303.3277154,471302337.66328365,274439000.0
JPN,1998,470937303.3277154,471302337.66328365,505963.469
JPN,1998,470937303.3277154,471302337.66328365,61824600.0
JPN,1998,470937303.3277154,471302337.66328365,240738300.0
JPN,1998,470937303.3277154,471302337.66328365,293891.079
JPN,1998,470937303.3277154,471302337.66328365,1989200.0
JPN,1998,470937303.3277154,471302337.66328365,48214700.0
JPN,1998,470937303.3277154,471302337.66328365,15579900.0
JPN,1998,470937303.3277154,471302337.66328365,519716.159
JPN,1998,470937303.3277154,471302337.66328365,267471.216
JPN,1998,470937303.3277154,471302337.66328365,97087.742
JPN,1998,470937303.3277154,471302337.66328365,9289900.0
JPN,1998,470937303.3277154,471302337.66328365,472284.924
JPN,1998,470937303.3277154,471302337.66328365,1729949.046
JPN,1998,470937303.3277154,471302337.66328365,257443.357
JPN,1998,470937303.3277154,471302337.66328365,68033600.0
JPN,1998,470937303.3277154,471302337.66328365,585500.0
JPN,1998,470937303.3277154,471302337.66328365,12709300.0
JPN,1998,470937303.3277154,471302337.66328365,4472.699
JPN,1998,470937303.3277154,471302337.66328365,66233300.0
JPN,1998,470937303.3277154,471302337.66328365,3458600.0
JPN,1998,470937303.3277154,471302337.66328365,3321500.0
JPN,1998,470937303.3277154,471302337.66328365,15195.718
JPN,1998,470937303.3277154,471302337.66328365,226459500.0
JPN,1998,470937303.3277154,471302337.66328365,33700700.0
JPN,1998,470937303.3277154,471302337.66328365,4098362.689
JPN,1998,470937303.3277154,471302337.66328365,35013400.0
JPN,1998,470937303.3277154,471302337.66328365,70966.569
JPN,1998,470937303.3277154,471302337.66328365,2096469.727
JPN,1998,470937303.3277154,471302337.66328365,26420.626
JPN,1998,470937303.3277154,471302337.66328365,1839026.371
JPN,1998,470937303.3277154,471302337.66328365,368317.4
JPN,1998,470937303.3277154,471302337.66328365,536497400.0
JPN,1998,470937303.3277154,471302337.66328365,148925.215
JPN,1998,470937303.3277154,471302337.66328365,29572300.0
JPN,1998,470937303.3277154,471302337.66328365,25373.304
JPN,1997,476996738.3533402,477366469.4964827,18942200.0
JPN,1997,476996738.3533402,477366469.4964827,259625.391
JPN,1997,476996738.3533402,477366469.4964827,36732900.0
JPN,1997,476996738.3533402,477366469.4964827,127879.905
JPN,1997,476996738.3533402,477366469.4964827,278619700.0
JPN,1997,476996738.3533402,477366469.4964827,566546.089
JPN,1997,476996738.3533402,477366469.4964827,64158600.0
JPN,1997,476996738.3533402,477366469.4964827,245414900.0
JPN,1997,476996738.3533402,477366469.4964827,303600.613
JPN,1997,476996738.3533402,477366469.4964827,2036600.0
JPN,1997,476996738.3533402,477366469.4964827,47046300.0
JPN,1997,476996738.3533402,477366469.4964827,15472300.0
JPN,1997,476996738.3533402,477366469.4964827,574445.033
JPN,1997,476996738.3533402,477366469.4964827,270020.391
JPN,1997,476996738.3533402,477366469.4964827,109175.187
JPN,1997,476996738.3533402,477366469.4964827,9257200.0
JPN,1997,476996738.3533402,477366469.4964827,530276.408
JPN,1997,476996738.3533402,477366469.4964827,1905581.093
JPN,1997,476996738.3533402,477366469.4964827,274440.56
JPN,1997,476996738.3533402,477366469.4964827,69502600.0
JPN,1997,476996738.3533402,477366469.4964827,1697800.0
JPN,1997,476996738.3533402,477366469.4964827,13209200.0
JPN,1997,476996738.3533402,477366469.4964827,14032.465
JPN,1997,476996738.3533402,477366469.4964827,68546900.0
JPN,1997,476996738.3533402,477366469.4964827,4062900.0
JPN,1997,476996738.3533402,477366469.4964827,3194300.0
JPN,1997,476996738.3533402,477366469.4964827,16832.676
JPN,1997,476996738.3533402,477366469.4964827,230557900.0
JPN,1997,476996738.3533402,477366469.4964827,33204800.0
JPN,1997,476996738.3533402,477366469.4964827,4492449.998
JPN,1997,476996738.3533402,477366469.4964827,32670000.0
JPN,1997,476996738.3533402,477366469.4964827,76511.563
JPN,1997,476996738.3533402,477366469.4964827,2302816.049
JPN,1997,476996738.3533402,477366469.4964827,33580.222
JPN,1997,476996738.3533402,477366469.4964827,2028375.49
JPN,1997,476996738.3533402,477366469.4964827,388841.761
JPN,1997,476996738.3533402,477366469.4964827,543545400.0
JPN,1997,476996738.3533402,477366469.4964827,156558.93
JPN,1997,476996738.3533402,477366469.4964827,31412300.0
JPN,1997,476996738.3533402,477366469.4964827,26401.167
JPN,1996,472361788.76241213,472727927.2494975,17658900.0
JPN,1996,472361788.76241213,472727927.2494975,280426.223
JPN,1996,472361788.76241213,472727927.2494975,34911000.0
JPN,1996,472361788.76241213,472727927.2494975,134806.28
JPN,1996,472361788.76241213,472727927.2494975,270561600.0
JPN,1996,472361788.76241213,472727927.2494975,618914.174
JPN,1996,472361788.76241213,472727927.2494975,62943600.0
JPN,1996,472361788.76241213,472727927.2494975,238476500.0
JPN,1996,472361788.76241213,472727927.2494975,320934.94
JPN,1996,472361788.76241213,472727927.2494975,2044600.0
JPN,1996,472361788.76241213,472727927.2494975,45705400.0
JPN,1996,472361788.76241213,472727927.2494975,14664100.0
JPN,1996,472361788.76241213,472727927.2494975,626022.16
JPN,1996,472361788.76241213,472727927.2494975,284817.693
JPN,1996,472361788.76241213,472727927.2494975,122086.001
JPN,1996,472361788.76241213,472727927.2494975,8497900.0
JPN,1996,472361788.76241213,472727927.2494975,578637.119
JPN,1996,472361788.76241213,472727927.2494975,2116252.954
JPN,1996,472361788.76241213,472727927.2494975,294956.594
JPN,1996,472361788.76241213,472727927.2494975,68098100.0
JPN,1996,472361788.76241213,472727927.2494975,3814400.0
JPN,1996,472361788.76241213,472727927.2494975,13280400.0
JPN,1996,472361788.76241213,472727927.2494975,35065.573
JPN,1996,472361788.76241213,472727927.2494975,67324900.0
JPN,1996,472361788.76241213,472727927.2494975,3928800.0
JPN,1996,472361788.76241213,472727927.2494975,2782600.0
JPN,1996,472361788.76241213,472727927.2494975,18795.898
JPN,1996,472361788.76241213,472727927.2494975,230204000.0
JPN,1996,472361788.76241213,472727927.2494975,32085100.0
JPN,1996,472361788.76241213,472727927.2494975,4923393.495
JPN,1996,472361788.76241213,472727927.2494975,30982200.0
JPN,1996,472361788.76241213,472727927.2494975,78120.736
JPN,1996,472361788.76241213,472727927.2494975,2487258.194
JPN,1996,472361788.76241213,472727927.2494975,36117.246
JPN,1996,472361788.76241213,472727927.2494975,2192301.6
JPN,1996,472361788.76241213,472727927.2494975,420167.277
JPN,1996,472361788.76241213,472727927.2494975,535562100.0
JPN,1996,472361788.76241213,472727927.2494975,162337.315
JPN,1996,472361788.76241213,472727927.2494975,30504500.0
JPN,1996,472361788.76241213,472727927.2494975,25580.292
JPN,1995,458008396.4808284,458363409.3230916,16909500.0
JPN,1995,458008396.4808284,458363409.3230916,319738.832
JPN,1995,458008396.4808284,458363409.3230916,34012700.0
JPN,1995,458008396.4808284,458363409.3230916,152944.55
JPN,1995,458008396.4808284,458363409.3230916,265944800.0
JPN,1995,458008396.4808284,458363409.3230916,711052.512
JPN,1995,458008396.4808284,458363409.3230916,62416100.0
JPN,1995,458008396.4808284,458363409.3230916,234609900.0
JPN,1995,458008396.4808284,458363409.3230916,361608.039
JPN,1995,458008396.4808284,458363409.3230916,2001400.0
JPN,1995,458008396.4808284,458363409.3230916,44571800.0
JPN,1995,458008396.4808284,458363409.3230916,14385900.0
JPN,1995,458008396.4808284,458363409.3230916,711117.364
JPN,1995,458008396.4808284,458363409.3230916,318518.329
JPN,1995,458008396.4808284,458363409.3230916,142782.905
JPN,1995,458008396.4808284,458363409.3230916,8046600.0
JPN,1995,458008396.4808284,458363409.3230916,663580.473
JPN,1995,458008396.4808284,458363409.3230916,2363606.152
JPN,1995,458008396.4808284,458363409.3230916,333137.786
JPN,1995,458008396.4808284,458363409.3230916,66887400.0
JPN,1995,458008396.4808284,458363409.3230916,3389300.0
JPN,1995,458008396.4808284,458363409.3230916,13430100.0
JPN,1995,458008396.4808284,458363409.3230916,36033.544
JPN,1995,458008396.4808284,458363409.3230916,66881300.0
JPN,1995,458008396.4808284,458363409.3230916,4053000.0
JPN,1995,458008396.4808284,458363409.3230916,2756300.0
JPN,1995,458008396.4808284,458363409.3230916,21278.003
JPN,1995,458008396.4808284,458363409.3230916,222319800.0
JPN,1995,458008396.4808284,458363409.3230916,31334800.0
JPN,1995,458008396.4808284,458363409.3230916,5545564.892
JPN,1995,458008396.4808284,458363409.3230916,29959700.0
JPN,1995,458008396.4808284,458363409.3230916,85547.906
JPN,1995,458008396.4808284,458363409.3230916,2827407.93
JPN,1995,458008396.4808284,458363409.3230916,43089.71
JPN,1995,458008396.4808284,458363409.3230916,2494269.08
JPN,1995,458008396.4808284,458363409.3230916,473867.738
JPN,1995,458008396.4808284,458363409.3230916,521613500.0
JPN,1995,458008396.4808284,458363409.3230916,179774.353
JPN,1995,458008396.4808284,458363409.3230916,30074500.0
JPN,1995,458008396.4808284,458363409.3230916,29303.767
JPN,1994,446267110.51519465,446613022.4163074,16053700.0
JPN,1994,446267110.51519465,446613022.4163074,292465.92
JPN,1994,446267110.51519465,446613022.4163074,32817800.0
JPN,1994,446267110.51519465,446613022.4163074,137685.179
JPN,1994,446267110.51519465,446613022.4163074,261592900.0
JPN,1994,446267110.51519465,446613022.4163074,657904.741
JPN,1994,446267110.51519465,446613022.4163074,62867400.0
JPN,1994,446267110.51519465,446613022.4163074,231421000.0
JPN,1994,446267110.51519465,446613022.4163074,321088.979
JPN,1994,446267110.51519465,446613022.4163074,2068200.0
JPN,1994,446267110.51519465,446613022.4163074,42886400.0
JPN,1994,446267110.51519465,446613022.4163074,14072500.0
JPN,1994,446267110.51519465,446613022.4163074,637269.331
JPN,1994,446267110.51519465,446613022.4163074,283406.925
JPN,1994,446267110.51519465,446613022.4163074,128606.616
JPN,1994,446267110.51519465,446613022.4163074,8095100.0
JPN,1994,446267110.51519465,446613022.4163074,615093.921
JPN,1994,446267110.51519465,446613022.4163074,2134354.595
JPN,1994,446267110.51519465,446613022.4163074,295200.545
JPN,1994,446267110.51519465,446613022.4163074,65133900.0
JPN,1994,446267110.51519465,446613022.4163074,2209200.0
JPN,1994,446267110.51519465,446613022.4163074,13144600.0
JPN,1994,446267110.51519465,446613022.4163074,21614.787
JPN,1994,446267110.51519465,446613022.4163074,67243000.0
JPN,1994,446267110.51519465,446613022.4163074,3851400.0
JPN,1994,446267110.51519465,446613022.4163074,3003300.0
JPN,1994,446267110.51519465,446613022.4163074,20235.245
JPN,1994,446267110.51519465,446613022.4163074,218147700.0
JPN,1994,446267110.51519465,446613022.4163074,30171800.0
JPN,1994,446267110.51519465,446613022.4163074,4998797.262
JPN,1994,446267110.51519465,446613022.4163074,28966400.0
JPN,1994,446267110.51519465,446613022.4163074,79202.366
JPN,1994,446267110.51519465,446613022.4163074,2559421.933
JPN,1994,446267110.51519465,446613022.4163074,37682.053
JPN,1994,446267110.51519465,446613022.4163074,2264220.41
JPN,1994,446267110.51519465,446613022.4163074,419600.046
JPN,1994,446267110.51519465,446613022.4163074,510916100.0
JPN,1994,446267110.51519465,446613022.4163074,157069.217
JPN,1994,446267110.51519465,446613022.4163074,29892300.0
JPN,1994,446267110.51519465,446613022.4163074,29384.253
JPN,1993,441878959.2042948,441826350.0799202,32112136.477
JPN,1993,441878959.2042948,441826350.0799202,256543381.383
JPN,1993,441878959.2042948,441826350.0799202,226468223.598
JPN,1993,441878959.2042948,441826350.0799202,288783.956
JPN,1993,441878959.2042948,441826350.0799202,254837.591
JPN,1993,441878959.2042948,441826350.0799202,1989078.155
JPN,1993,441878959.2042948,441826350.0799202,221181086.671
JPN,1993,441878959.2042948,441826350.0799202,4536941.057
JPN,1993,441878959.2042948,441826350.0799202,28337375.869
JPN,1993,441878959.2042948,441826350.0799202,2307090.734
JPN,1993,441878959.2042948,441826350.0799202,2036625.297
JPN,1993,441878959.2042948,441826350.0799202,504497800.0
JPN,1992,444179452.74816936,443864664.13063455,32953033.833
JPN,1992,444179452.74816936,443864664.13063455,251113052.782
JPN,1992,444179452.74816936,443864664.13063455,222264879.142
JPN,1992,444179452.74816936,443864664.13063455,260187.027
JPN,1992,444179452.74816936,443864664.13063455,231833.431
JPN,1992,444179452.74816936,443864664.13063455,1762429.118
JPN,1992,444179452.74816936,443864664.13063455,223213997.665
JPN,1992,444179452.74816936,443864664.13063455,3980701.874
JPN,1992,444179452.74816936,443864664.13063455,29362013.209
JPN,1992,444179452.74816936,443864664.13063455,1982711.482
JPN,1992,444179452.74816936,443864664.13063455,1754935.17
JPN,1992,444179452.74816936,443864664.13063455,504161200.0
JPN,1991,440444179.63810414,439902959.3730139,30179771.784
JPN,1991,440444179.63810414,439902959.3730139,243216615.748
JPN,1991,440444179.63810414,439902959.3730139,213281866.792
JPN,1991,440444179.63810414,439902959.3730139,224040.669
JPN,1991,440444179.63810414,439902959.3730139,194547.032
JPN,1991,440444179.63810414,439902959.3730139,1662434.156
JPN,1991,440444179.63810414,439902959.3730139,223940963.672
JPN,1991,440444179.63810414,439902959.3730139,3648066.663
JPN,1991,440444179.63810414,439902959.3730139,26206782.147
JPN,1991,440444179.63810414,439902959.3730139,1805527.683
JPN,1991,440444179.63810414,439902959.3730139,1583305.95
JPN,1991,440444179.63810414,439902959.3730139,491418900.0
JPN,1990,425889422.4182871,424931118.0789991,30864216.978
JPN,1990,425889422.4182871,424931118.0789991,225147988.743
JPN,1990,425889422.4182871,424931118.0789991,197946205.225
JPN,1990,425889422.4182871,424931118.0789991,213161.711
JPN,1990,425889422.4182871,424931118.0789991,188726.958
JPN,1990,425889422.4182871,424931118.0789991,1444844.908
JPN,1990,425889422.4182871,424931118.0789991,209202706.354
JPN,1990,425889422.4182871,424931118.0789991,3185904.657
JPN,1990,425889422.4182871,424931118.0789991,27326248.122
JPN,1990,425889422.4182871,424931118.0789991,1554969.966
JPN,1990,425889422.4182871,424931118.0789991,1367102.614
JPN,1990,425889422.4182871,424931118.0789991,461295100.0
JPN,1989,406023840.9038264,405310332.42383695,27252962.987
JPN,1989,406023840.9038264,405310332.42383695,208140422.883
JPN,1989,406023840.9038264,405310332.42383695,183211841.448
JPN,1989,406023840.9038264,405310332.42383695,197536.174
JPN,1989,406023840.9038264,405310332.42383695,177151.467
JPN,1989,406023840.9038264,405310332.42383695,1413854.475
JPN,1989,406023840.9038264,405310332.42383695,195061607.956
JPN,1989,406023840.9038264,405310332.42383695,3109454.672
JPN,1989,406023840.9038264,405310332.42383695,24440598.831
JPN,1989,406023840.9038264,405310332.42383695,1508652.94
JPN,1989,406023840.9038264,405310332.42383695,1327964.455
JPN,1989,406023840.9038264,405310332.42383695,428994100.0
JPN,1988,387212892.653096,386282867.29352766,26493329.191
JPN,1988,387212892.653096,386282867.29352766,194249915.926
JPN,1988,387212892.653096,386282867.29352766,171427572.924
JPN,1988,387212892.653096,386282867.29352766,206734.176
JPN,1988,387212892.653096,386282867.29352766,182004.526
JPN,1988,387212892.653096,386282867.29352766,1414667.38
JPN,1988,387212892.653096,386282867.29352766,181291982.472
JPN,1988,387212892.653096,386282867.29352766,3125725.247
JPN,1988,387212892.653096,386282867.29352766,23324183.409
JPN,1988,387212892.653096,386282867.29352766,1515781.425
JPN,1988,387212892.653096,386282867.29352766,1337692.887
JPN,1988,387212892.653096,386282867.29352766,400566900.0
JPN,1987,362609748.3111638,362157266.55740494,24682639.731
JPN,1987,362609748.3111638,362157266.55740494,183568131.519
JPN,1987,362609748.3111638,362157266.55740494,162299044.696
JPN,1987,362609748.3111638,362157266.55740494,170651.731
JPN,1987,362609748.3111638,362157266.55740494,147566.689
JPN,1987,362609748.3111638,362157266.55740494,1152541.947
JPN,1987,362609748.3111638,362157266.55740494,166700785.815
JPN,1987,362609748.3111638,362157266.55740494,2580748.423
JPN,1987,362609748.3111638,362157266.55740494,21343676.92
JPN,1987,362609748.3111638,362157266.55740494,1269160.014
JPN,1987,362609748.3111638,362157266.55740494,1122109.029
JPN,1987,362609748.3111638,362157266.55740494,373273000.0
JPN,1986,346230729.39721274,346068998.478278,22056233.173
JPN,1986,346230729.39721274,346068998.478278,177378063.736
JPN,1986,346230729.39721274,346068998.478278,158092276.337
JPN,1986,346230729.39721274,346068998.478278,130882.121
JPN,1986,346230729.39721274,346068998.478278,109765.625
JPN,1986,346230729.39721274,346068998.478278,949918.82
JPN,1986,346230729.39721274,346068998.478278,160080161.181
JPN,1986,346230729.39721274,346068998.478278,2120083.393
JPN,1986,346230729.39721274,346068998.478278,18497684.824
JPN,1986,346230729.39721274,346068998.478278,1052564.913
JPN,1986,346230729.39721274,346068998.478278,938122.672
JPN,1986,346230729.39721274,346068998.478278,357276100.0
JPN,1985,335084071.90942633,335032856.6594791,21565482.271
JPN,1985,335084071.90942633,335032856.6594791,170173261.576
JPN,1985,335084071.90942633,335032856.6594791,152322999.771
JPN,1985,335084071.90942633,335032856.6594791,90407.726
JPN,1985,335084071.90942633,335032856.6594791,75790.71
JPN,1985,335084071.90942633,335032856.6594791,638451.132
JPN,1985,335084071.90942633,335032856.6594791,152293472.882
JPN,1985,335084071.90942633,335032856.6594791,1427019.56
JPN,1985,335084071.90942633,335032856.6594791,18078800.249
JPN,1985,335084071.90942633,335032856.6594791,713407.538
JPN,1985,335084071.90942633,335032856.6594791,638574.916
JPN,1985,335084071.90942633,335032856.6594791,340395300.0
JPN,1984,318419943.2671309,318594017.36741346,19885976.672
JPN,1984,318419943.2671309,318594017.36741346,162701387.583
JPN,1984,318419943.2671309,318594017.36741346,146418982.551
JPN,1984,318419943.2671309,318594017.36741346,83722.496
JPN,1984,318419943.2671309,318594017.36741346,68704.25
JPN,1984,318419943.2671309,318594017.36741346,588948.907
JPN,1984,318419943.2671309,318594017.36741346,139888616.649
JPN,1984,318419943.2671309,318594017.36741346,1345824.501
JPN,1984,318419943.2671309,318594017.36741346,16318805.198
JPN,1984,318419943.2671309,318594017.36741346,684993.58
JPN,1984,318419943.2671309,318594017.36741346,616442.579
JPN,1984,318419943.2671309,318594017.36741346,319663600.0
JPN,1983,304702263.17444426,305134883.35571873,17914520.95
JPN,1983,304702263.17444426,305134883.35571873,154239229.451
JPN,1983,304702263.17444426,305134883.35571873,138651355.066
JPN,1983,304702263.17444426,305134883.35571873,75425.857
JPN,1983,304702263.17444426,305134883.35571873,60001.119
JPN,1983,304702263.17444426,305134883.35571873,555034.886
JPN,1983,304702263.17444426,305134883.35571873,131827260.722
JPN,1983,304702263.17444426,305134883.35571873,1270860.098
JPN,1983,304702263.17444426,305134883.35571873,14250965.72
JPN,1983,304702263.17444426,305134883.35571873,649396.434
JPN,1983,304702263.17444426,305134883.35571873,583766.503
JPN,1983,304702263.17444426,305134883.35571873,301844100.0
JPN,1982,294332786.69326234,294445912.0600751,17516567.222
JPN,1982,294332786.69326234,294445912.0600751,146703111.716
JPN,1982,294332786.69326234,294445912.0600751,132145335.135
JPN,1982,294332786.69326234,294445912.0600751,70326.006
JPN,1982,294332786.69326234,294445912.0600751,56391.799
JPN,1982,294332786.69326234,294445912.0600751,515989.495
JPN,1982,294332786.69326234,294445912.0600751,128520943.36
JPN,1982,294332786.69326234,294445912.0600751,1158731.582
JPN,1982,294332786.69326234,294445912.0600751,14045881.366
JPN,1982,294332786.69326234,294445912.0600751,588987.775
JPN,1982,294332786.69326234,294445912.0600751,530540.805
JPN,1982,294332786.69326234,294445912.0600751,288613000.0
JPN,1981,284895738.605376,285095512.67294395,16823317.742
JPN,1981,284895738.605376,285095512.67294395,138813999.854
JPN,1981,284895738.605376,285095512.67294395,125047886.311
JPN,1981,284895738.605376,285095512.67294395,76283.829
JPN,1981,284895738.605376,285095512.67294395,61259.231
JPN,1981,284895738.605376,285095512.67294395,560666.702
JPN,1981,284895738.605376,285095512.67294395,123647098.308
JPN,1981,284895738.605376,285095512.67294395,1245221.223
JPN,1981,284895738.605376,285095512.67294395,13509855.538
JPN,1981,284895738.605376,285095512.67294395,629439.66
JPN,1981,284895738.605376,285095512.67294395,567018.45
JPN,1981,284895738.605376,285095512.67294395,274615900.0
JPN,1980,273387921.1491499,273445046.0641579,15592830.73
JPN,1980,273387921.1491499,273445046.0641579,128206061.105
JPN,1980,273387921.1491499,273445046.0641579,117016416.888
JPN,1980,273387921.1491499,273445046.0641579,68769.399
JPN,1980,273387921.1491499,273445046.0641579,55033.076
JPN,1980,273387921.1491499,273445046.0641579,515325.147
JPN,1980,273387921.1491499,273445046.0641579,116845253.254
JPN,1980,273387921.1491499,273445046.0641579,1129377.079
JPN,1980,273387921.1491499,273445046.0641579,12478245.503
JPN,1980,273387921.1491499,273445046.0641579,565429.963
JPN,1980,273387921.1491499,273445046.0641579,516080.034
JPN,1980,273387921.1491499,273445046.0641579,256075900.0
JPN,1979,265896057.21915254,265951616.69562918,118043608.546
JPN,1979,265896057.21915254,265951616.69562918,53563.658
JPN,1979,265896057.21915254,265951616.69562918,491606.922
JPN,1979,265896057.21915254,265951616.69562918,107730740.853
JPN,1979,265896057.21915254,265951616.69562918,1077910.078
JPN,1979,265896057.21915254,265951616.69562918,11737940.075
JPN,1979,265896057.21915254,265951616.69562918,538667.557
JPN,1979,265896057.21915254,265951616.69562918,236213214.422
JPN,1978,252072306.48397514,252124977.46149346,109212002.505
JPN,1978,252072306.48397514,252124977.46149346,47110.451
JPN,1978,252072306.48397514,252124977.46149346,473591.002
JPN,1978,252072306.48397514,252124977.46149346,99663279.821
JPN,1978,252072306.48397514,252124977.46149346,1035611.752
JPN,1978,252072306.48397514,252124977.46149346,9914001.731
JPN,1978,252072306.48397514,252124977.46149346,518965.679
JPN,1978,252072306.48397514,252124977.46149346,217935863.164
JPN,1977,239448710.5347724,239498743.78875157,101066663.36
JPN,1977,239448710.5347724,239498743.78875157,34359.727
JPN,1977,239448710.5347724,239498743.78875157,326878.614
JPN,1977,239448710.5347724,239498743.78875157,87770176.575
JPN,1977,239448710.5347724,239498743.78875157,737069.291
JPN,1977,239448710.5347724,239498743.78875157,9225930.242
JPN,1977,239448710.5347724,239498743.78875157,376398.135
JPN,1977,239448710.5347724,239498743.78875157,197910475.307
JPN,1976,229378231.00978383,229426160.0175273,90473180.132
JPN,1976,229378231.00978383,229426160.0175273,25941.433
JPN,1976,229378231.00978383,229426160.0175273,272257.865
JPN,1976,229378231.00978383,229426160.0175273,80738750.474
JPN,1976,229378231.00978383,229426160.0175273,598883.902
JPN,1976,229378231.00978383,229426160.0175273,7692996.914
JPN,1976,229378231.00978383,229426160.0175273,305083.181
JPN,1976,229378231.00978383,229426160.0175273,177600518.394
JPN,1975,220609056.12512112,220655152.79739124,80209950.558
JPN,1975,220609056.12512112,220655152.79739124,22459.106
JPN,1975,220609056.12512112,220655152.79739124,241797.357
JPN,1975,220609056.12512112,220655152.79739124,71762433.186
JPN,1975,220609056.12512112,220655152.79739124,532861.439
JPN,1975,220609056.12512112,220655152.79739124,6665581.882
JPN,1975,220609056.12512112,220655152.79739124,270260.542
JPN,1975,220609056.12512112,220655152.79739124,158146614.293
JPN,1974,213993291.07539576,214038005.37175977,68832766.266
JPN,1974,213993291.07539576,214038005.37175977,21614.524
JPN,1974,213993291.07539576,214038005.37175977,239143.853
JPN,1974,213993291.07539576,214038005.37175977,69849734.483
JPN,1974,213993291.07539576,214038005.37175977,490035.79
JPN,1974,213993291.07539576,214038005.37175977,6313224.12
JPN,1974,213993291.07539576,214038005.37175977,235662.069
JPN,1974,213993291.07539576,214038005.37175977,143130878.624
JPN,1973,216647745.53935084,216693014.4893092,54252151.03
JPN,1973,216647745.53935084,216693014.4893092,21861.136
JPN,1973,216647745.53935084,216693014.4893092,233899.114
JPN,1973,216647745.53935084,216693014.4893092,63550779.202
JPN,1973,216647745.53935084,216693014.4893092,441460.637
JPN,1973,216647745.53935084,216693014.4893092,5939707.186
JPN,1973,216647745.53935084,216693014.4893092,199675.444
JPN,1973,216647745.53935084,216693014.4893092,119945590.758
JPN,1972,200539231.29737192,200581134.3423689,43285842.004
JPN,1972,200539231.29737192,200581134.3423689,15842.902
JPN,1972,200539231.29737192,200581134.3423689,175199.805
JPN,1972,200539231.29737192,200581134.3423689,53115762.923
JPN,1972,200539231.29737192,200581134.3423689,324933.841
JPN,1972,200539231.29737192,200581134.3423689,4803132.074
JPN,1972,200539231.29737192,200581134.3423689,142776.281
JPN,1972,200539231.29737192,200581134.3423689,98511004.992
JPN,1971,184976173.5263311,185014824.64203063,37181507.799
JPN,1971,184976173.5263311,185014824.64203063,12137.016
JPN,1971,184976173.5263311,185014824.64203063,132111.09
JPN,1971,184976173.5263311,185014824.64203063,46328412.158
JPN,1971,184976173.5263311,185014824.64203063,245364.061
JPN,1971,184976173.5263311,185014824.64203063,4256180.754
JPN,1971,184976173.5263311,185014824.64203063,106027.582
JPN,1971,184976173.5263311,185014824.64203063,86043703.039
JPN,1970,176674263.92377263,176711180.33992893,31358366.048
JPN,1970,176674263.92377263,176711180.33992893,10813.212
JPN,1970,176674263.92377263,176711180.33992893,126296.678
JPN,1970,176674263.92377263,176711180.33992893,45466804.186
JPN,1970,176674263.92377263,176711180.33992893,217223.653
JPN,1970,176674263.92377263,176711180.33992893,3892756.48
JPN,1970,176674263.92377263,176711180.33992893,87106.572
JPN,1970,176674263.92377263,176711180.33992893,78200514.979
