Economy_Label,1950_Absolute_value_in_thousands_Value,1950_Absolute_value_Footnote,1950_Absolute_value_MissingValue,1951_Absolute_value_in_thousands_Value,1951_Absolute_value_Footnote,1951_Absolute_value_MissingValue,1952_Absolute_value_in_thousands_Value,1952_Absolute_value_Footnote,1952_Absolute_value_MissingValue,1953_Absolute_value_in_thousands_Value,1953_Absolute_value_Footnote,1953_Absolute_value_MissingValue,1954_Absolute_value_in_thousands_Value,1954_Absolute_value_Footnote,1954_Absolute_value_MissingValue,1955_Absolute_value_in_thousands_Value,1955_Absolute_value_Footnote,1955_Absolute_value_MissingValue,1956_Absolute_value_in_thousands_Value,1956_Absolute_value_Footnote,1956_Absolute_value_MissingValue,1957_Absolute_value_in_thousands_Value,1957_Absolute_value_Footnote,1957_Absolute_value_MissingValue,1958_Absolute_value_in_thousands_Value,1958_Absolute_value_Footnote,1958_Absolute_value_MissingValue,1959_Absolute_value_in_thousands_Value,1959_Absolute_value_Footnote,1959_Absolute_value_MissingValue,1960_Absolute_value_in_thousands_Value,1960_Absolute_value_Footnote,1960_Absolute_value_MissingValue,1961_Absolute_value_in_thousands_Value,1961_Absolute_value_Footnote,1961_Absolute_value_MissingValue,1962_Absolute_value_in_thousands_Value,1962_Absolute_value_Footnote,1962_Absolute_value_MissingValue,1963_Absolute_value_in_thousands_Value,1963_Absolute_value_Footnote,1963_Absolute_value_MissingValue,1964_Absolute_value_in_thousands_Value,1964_Absolute_value_Footnote,1964_Absolute_value_MissingValue,1965_Absolute_value_in_thousands_Value,1965_Absolute_value_Footnote,1965_Absolute_value_MissingValue,1966_Absolute_value_in_thousands_Value,1966_Absolute_value_Footnote,1966_Absolute_value_MissingValue,1967_Absolute_value_in_thousands_Value,1967_Absolute_value_Footnote,1967_Absolute_value_MissingValue,1968_Absolute_value_in_thousands_Value,1968_Absolute_value_Footnote,1968_Absolute_value_MissingValue,1969_Absolute_value_in_thousands_Value,1969_Absolute_value_Footnote,1969_Absolute_value_MissingValue,1970_Absolute_value_in_thousands_Value,1970_Absolute_value_Footnote,1970_Absolute_value_MissingValue,1971_Absolute_value_in_thousands_Value,1971_Absolute_value_Footnote,1971_Absolute_value_MissingValue,1972_Absolute_value_in_thousands_Value,1972_Absolute_value_Footnote,1972_Absolute_value_MissingValue,1973_Absolute_value_in_thousands_Value,1973_Absolute_value_Footnote,1973_Absolute_value_MissingValue,1974_Absolute_value_in_thousands_Value,1974_Absolute_value_Footnote,1974_Absolute_value_MissingValue,1975_Absolute_value_in_thousands_Value,1975_Absolute_value_Footnote,1975_Absolute_value_MissingValue,1976_Absolute_value_in_thousands_Value,1976_Absolute_value_Footnote,1976_Absolute_value_MissingValue,1977_Absolute_value_in_thousands_Value,1977_Absolute_value_Footnote,1977_Absolute_value_MissingValue,1978_Absolute_value_in_thousands_Value,1978_Absolute_value_Footnote,1978_Absolute_value_MissingValue,1979_Absolute_value_in_thousands_Value,1979_Absolute_value_Footnote,1979_Absolute_value_MissingValue,1980_Absolute_value_in_thousands_Value,1980_Absolute_value_Footnote,1980_Absolute_value_MissingValue,1981_Absolute_value_in_thousands_Value,1981_Absolute_value_Footnote,1981_Absolute_value_MissingValue,1982_Absolute_value_in_thousands_Value,1982_Absolute_value_Footnote,1982_Absolute_value_MissingValue,1983_Absolute_value_in_thousands_Value,1983_Absolute_value_Footnote,1983_Absolute_value_MissingValue,1984_Absolute_value_in_thousands_Value,1984_Absolute_value_Footnote,1984_Absolute_value_MissingValue,1985_Absolute_value_in_thousands_Value,1985_Absolute_value_Footnote,1985_Absolute_value_MissingValue,1986_Absolute_value_in_thousands_Value,1986_Absolute_value_Footnote,1986_Absolute_value_MissingValue,1987_Absolute_value_in_thousands_Value,1987_Absolute_value_Footnote,1987_Absolute_value_MissingValue,1988_Absolute_value_in_thousands_Value,1988_Absolute_value_Footnote,1988_Absolute_value_MissingValue,1989_Absolute_value_in_thousands_Value,1989_Absolute_value_Footnote,1989_Absolute_value_MissingValue,1990_Absolute_value_in_thousands_Value,1990_Absolute_value_Footnote,1990_Absolute_value_MissingValue,1991_Absolute_value_in_thousands_Value,1991_Absolute_value_Footnote,1991_Absolute_value_MissingValue,1992_Absolute_value_in_thousands_Value,1992_Absolute_value_Footnote,1992_Absolute_value_MissingValue,1993_Absolute_value_in_thousands_Value,1993_Absolute_value_Footnote,1993_Absolute_value_MissingValue,1994_Absolute_value_in_thousands_Value,1994_Absolute_value_Footnote,1994_Absolute_value_MissingValue,1995_Absolute_value_in_thousands_Value,1995_Absolute_value_Footnote,1995_Absolute_value_MissingValue,1996_Absolute_value_in_thousands_Value,1996_Absolute_value_Footnote,1996_Absolute_value_MissingValue,1997_Absolute_value_in_thousands_Value,1997_Absolute_value_Footnote,1997_Absolute_value_MissingValue,1998_Absolute_value_in_thousands_Value,1998_Absolute_value_Footnote,1998_Absolute_value_MissingValue,1999_Absolute_value_in_thousands_Value,1999_Absolute_value_Footnote,1999_Absolute_value_MissingValue,2000_Absolute_value_in_thousands_Value,2000_Absolute_value_Footnote,2000_Absolute_value_MissingValue,2001_Absolute_value_in_thousands_Value,2001_Absolute_value_Footnote,2001_Absolute_value_MissingValue,2002_Absolute_value_in_thousands_Value,2002_Absolute_value_Footnote,2002_Absolute_value_MissingValue,2003_Absolute_value_in_thousands_Value,2003_Absolute_value_Footnote,2003_Absolute_value_MissingValue,2004_Absolute_value_in_thousands_Value,2004_Absolute_value_Footnote,2004_Absolute_value_MissingValue,2005_Absolute_value_in_thousands_Value,2005_Absolute_value_Footnote,2005_Absolute_value_MissingValue,2006_Absolute_value_in_thousands_Value,2006_Absolute_value_Footnote,2006_Absolute_value_MissingValue,2007_Absolute_value_in_thousands_Value,2007_Absolute_value_Footnote,2007_Absolute_value_MissingValue,2008_Absolute_value_in_thousands_Value,2008_Absolute_value_Footnote,2008_Absolute_value_MissingValue,2009_Absolute_value_in_thousands_Value,2009_Absolute_value_Footnote,2009_Absolute_value_MissingValue,2010_Absolute_value_in_thousands_Value,2010_Absolute_value_Footnote,2010_Absolute_value_MissingValue,2011_Absolute_value_in_thousands_Value,2011_Absolute_value_Footnote,2011_Absolute_value_MissingValue,2012_Absolute_value_in_thousands_Value,2012_Absolute_value_Footnote,2012_Absolute_value_MissingValue,2013_Absolute_value_in_thousands_Value,2013_Absolute_value_Footnote,2013_Absolute_value_MissingValue,2014_Absolute_value_in_thousands_Value,2014_Absolute_value_Footnote,2014_Absolute_value_MissingValue,2015_Absolute_value_in_thousands_Value,2015_Absolute_value_Footnote,2015_Absolute_value_MissingValue,2016_Absolute_value_in_thousands_Value,2016_Absolute_value_Footnote,2016_Absolute_value_MissingValue,2017_Absolute_value_in_thousands_Value,2017_Absolute_value_Footnote,2017_Absolute_value_MissingValue,2018_Absolute_value_in_thousands_Value,2018_Absolute_value_Footnote,2018_Absolute_value_MissingValue,2019_Absolute_value_in_thousands_Value,2019_Absolute_value_Footnote,2019_Absolute_value_MissingValue,2020_Absolute_value_in_thousands_Value,2020_Absolute_value_Footnote,2020_Absolute_value_MissingValue,2021_Absolute_value_in_thousands_Value,2021_Absolute_value_Footnote,2021_Absolute_value_MissingValue,2022_Absolute_value_in_thousands_Value,2022_Absolute_value_Footnote,2022_Absolute_value_MissingValue,2023_Absolute_value_in_thousands_Value,2023_Absolute_value_Footnote,2023_Absolute_value_MissingValue,2024_Absolute_value_in_thousands_Value,2024_Absolute_value_Footnote,2024_Absolute_value_MissingValue,2025_Absolute_value_in_thousands_Value,2025_Absolute_value_Footnote,2025_Absolute_value_MissingValue,2026_Absolute_value_in_thousands_Value,2026_Absolute_value_Footnote,2026_Absolute_value_MissingValue,2027_Absolute_value_in_thousands_Value,2027_Absolute_value_Footnote,2027_Absolute_value_MissingValue,2028_Absolute_value_in_thousands_Value,2028_Absolute_value_Footnote,2028_Absolute_value_MissingValue,2029_Absolute_value_in_thousands_Value,2029_Absolute_value_Footnote,2029_Absolute_value_MissingValue,2030_Absolute_value_in_thousands_Value,2030_Absolute_value_Footnote,2030_Absolute_value_MissingValue,2031_Absolute_value_in_thousands_Value,2031_Absolute_value_Footnote,2031_Absolute_value_MissingValue,2032_Absolute_value_in_thousands_Value,2032_Absolute_value_Footnote,2032_Absolute_value_MissingValue,2033_Absolute_value_in_thousands_Value,2033_Absolute_value_Footnote,2033_Absolute_value_MissingValue,2034_Absolute_value_in_thousands_Value,2034_Absolute_value_Footnote,2034_Absolute_value_MissingValue,2035_Absolute_value_in_thousands_Value,2035_Absolute_value_Footnote,2035_Absolute_value_MissingValue,2036_Absolute_value_in_thousands_Value,2036_Absolute_value_Footnote,2036_Absolute_value_MissingValue,2037_Absolute_value_in_thousands_Value,2037_Absolute_value_Footnote,2037_Absolute_value_MissingValue,2038_Absolute_value_in_thousands_Value,2038_Absolute_value_Footnote,2038_Absolute_value_MissingValue,2039_Absolute_value_in_thousands_Value,2039_Absolute_value_Footnote,2039_Absolute_value_MissingValue,2040_Absolute_value_in_thousands_Value,2040_Absolute_value_Footnote,2040_Absolute_value_MissingValue,2041_Absolute_value_in_thousands_Value,2041_Absolute_value_Footnote,2041_Absolute_value_MissingValue,2042_Absolute_value_in_thousands_Value,2042_Absolute_value_Footnote,2042_Absolute_value_MissingValue,2043_Absolute_value_in_thousands_Value,2043_Absolute_value_Footnote,2043_Absolute_value_MissingValue,2044_Absolute_value_in_thousands_Value,2044_Absolute_value_Footnote,2044_Absolute_value_MissingValue,2045_Absolute_value_in_thousands_Value,2045_Absolute_value_Footnote,2045_Absolute_value_MissingValue,2046_Absolute_value_in_thousands_Value,2046_Absolute_value_Footnote,2046_Absolute_value_MissingValue,2047_Absolute_value_in_thousands_Value,2047_Absolute_value_Footnote,2047_Absolute_value_MissingValue,2048_Absolute_value_in_thousands_Value,2048_Absolute_value_Footnote,2048_Absolute_value_MissingValue,2049_Absolute_value_in_thousands_Value,2049_Absolute_value_Footnote,2049_Absolute_value_MissingValue,2050_Absolute_value_in_thousands_Value,2050_Absolute_value_Footnote,2050_Absolute_value_MissingValue
"World",2493093,,,2536927,,,2584086,,,2634106,,,2685895,,,2740214,,,2795410,,,2852618,,,2911250,,,2965950,,,3015471,,,3064870,,,3123374,,,3192808,,,3264487,,,3334534,,,3404041,,,3473413,,,3545187,,,3619492,,,3694684,,,3769848,,,3844918,,,3920805,,,3996416,,,4070735,,,4144246,,,4217864,,,4292098,,,4368540,,,4447606,,,4528777,,,4612673,,,4697328,,,4782176,,,4868943,,,4958073,,,5049746,,,5141993,,,5234432,,,5327803,,,5418736,,,5505990,,,5591545,,,5675551,,,5758879,,,5842056,,,5924788,,,6007067,,,6089006,,,6171703,,,6254936,,,6337730,,,6420362,,,6503378,,,6586970,,,6671452,,,6757309,,,6844458,,,6932766,,,7021732,,,7110924,,,7201202,,,7291794,,,7381616,,,7470492,,,7558555,,,7645618,,,7729903,,,7811294,,,7887001,,,7954448,,,8021407,,,8091735,,,8161973,,,8231613,,,8300678,,,8369094,,,8436619,,,8503285,,,8569125,,,8634119,,,8698230,,,8761449,,,8823785,,,8885210,,,8945687,,,9005153,,,9063573,,,9120928,,,9177190,,,9232282,,,9286110,,,9338661,,,9389874,,,9439640,,,9487890,,,9534546,,,9579536,,,9622824,,,9664379,,
"Africa",227776,,,232557,,,237540,,,242685,,,248006,,,253538,,,259271,,,265129,,,271042,,,277272,,,283922,,,290814,,,297960,,,305371,,,313060,,,321013,,,329252,,,337851,,,346801,,,356032,,,365552,,,375326,,,385312,,,395822,,,406870,,,418433,,,430497,,,442660,,,455539,,,469198,,,483051,,,497621,,,512959,,,528232,,,543638,,,559664,,,575967,,,592601,,,609387,,,626359,,,643775,,,661104,,,678558,,,696621,,,714502,,,732695,,,751473,,,770384,,,789981,,,810080,,,830583,,,851690,,,873411,,,895734,,,918778,,,942546,,,966932,,,992056,,,1018065,,,1044778,,,1072216,,,1100149,,,1128843,,,1158780,,,1189220,,,1220075,,,1251208,,,1282902,,,1315410,,,1348005,,,1380821,,,1413753,,,1446884,,,1480771,,,1515141,,,1549868,,,1584985,,,1620262,,,1655677,,,1691327,,,1727213,,,1763341,,,1799678,,,1836165,,,1872849,,,1909745,,,1946780,,,1983889,,,2021069,,,2058326,,,2095653,,,2133011,,,2170362,,,2207713,,,2245033,,,2282242,,,2319336,,,2356368,,,2393301,,,2430064,,,2466648,,
"Americas",335792,,,342809,,,350087,,,357600,,,365377,,,373407,,,381692,,,390249,,,398992,,,408077,,,417521,,,427226,,,437118,,,447027,,,456964,,,466843,,,476581,,,486190,,,495698,,,505217,,,515081,,,525203,,,535104,,,544799,,,554516,,,564297,,,574121,,,584093,,,594232,,,604509,,,614996,,,625568,,,636207,,,646988,,,657807,,,668598,,,679323,,,690036,,,700865,,,711801,,,723167,,,734828,,,746446,,,757898,,,769067,,,780098,,,790984,,,801749,,,812545,,,823278,,,833823,,,844244,,,854486,,,864558,,,874538,,,884495,,,894470,,,904530,,,914595,,,924521,,,934294,,,944030,,,953741,,,963368,,,972891,,,982257,,,991581,,,1000714,,,1009489,,,1017895,,,1024464,,,1029207,,,1034849,,,1041794,,,1048761,,,1055417,,,1061764,,,1067878,,,1073826,,,1079593,,,1085173,,,1090588,,,1095833,,,1100899,,,1105806,,,1110539,,,1115075,,,1119429,,,1123606,,,1127572,,,1131310,,,1134831,,,1138151,,,1141252,,,1144107,,,1146736,,,1149135,,,1151321,,,1153304,,,1155063,,,1156637,,
"Asia",1342487,,,1368589,,,1397567,,,1428601,,,1460688,,,1494680,,,1529013,,,1564590,,,1600895,,,1632781,,,1658839,,,1684161,,,1718198,,,1763036,,,1810021,,,1855465,,,1900484,,,1945464,,,1992786,,,2042332,,,2092756,,,2142495,,,2191625,,,2241623,,,2291124,,,2339172,,,2385961,,,2432439,,,2478758,,,2526545,,,2576439,,,2627783,,,2681414,,,2735722,,,2790037,,,2845651,,,2903089,,,2962541,,,3022248,,,3082075,,,3142413,,,3200528,,,3325623,,,3380866,,,3434525,,,3487681,,,3540730,,,3593265,,,3645256,,,3696552,,,3747780,,,3798918,,,3848341,,,3896799,,,3945396,,,3993927,,,4042826,,,4091637,,,4140358,,,4189939,,,4239823,,,4289496,,,4339609,,,4388941,,,4436946,,,4483308,,,4528415,,,4572479,,,4613624,,,4652385,,,4688113,,,4718316,,,4747661,,,4778004,,,4806898,,,4835320,,,4863327,,,4890963,,,4917844,,,4943926,,,4969233,,,4993723,,,5017352,,,5040129,,,5062015,,,5082984,,,5103101,,,5122350,,,5140673,,,5158094,,,5174593,,,5190088,,,5204529,,,5217955,,,5230376,,,5241727,,,5251950,,,5260933,,,5268643,,,5275145,,,5280378,,
"Europe",574455,,,580056,,,585664,,,591694,,,598000,,,604444,,,610949,,,617825,,,625155,,,632311,,,639328,,,646453,,,653537,,,660469,,,667188,,,673595,,,679739,,,685576,,,691232,,,696876,,,701801,,,706788,,,712383,,,717695,,,722679,,,727278,,,731825,,,736557,,,741185,,,745634,,,750166,,,754498,,,758403,,,762321,,,766273,,,770253,,,774545,,,779024,,,783536,,,787821,,,791609,,,794962,,,727617,,,728006,,,728885,,,729381,,,729370,,,729425,,,728864,,,728218,,,728164,,,728238,,,729127,,,730376,,,731246,,,732047,,,732684,,,733896,,,735549,,,736936,,,738145,,,739359,,,740459,,,741471,,,742641,,,744237,,,746003,,,747429,,,748565,,,749504,,,749524,,,748614,,,746965,,,745603,,,745084,,,744399,,,743482,,,742372,,,741159,,,739842,,,738433,,,736926,,,735366,,,733801,,,732211,,,730591,,,728934,,,727248,,,725552,,,723831,,,722102,,,720391,,,718678,,,716926,,,715122,,,713280,,,711394,,,709439,,,707396,,,705257,,,703028,,
"Oceania",12582,,,12915,,,13229,,,13527,,,13824,,,14145,,,14484,,,14825,,,15166,,,15510,,,15862,,,16217,,,16561,,,16904,,,17254,,,17617,,,17986,,,18332,,,18670,,,19033,,,19494,,,20036,,,20494,,,20866,,,21228,,,21556,,,21842,,,22114,,,22383,,,22653,,,22954,,,23307,,,23690,,,24064,,,24421,,,24777,,,25150,,,25544,,,25956,,,26377,,,26839,,,27315,,,27746,,,28154,,,28573,,,29025,,,29498,,,29964,,,30420,,,30880,,,31353,,,31847,,,32366,,,32894,,,33419,,,33956,,,34540,,,35190,,,35890,,,36593,,,37254,,,37890,,,38550,,,39234,,,39918,,,40615,,,41347,,,42094,,,42815,,,43504,,,44079,,,44558,,,45049,,,45563,,,46089,,,46610,,,47119,,,47619,,,48113,,,48597,,,49072,,,49540,,,50001,,,50455,,,50904,,,51351,,,51797,,,52237,,,52673,,,53105,,,53532,,,53961,,,54390,,,54815,,,55235,,,55655,,,56074,,,56485,,,56891,,,57295,,,57688,,
"Individual economies",,,"Not applicable",,,"Not applicable",,,"Not applicable",,,"Not applicable",,,"Not applicable",,,"Not applicable",,,"Not applicable",,,"Not applicable",,,"Not applicable",,,"Not applicable",,,"Not applicable",,,"Not applicable",,,"Not applicable",,,"Not applicable",,,"Not applicable",,,"Not applicable",,,"Not applicable",,,"Not applicable",,,"Not applicable",,,"Not applicable",,,"Not applicable",,,"Not applicable",,,"Not applicable",,,"Not applicable",,,"Not applicable",,,"Not applicable",,,"Not applicable",,,"Not applicable",,,"Not applicable",,,"Not applicable",,,"Not applicable",,,"Not applicable",,,"Not applicable",,,"Not applicable",,,"Not applicable",,,"Not applicable",,,"Not applicable",,,"Not applicable",,,"Not applicable",,,"Not applicable",,,"Not applicable",,,"Not applicable",,,"Not applicable",,,"Not applicable",,,"Not applicable",,,"Not applicable",,,"Not applicable",,,"Not applicable",,,"Not applicable",,,"Not applicable",,,"Not applicable",,,"Not applicable",,,"Not applicable",,,"Not applicable",,,"Not applicable",,,"Not applicable",,,"Not applicable",,,"Not applicable",,,"Not applicable",,,"Not applicable",,,"Not applicable",,,"Not applicable",,,"Not applicable",,,"Not applicable",,,"Not applicable",,,"Not applicable",,,"Not applicable",,,"Not applicable",,,"Not applicable",,,"Not applicable",,,"Not applicable",,,"Not applicable",,,"Not applicable",,,"Not applicable",,,"Not applicable",,,"Not applicable",,,"Not applicable",,,"Not applicable",,,"Not applicable",,,"Not applicable",,,"Not applicable",,,"Not applicable",,,"Not applicable",,,"Not applicable",,,"Not applicable",,,"Not applicable",,,"Not applicable",,,"Not applicable",,,"Not applicable",,,"Not applicable",,,"Not applicable",,,"Not applicable",,,"Not applicable",,,"Not applicable",,,"Not applicable",,,"Not applicable",,,"Not applicable",,,"Not applicable",,,"Not applicable",,,"Not applicable",,,"Not applicable"
"Special economies",,,"Not applicable",,,"Not applicable",,,"Not applicable",,,"Not applicable",,,"Not applicable",,,"Not applicable",,,"Not applicable",,,"Not applicable",,,"Not applicable",,,"Not applicable",,,"Not applicable",,,"Not applicable",,,"Not applicable",,,"Not applicable",,,"Not applicable",,,"Not applicable",,,"Not applicable",,,"Not applicable",,,"Not applicable",,,"Not applicable",,,"Not applicable",,,"Not applicable",,,"Not applicable",,,"Not applicable",,,"Not applicable",,,"Not applicable",,,"Not applicable",,,"Not applicable",,,"Not applicable",,,"Not applicable",,,"Not applicable",,,"Not applicable",,,"Not applicable",,,"Not applicable",,,"Not applicable",,,"Not applicable",,,"Not applicable",,,"Not applicable",,,"Not applicable",,,"Not applicable",,,"Not applicable",,,"Not applicable",,,"Not applicable",,,"Not applicable",,,"Not applicable",,,"Not applicable",,,"Not applicable",,,"Not applicable",,,"Not applicable",,,"Not applicable",,,"Not applicable",,,"Not applicable",,,"Not applicable",,,"Not applicable",,,"Not applicable",,,"Not applicable",,,"Not applicable",,,"Not applicable",,,"Not applicable",,,"Not applicable",,,"Not applicable",,,"Not applicable",,,"Not applicable",,,"Not applicable",,,"Not applicable",,,"Not applicable",,,"Not applicable",,,"Not applicable",,,"Not applicable",,,"Not applicable",,,"Not applicable",,,"Not applicable",,,"Not applicable",,,"Not applicable",,,"Not applicable",,,"Not applicable",,,"Not applicable",,,"Not applicable",,,"Not applicable",,,"Not applicable",,,"Not applicable",,,"Not applicable",,,"Not applicable",,,"Not applicable",,,"Not applicable",,,"Not applicable",,,"Not applicable",,,"Not applicable",,,"Not applicable",,,"Not applicable",,,"Not applicable",,,"Not applicable",,,"Not applicable",,,"Not applicable",,,"Not applicable",,,"Not applicable",,,"Not applicable",,,"Not applicable",,,"Not applicable",,,"Not applicable",,,"Not applicable"
"Asia and Oceania",1355069,,,1381504,,,1410796,,,1442128,,,1474512,,,1508825,,,1543497,,,1579416,,,1616061,,,1648290,,,1674701,,,1700377,,,1734759,,,1779941,,,1827275,,,1873082,,,1918469,,,1963796,,,2011456,,,2061366,,,2112250,,,2162531,,,2212119,,,2262488,,,2312352,,,2360728,,,2407803,,,2454553,,,2501141,,,2549198,,,2599393,,,2651090,,,2705104,,,2759786,,,2814458,,,2870428,,,2928238,,,2988085,,,3048204,,,3108451,,,3169252,,,3227843,,,3353369,,,3409020,,,3463097,,,3516705,,,3570228,,,3623230,,,3675676,,,3727432,,,3779133,,,3830765,,,3880707,,,3929693,,,3978815,,,4027882,,,4077366,,,4126827,,,4176248,,,4226532,,,4277076,,,4327386,,,4378159,,,4428175,,,4476865,,,4523923,,,4569762,,,4614572,,,4656439,,,4695889,,,4732192,,,4762875,,,4792710,,,4823567,,,4852987,,,4881930,,,4910446,,,4938582,,,4965957,,,4992523,,,5018305,,,5043263,,,5067353,,,5090584,,,5112919,,,5134335,,,5154898,,,5174586,,,5193346,,,5211199,,,5228125,,,5244048,,,5258918,,,5272770,,,5285611,,,5297382,,,5308024,,,5317418,,,5325535,,,5332440,,,5338067,,
"Northern America and Europe",742465,,,750687,,,759008,,,767828,,,777024,,,786443,,,796006,,,806040,,,816550,,,827050,,,837580,,,848287,,,858959,,,869345,,,879418,,,889025,,,898152,,,906781,,,915076,,,923315,,,931141,,,939215,,,947562,,,955321,,,962687,,,969664,,,976558,,,983656,,,990670,,,997556,,,1004668,,,1011656,,,1018239,,,1024833,,,1031411,,,1037986,,,1044826,,,1051843,,,1058975,,,1065981,,,1072892,,,1079711,,,1015843,,,1019591,,,1023628,,,1027167,,,1030120,,,1033075,,,1035437,,,1037726,,,1040664,,,1043855,,,1047871,,,1052246,,,1056291,,,1060329,,,1064299,,,1068959,,,1074095,,,1078912,,,1083531,,,1088146,,,1092623,,,1097001,,,1101516,,,1106451,,,1111661,,,1116568,,,1121042,,,1125203,,,1127258,,,1127355,,,1127446,,,1128506,,,1130379,,,1131927,,,1133111,,,1134008,,,1134773,,,1135393,,,1135863,,,1136202,,,1136451,,,1136656,,,1136811,,,1136902,,,1136911,,,1136864,,,1136780,,,1136616,,,1136381,,,1136116,,,1135822,,,1135444,,,1134943,,,1134351,,,1133657,,,1132844,,,1131901,,,1130813,,,1129608,,
"Europe, Northern America, Australia and New Zealand",752553,,,761057,,,769636,,,778692,,,788119,,,797788,,,807616,,,817912,,,828682,,,839443,,,850241,,,861217,,,872151,,,882796,,,893135,,,903019,,,912427,,,921315,,,929861,,,938372,,,946562,,,955080,,,963786,,,971819,,,979448,,,986652,,,993732,,,1001000,,,1008179,,,1015230,,,1022536,,,1029765,,,1036616,,,1043467,,,1050281,,,1057090,,,1064177,,,1071464,,,1078885,,,1086184,,,1093415,,,1100545,,,1036925,,,1040887,,,1045147,,,1048937,,,1052155,,,1055357,,,1057950,,,1060472,,,1063654,,,1067113,,,1071418,,,1076088,,,1080421,,,1084759,,,1089072,,,1094136,,,1099727,,,1104999,,,1110021,,,1115009,,,1119887,,,1124691,,,1129635,,,1135013,,,1140706,,,1146112,,,1151063,,,1155675,,,1158072,,,1158420,,,1158779,,,1160130,,,1162306,,,1164153,,,1165626,,,1166803,,,1167844,,,1168731,,,1169459,,,1170052,,,1170549,,,1170996,,,1171390,,,1171719,,,1171966,,,1172151,,,1172298,,,1172364,,,1172356,,,1172322,,,1172263,,,1172118,,,1171845,,,1171483,,,1171021,,,1170435,,,1169719,,,1168855,,,1167870,,
"Central and Southern Asia",464074,,,474054,,,484592,,,495457,,,506803,,,518752,,,531135,,,543649,,,556537,,,570110,,,584134,,,598678,,,613531,,,628682,,,644239,,,659780,,,675155,,,690968,,,707177,,,723525,,,740680,,,757526,,,774741,,,793460,,,812928,,,833131,,,853735,,,874936,,,896374,,,918518,,,941672,,,965368,,,989702,,,1014618,,,1040044,,,1065860,,,1092119,,,1118644,,,1145365,,,1172487,,,1199878,,,1227344,,,1308097,,,1336270,,,1363923,,,1391871,,,1420082,,,1448376,,,1476886,,,1505763,,,1534794,,,1563977,,,1592671,,,1621101,,,1649885,,,1678121,,,1705977,,,1733040,,,1759490,,,1786570,,,1813842,,,1840842,,,1867238,,,1892781,,,1917606,,,1941567,,,1965448,,,1989429,,,2013149,,,2036731,,,2059942,,,2081130,,,2101809,,,2123893,,,2146282,,,2168806,,,2191194,,,2213450,,,2235576,,,2257502,,,2279183,,,2300559,,,2321551,,,2342153,,,2362314,,,2382002,,,2401278,,,2420084,,,2438366,,,2456179,,,2473537,,,2490414,,,2506746,,,2522552,,,2537883,,,2552734,,,2567135,,,2580999,,,2594292,,,2607122,,,2619450,,
"Eastern and South-Eastern Asia",836464,,,851474,,,868736,,,887673,,,907148,,,927908,,,948480,,,970085,,,992037,,,1008841,,,1019338,,,1028545,,,1046069,,,1074016,,,1103663,,,1131755,,,1159510,,,1186705,,,1215783,,,1246878,,,1278014,,,1308693,,,1338308,,,1367263,,,1394955,,,1420448,,,1444212,,,1466934,,,1489156,,,1512087,,,1536008,,,1560779,,,1587078,,,1613228,,,1638741,,,1665217,,,1692992,,,1722353,,,1751799,,,1780879,,,1810838,,,1838247,,,1862228,,,1885215,,,1907107,,,1928450,,,1949415,,,1969787,,,1989412,,,2007956,,,2026096,,,2043847,,,2060302,,,2076016,,,2091446,,,2107133,,,2123271,,,2139701,,,2156408,,,2173485,,,2190840,,,2207927,,,2225809,,,2243785,,,2260819,,,2276839,,,2292382,,,2307986,,,2321416,,,2332292,,,2340521,,,2345241,,,2348163,,,2350146,,,2351265,,,2352217,,,2353002,,,2353538,,,2353592,,,2353149,,,2352272,,,2350961,,,2349208,,,2347025,,,2344429,,,2341427,,,2338007,,,2334212,,,2330052,,,2325484,,,2320467,,,2314983,,,2309047,,,2302681,,,2295839,,,2288437,,,2280413,,,2271739,,,2262406,,,2252362,,,2241608,,
"Western Asia and Northern Africa",94488,,,96844,,,99334,,,101943,,,104631,,,107374,,,110246,,,113212,,,116183,,,119242,,,122400,,,125615,,,128959,,,132436,,,136002,,,139621,,,143394,,,147370,,,151474,,,155696,,,159990,,,164404,,,168958,,,173705,,,178574,,,183662,,,189068,,,194573,,,200249,,,206134,,,212323,,,218725,,,225247,,,231967,,,238803,,,245632,,,252515,,,259466,,,266249,,,273073,,,279552,,,286292,,,309970,,,317377,,,324826,,,332058,,,339194,,,346355,,,353585,,,360890,,,368492,,,376276,,,384160,,,392084,,,400142,,,408547,,,417321,,,426613,,,436349,,,446132,,,455827,,,465720,,,465277,,,475599,,,486457,,,497571,,,508025,,,517512,,,526457,,,535333,,,543949,,,552427,,,562409,,,572507,,,581482,,,590599,,,599872,,,608945,,,617677,,,626277,,,634758,,,643143,,,651482,,,659787,,,668056,,,676284,,,684479,,,692648,,,700768,,,708852,,,716903,,,724885,,,732787,,,740589,,,748297,,,755919,,,763418,,,770791,,,778070,,,785263,,,792346,,
"Developing economies",1632556,,,1666298,,,1703162,,,1742322,,,1782889,,,1825742,,,1869374,,,1914663,,,1960904,,,2003175,,,2040237,,,2077029,,,2122995,,,2180166,,,2239872,,,2298365,,,2356823,,,2415469,,,2476633,,,2540397,,,2605355,,,2669945,,,2734216,,,2799917,,,2865768,,,2930908,,,2995572,,,3060299,,,3125827,,,3193759,,,3264166,,,3336838,,,3412635,,,3489244,,,3566158,,,3645036,,,3725899,,,3809025,,,3892634,,,3976617,,,4061574,,,4144283,,,4294260,,,4375018,,,4453926,,,4532683,,,4611907,,,4690680,,,4769632,,,4848355,,,4927195,,,5006296,,,5084160,,,5161585,,,5239811,,,5318682,,,5398478,,,5478871,,,5560044,,,5642713,,,5726292,,,5810073,,,5895014,,,5980374,,,6064857,,,6147946,,,6229944,,,6311339,,,6390505,,,6467207,,,6540664,,,6608241,,,6675413,,,6744884,,,6813451,,,6881801,,,6949994,,,7017868,,,7085013,,,7151477,,,7217295,,,7282424,,,7346787,,,7410337,,,7473079,,,7534997,,,7596066,,,7656201,,,7715340,,,7773505,,,7830661,,,7886687,,,7941481,,,7995081,,,8047478,,,8098529,,,8148172,,,8196354,,,8243013,,,8288127,,,8331641,,
"Developing economies: Africa",227776,,,232557,,,237540,,,242685,,,248006,,,253538,,,259271,,,265129,,,271042,,,277272,,,283922,,,290814,,,297960,,,305371,,,313060,,,321013,,,329252,,,337851,,,346801,,,356032,,,365552,,,375326,,,385312,,,395822,,,406870,,,418433,,,430497,,,442660,,,455539,,,469198,,,483051,,,497621,,,512959,,,528232,,,543638,,,559664,,,575967,,,592601,,,609387,,,626359,,,643775,,,661104,,,678558,,,696621,,,714502,,,732695,,,751473,,,770384,,,789981,,,810080,,,830583,,,851690,,,873411,,,895734,,,918778,,,942546,,,966932,,,992056,,,1018065,,,1044778,,,1072216,,,1100149,,,1128843,,,1158780,,,1189220,,,1220075,,,1251208,,,1282902,,,1315410,,,1348005,,,1380821,,,1413753,,,1446884,,,1480771,,,1515141,,,1549868,,,1584985,,,1620262,,,1655677,,,1691327,,,1727213,,,1763341,,,1799678,,,1836165,,,1872849,,,1909745,,,1946780,,,1983889,,,2021069,,,2058326,,,2095653,,,2133011,,,2170362,,,2207713,,,2245033,,,2282242,,,2319336,,,2356368,,,2393301,,,2430064,,,2466648,,
"Developing economies: Americas",167782,,,172179,,,176743,,,181465,,,186352,,,191408,,,196635,,,202035,,,207597,,,213338,,,219268,,,225392,,,231696,,,238152,,,244734,,,251413,,,258168,,,264985,,,271854,,,278779,,,285741,,,292776,,,299925,,,307174,,,314507,,,321910,,,329388,,,336994,,,344748,,,352587,,,360493,,,368411,,,376372,,,384477,,,392669,,,400865,,,409042,,,417217,,,425426,,,433641,,,441885,,,450079,,,458220,,,466313,,,474323,,,482311,,,490234,,,498099,,,505973,,,513769,,,521323,,,528626,,,535741,,,542688,,,549494,,,556212,,,562855,,,569468,,,576049,,,582545,,,588908,,,595243,,,601577,,,607837,,,614015,,,620043,,,625923,,,631575,,,637012,,,642196,,,646729,,,650465,,,654367,,,658892,,,663466,,,667889,,,672136,,,676242,,,680211,,,684042,,,687743,,,691313,,,694748,,,698044,,,701206,,,704227,,,707098,,,709813,,,712379,,,714787,,,717030,,,719106,,,721007,,,722734,,,724286,,,725665,,,726872,,,727917,,,728799,,,729507,,,730057,,
"Developing economies: Asia and Oceania",1236998,,,1261563,,,1288880,,,1318171,,,1348531,,,1380796,,,1413468,,,1447500,,,1482265,,,1512565,,,1537047,,,1560824,,,1593339,,,1636643,,,1682078,,,1725939,,,1769403,,,1812633,,,1857978,,,1905586,,,1954062,,,2001842,,,2048979,,,2096921,,,2144390,,,2190565,,,2235687,,,2280645,,,2325540,,,2371973,,,2420621,,,2470807,,,2523305,,,2576535,,,2629852,,,2684507,,,2740890,,,2799206,,,2857821,,,2916617,,,2975914,,,3033101,,,3157482,,,3212084,,,3265100,,,3317677,,,3370200,,,3422196,,,3473678,,,3524507,,,3575290,,,3625980,,,3675007,,,3723163,,,3771538,,,3819924,,,3868691,,,3917348,,,3965930,,,4015390,,,4065168,,,4114682,,,4164594,,,4213757,,,4261622,,,4307828,,,4352812,,,4396862,,,4438083,,,4477006,,,4513113,,,4544023,,,4574163,,,4605222,,,4634844,,,4664045,,,4692874,,,4721364,,,4749124,,,4776108,,,4802338,,,4827769,,,4852362,,,4876127,,,4899024,,,4921025,,,4942189,,,4962499,,,4981893,,,5000392,,,5017977,,,5034570,,,5050111,,,5064634,,,5078159,,,5090623,,,5101964,,,5112070,,,5120913,,,5128555,,,5134937,,
"Developing economies: Asia",1234504,,,1259018,,,1286279,,,1315508,,,1345802,,,1377996,,,1410593,,,1444547,,,1479232,,,1509448,,,1533845,,,1557538,,,1589970,,,1633190,,,1678541,,,1722316,,,1765693,,,1808835,,,1854093,,,1901609,,,1949990,,,1997672,,,2044709,,,2092553,,,2139923,,,2185998,,,2231018,,,2275874,,,2320667,,,2366994,,,2415535,,,2465609,,,2517992,,,2571105,,,2624301,,,2678833,,,2735092,,,2793284,,,2851775,,,2910444,,,2969598,,,3026620,,,3150818,,,3205226,,,3258046,,,3310422,,,3362736,,,3414514,,,3465771,,,3516372,,,3566927,,,3617390,,,3666188,,,3714111,,,3762250,,,3810397,,,3858923,,,3907336,,,3955672,,,4004884,,,4054404,,,4103655,,,4153308,,,4202213,,,4249822,,,4295776,,,4340510,,,4384312,,,4425288,,,4463974,,,4499848,,,4530528,,,4560446,,,4591284,,,4620682,,,4649662,,,4678269,,,4706540,,,4734082,,,4760849,,,4786862,,,4812079,,,4836459,,,4860013,,,4882699,,,4904490,,,4925446,,,4945550,,,4964738,,,4983035,,,5000420,,,5016816,,,5032162,,,5046492,,,5059826,,,5072100,,,5083254,,,5093176,,,5101839,,,5109303,,,5115511,,
"Developing economies: Oceania",2494,,,2545,,,2601,,,2663,,,2730,,,2800,,,2875,,,2953,,,3033,,,3116,,,3202,,,3286,,,3369,,,3453,,,3537,,,3623,,,3711,,,3798,,,3885,,,3977,,,4072,,,4171,,,4270,,,4368,,,4467,,,4568,,,4669,,,4771,,,4874,,,4979,,,5086,,,5198,,,5313,,,5430,,,5550,,,5673,,,5798,,,5923,,,6046,,,6173,,,6316,,,6481,,,6665,,,6858,,,7054,,,7255,,,7464,,,7682,,,7907,,,8134,,,8363,,,8590,,,8819,,,9052,,,9288,,,9526,,,9768,,,10012,,,10258,,,10506,,,10764,,,11027,,,11286,,,11543,,,11800,,,12053,,,12302,,,12550,,,12795,,,13032,,,13265,,,13494,,,13717,,,13939,,,14162,,,14384,,,14604,,,14824,,,15042,,,15260,,,15476,,,15690,,,15903,,,16114,,,16325,,,16534,,,16743,,,16950,,,17155,,,17357,,,17557,,,17754,,,17949,,,18142,,,18333,,,18523,,,18710,,,18894,,,19074,,,19252,,,19426,,
"Developed economies",860537,,,870629,,,880924,,,891785,,,903005,,,914472,,,926036,,,937955,,,950345,,,962775,,,975234,,,987840,,,1000379,,,1012642,,,1024615,,,1036169,,,1047218,,,1057944,,,1068554,,,1079095,,,1089329,,,1099903,,,1110702,,,1120888,,,1130649,,,1139827,,,1148675,,,1157565,,,1166270,,,1174781,,,1183441,,,1191939,,,1200038,,,1208084,,,1216017,,,1223907,,,1232174,,,1240722,,,1249359,,,1257815,,,1266230,,,1274453,,,1211730,,,1216527,,,1221626,,,1226196,,,1230148,,,1234108,,,1237434,,,1240651,,,1244508,,,1248640,,,1253571,,,1258776,,,1263567,,,1268288,,,1272974,,,1278437,,,1284413,,,1290054,,,1295440,,,1300850,,,1306188,,,1311419,,,1316759,,,1322545,,,1328611,,,1334279,,,1339398,,,1344087,,,1346338,,,1346208,,,1345994,,,1346851,,,1348522,,,1349812,,,1350684,,,1351226,,,1351606,,,1351808,,,1351830,,,1351696,,,1351442,,,1351112,,,1350706,,,1350213,,,1349621,,,1348952,,,1348233,,,1347423,,,1346529,,,1345595,,,1344630,,,1343580,,,1342396,,,1341110,,,1339717,,,1338192,,,1336523,,,1334697,,,1332737,,
"Developed economies: Americas",168009,,,170631,,,173344,,,176134,,,179025,,,181999,,,185057,,,188214,,,191395,,,194739,,,198253,,,201834,,,205422,,,208876,,,212230,,,215431,,,218413,,,221205,,,223844,,,226439,,,229340,,,232427,,,235179,,,237626,,,240008,,,242387,,,244733,,,247099,,,249484,,,251922,,,254502,,,257157,,,259835,,,262512,,,265138,,,267733,,,270281,,,272819,,,275439,,,278160,,,281282,,,284749,,,288227,,,291585,,,294744,,,297787,,,300750,,,303650,,,306572,,,309509,,,312500,,,315618,,,318745,,,321870,,,325045,,,328283,,,331615,,,335062,,,338545,,,341976,,,345386,,,348787,,,352164,,,355530,,,358875,,,362214,,,365658,,,369139,,,372477,,,375699,,,377734,,,378742,,,380482,,,382903,,,385295,,,387528,,,389629,,,391636,,,393615,,,395551,,,397430,,,399275,,,401085,,,402855,,,404601,,,406312,,,407977,,,409616,,,411227,,,412786,,,414279,,,415725,,,417144,,,418518,,,419821,,,421072,,,422263,,,423405,,,424506,,,425556,,,426580,,
"Developed economies: Asia and Oceania",118072,,,119942,,,121916,,,123956,,,125981,,,128029,,,130030,,,131916,,,133796,,,135726,,,137654,,,139553,,,141420,,,143297,,,145197,,,147144,,,149066,,,151163,,,153478,,,155780,,,158188,,,160688,,,163140,,,165567,,,167961,,,170162,,,172116,,,173908,,,175601,,,177226,,,178772,,,180283,,,181800,,,183251,,,184606,,,185922,,,187348,,,188879,,,190384,,,191834,,,193338,,,194742,,,195887,,,196936,,,197998,,,199028,,,200029,,,201033,,,201998,,,202925,,,203843,,,204785,,,205699,,,206530,,,207276,,,207959,,,208675,,,209479,,,210319,,,211142,,,211909,,,212704,,,213565,,,214418,,,215243,,,216094,,,216950,,,217711,,,218356,,,218884,,,219079,,,218852,,,218547,,,218345,,,218143,,,217884,,,217573,,,217219,,,216833,,,216415,,,215967,,,215494,,,214991,,,214457,,,213895,,,213311,,,212709,,,212087,,,211453,,,210807,,,210148,,,209478,,,208807,,,208135,,,207453,,,206759,,,206060,,,205348,,,204622,,,203885,,,203130,,
"Developed economies: Asia",107984,,,109572,,,111288,,,113093,,,114886,,,116684,,,118420,,,120043,,,121663,,,123332,,,124994,,,126623,,,128228,,,129846,,,131480,,,133150,,,134791,,,136629,,,138693,,,140723,,,142767,,,144823,,,146916,,,149070,,,151201,,,153174,,,154943,,,156565,,,158092,,,159551,,,160905,,,162174,,,163422,,,164617,,,165736,,,166818,,,167997,,,169257,,,170473,,,171631,,,172815,,,173908,,,174805,,,175640,,,176479,,,177259,,,177994,,,178752,,,179485,,,180179,,,180853,,,181528,,,182153,,,182688,,,183146,,,183529,,,183902,,,184301,,,184686,,,185055,,,185419,,,185842,,,186301,,,186728,,,187125,,,187532,,,187905,,,188167,,,188335,,,188411,,,188266,,,187788,,,187215,,,186721,,,186216,,,185658,,,185058,,,184423,,,183762,,,183078,,,182371,,,181644,,,180893,,,180116,,,179316,,,178494,,,177655,,,176800,,,175935,,,175060,,,174173,,,173272,,,172367,,,171462,,,170550,,,169627,,,168696,,,167757,,,166805,,,165842,,,164868,,
"Developed economies: Oceania",10088,,,10370,,,10628,,,10864,,,11095,,,11345,,,11610,,,11872,,,12133,,,12394,,,12660,,,12930,,,13192,,,13451,,,13717,,,13994,,,14275,,,14534,,,14785,,,15057,,,15422,,,15865,,,16224,,,16498,,,16761,,,16988,,,17173,,,17344,,,17509,,,17675,,,17868,,,18109,,,18378,,,18634,,,18870,,,19104,,,19351,,,19622,,,19910,,,20203,,,20523,,,20834,,,21082,,,21297,,,21518,,,21770,,,22035,,,22282,,,22513,,,22746,,,22990,,,23257,,,23546,,,23842,,,24131,,,24429,,,24772,,,25178,,,25632,,,26087,,,26489,,,26862,,,27264,,,27690,,,28119,,,28562,,,29045,,,29544,,,30021,,,30472,,,30814,,,31064,,,31333,,,31624,,,31927,,,32226,,,32515,,,32795,,,33071,,,33337,,,33596,,,33850,,,34098,,,34340,,,34579,,,34817,,,35054,,,35287,,,35518,,,35747,,,35975,,,36206,,,36440,,,36673,,,36902,,,37132,,,37364,,,37591,,,37817,,,38043,,,38262,,
"Developed economies: Europe",574455,,,580056,,,585664,,,591694,,,598000,,,604444,,,610949,,,617825,,,625155,,,632311,,,639328,,,646453,,,653537,,,660469,,,667188,,,673595,,,679739,,,685576,,,691232,,,696876,,,701801,,,706788,,,712383,,,717695,,,722679,,,727278,,,731825,,,736557,,,741185,,,745634,,,750166,,,754498,,,758403,,,762321,,,766273,,,770253,,,774545,,,779024,,,783536,,,787821,,,791609,,,794962,,,727617,,,728006,,,728885,,,729381,,,729370,,,729425,,,728864,,,728218,,,728164,,,728238,,,729127,,,730376,,,731246,,,732047,,,732684,,,733896,,,735549,,,736936,,,738145,,,739359,,,740459,,,741471,,,742641,,,744237,,,746003,,,747429,,,748565,,,749504,,,749524,,,748614,,,746965,,,745603,,,745084,,,744399,,,743482,,,742372,,,741159,,,739842,,,738433,,,736926,,,735366,,,733801,,,732211,,,730591,,,728934,,,727248,,,725552,,,723831,,,722102,,,720391,,,718678,,,716926,,,715122,,,713280,,,711394,,,709439,,,707396,,,705257,,,703028,,
"Developing economies excluding China",1088512,,,1112540,,,1138030,,,1164764,,,1192776,,,1222195,,,1252816,,,1284307,,,1316685,,,1350467,,,1385435,,,1421256,,,1457922,,,1495613,,,1535074,,,1574949,,,1614421,,,1654443,,,1695622,,,1738256,,,1782046,,,1825875,,,1870538,,,1917340,,,1965460,,,2014792,,,2065199,,,2116753,,,2169666,,,2224470,,,2281002,,,2339117,,,2399047,,,2460179,,,2522309,,,2585228,,,2648665,,,2712807,,,2777390,,,2842626,,,2907991,,,2973495,,,3109686,,,3177709,,,3244922,,,3312549,,,3380962,,,3449540,,,3518785,,,3588179,,,3657614,,,3727571,,,3797293,,,3867068,,,3937710,,,4008655,,,4080424,,,4153058,,,4226223,,,4300190,,,4374731,,,4449823,,,4525493,,,4601366,,,4676905,,,4751812,,,4825891,,,4898984,,,4971496,,,5043687,,,5114557,,,5181804,,,5250234,,,5322299,,,5394129,,,5465705,,,5537080,,,5608188,,,5678876,,,5749194,,,5819141,,,5888675,,,5957727,,,6026240,,,6094202,,,6161569,,,6228323,,,6294371,,,6359618,,,6424110,,,6487844,,,6550697,,,6612572,,,6673491,,,6733462,,,6792416,,,6850355,,,6907234,,,6963020,,,7017746,,,7071352,,
"Developing economies excluding LDCs",1434041,,,1463890,,,1496696,,,1531685,,,1567928,,,1606243,,,1645145,,,1685572,,,1726898,,,1763951,,,1795364,,,1826221,,,1865998,,,1916783,,,1969853,,,2021437,,,2072775,,,2123998,,,2177429,,,2233305,,,2290419,,,2347592,,,2404133,,,2461074,,,2517875,,,2574208,,,2630154,,,2686141,,,2742290,,,2800166,,,2861276,,,2924903,,,2990178,,,3055198,,,3120298,,,3187249,,,3256127,,,3327013,,,3398290,,,3469677,,,3541928,,,3611741,,,3747448,,,3812664,,,3876054,,,3939259,,,4002706,,,4065631,,,4128464,,,4190848,,,4253570,,,4316472,,,4376998,,,4435682,,,4496284,,,4557117,,,4618412,,,4680507,,,4742916,,,4806154,,,4870061,,,4933493,,,4997422,,,5061186,,,5123643,,,5184497,,,5243577,,,5301384,,,5356425,,,5408215,,,5456040,,,5498068,,,5539821,,,5583042,,,5624646,,,5665467,,,5705610,,,5745239,,,5783966,,,5821745,,,5858654,,,5894713,,,5929955,,,5964346,,,5997854,,,6030454,,,6062125,,,6092841,,,6122548,,,6151206,,,6178744,,,6205118,,,6230282,,,6254197,,,6276856,,,6298189,,,6318071,,,6336464,,,6353361,,,6368726,,,6382619,,
"LDCs (Least developed countries)",198345,,,202234,,,206287,,,210452,,,214772,,,219304,,,224029,,,228886,,,233795,,,239007,,,244648,,,250578,,,256760,,,263137,,,269767,,,276667,,,283778,,,291192,,,298915,,,306793,,,314627,,,322034,,,329752,,,338501,,,347539,,,356334,,,365039,,,373766,,,383132,,,393173,,,402456,,,411487,,,421994,,,433569,,,445367,,,457279,,,469248,,,481471,,,493786,,,506367,,,519056,,,531943,,,546234,,,561799,,,577317,,,592876,,,608652,,,624490,,,640599,,,656925,,,673029,,,689213,,,706538,,,725266,,,742876,,,760903,,,779396,,,797686,,,816442,,,835865,,,855530,,,875871,,,896874,,,918463,,,940481,,,962709,,,985619,,,1009200,,,1033321,,,1058227,,,1083854,,,1109397,,,1134812,,,1161056,,,1188013,,,1215538,,,1243582,,,1271821,,,1300235,,,1328915,,,1357821,,,1386885,,,1416002,,,1445156,,,1474385,,,1503700,,,1533094,,,1562508,,,1591937,,,1621440,,,1651055,,,1680704,,,1710330,,,1740013,,,1769748,,,1799464,,,1829223,,,1859011,,,1888772,,,1918519,,,1948140,,
"LDCs: Africa",108912,,,111107,,,113383,,,115723,,,118142,,,120660,,,123277,,,125929,,,128588,,,131430,,,134511,,,137733,,,141072,,,144522,,,148134,,,151905,,,155799,,,159873,,,164150,,,168545,,,173078,,,177760,,,182499,,,187521,,,192817,,,198197,,,203745,,,209288,,,215406,,,222025,,,228097,,,234444,,,241658,,,248906,,,255969,,,263215,,,270781,,,278668,,,286555,,,294487,,,302624,,,310930,,,319612,,,328842,,,338256,,,348008,,,358138,,,368312,,,378953,,,390033,,,401477,,,413300,,,425487,,,438031,,,451047,,,464581,,,478505,,,492880,,,507800,,,523042,,,538711,,,554762,,,571202,,,588371,,,605837,,,623574,,,642147,,,661387,,,681153,,,701304,,,721826,,,742642,,,763537,,,784780,,,806422,,,828611,,,851291,,,874117,,,897049,,,920204,,,943601,,,967229,,,991028,,,1014955,,,1039078,,,1063416,,,1087905,,,1112491,,,1137176,,,1161990,,,1186937,,,1211981,,,1237116,,,1262371,,,1287721,,,1313117,,,1338563,,,1364095,,,1389685,,,1415278,,,1440841,,
"LDCs: Asia",85793,,,87430,,,89148,,,90912,,,92749,,,94696,,,96736,,,98868,,,101045,,,103337,,,105821,,,108450,,,111211,,,114057,,,116993,,,120035,,,123165,,,126413,,,129765,,,133151,,,136352,,,138975,,,141848,,,145465,,,149095,,,152396,,,155436,,,158499,,,161624,,,164919,,,168002,,,170555,,,173714,,,177904,,,182498,,,187019,,,191272,,,195455,,,199723,,,204209,,,208596,,,213009,,,218453,,,224623,,,230564,,,236205,,,241682,,,247175,,,252473,,,257545,,,262030,,,266214,,,271175,,,276265,,,280670,,,284967,,,289326,,,293029,,,296652,,,300619,,,304442,,,308555,,,312900,,,317102,,,321438,,,325712,,,329834,,,333964,,,338106,,,342654,,,347557,,,352089,,,356420,,,361230,,,366353,,,371495,,,376666,,,381887,,,387176,,,392509,,,397825,,,403071,,,408203,,,413244,,,418167,,,422958,,,427681,,,432330,,,436896,,,441412,,,445908,,,450344,,,454666,,,458928,,,463152,,,467315,,,471474,,,475579,,,479600,,,483609,,,487525,,
"LDCs: Islands and Haiti",3640,,,3697,,,3756,,,3817,,,3881,,,3948,,,4017,,,4088,,,4163,,,4239,,,4317,,,4396,,,4477,,,4557,,,4640,,,4726,,,4814,,,4905,,,5000,,,5097,,,5197,,,5299,,,5405,,,5515,,,5627,,,5741,,,5859,,,5980,,,6103,,,6229,,,6357,,,6488,,,6622,,,6759,,,6900,,,7045,,,7195,,,7349,,,7508,,,7671,,,7837,,,8004,,,8169,,,8333,,,8498,,,8663,,,8832,,,9002,,,9174,,,9347,,,9522,,,9699,,,9876,,,10970,,,11158,,,11355,,,11565,,,11777,,,11990,,,12203,,,12377,,,12553,,,12773,,,12990,,,13207,,,13423,,,13637,,,13850,,,14062,,,14269,,,14470,,,14666,,,14855,,,15045,,,15239,,,15432,,,15625,,,15817,,,16010,,,16202,,,16395,,,16585,,,16772,,,16957,,,17141,,,17326,,,17508,,,17687,,,17864,,,18039,,,18211,,,18380,,,18547,,,18714,,,18875,,,19032,,,19186,,,19337,,,19487,,,19632,,,19774,,
"LLDCs (Landlocked developing countries)",76850,,,78403,,,80004,,,81638,,,83315,,,85051,,,86851,,,88651,,,90433,,,92365,,,94472,,,96679,,,98972,,,101330,,,103800,,,106370,,,108991,,,111718,,,114569,,,117486,,,120468,,,123500,,,126491,,,129583,,,132867,,,136195,,,139588,,,142856,,,146102,,,149133,,,151640,,,154234,,,157745,,,161916,,,166277,,,170757,,,175224,,,180109,,,185575,,,191337,,,196913,,,202757,,,278353,,,285775,,,291066,,,296518,,,304009,,,311412,,,318264,,,325264,,,332025,,,338855,,,346925,,,355608,,,364019,,,372579,,,381485,,,390099,,,399068,,,408670,,,418365,,,428553,,,449724,,,460534,,,471366,,,482100,,,492885,,,503809,,,515440,,,528050,,,541141,,,553892,,,566129,,,579185,,,592790,,,605977,,,619099,,,632445,,,646023,,,659748,,,673569,,,687457,,,701365,,,715283,,,729205,,,743155,,,757148,,,771159,,,785175,,,799226,,,813343,,,827452,,,841492,,,855549,,,869610,,,883601,,,897571,,,911512,,,925403,,,939250,,,952945,,
"SIDS (Small island developing States) (UN-OHRLLS)",22995,,,23487,,,23989,,,24507,,,25039,,,25587,,,26150,,,26723,,,27301,,,27889,,,28497,,,29123,,,29761,,,30409,,,31053,,,31692,,,32339,,,32994,,,33651,,,34302,,,34958,,,35618,,,36267,,,36905,,,37548,,,38199,,,38846,,,39483,,,40110,,,40706,,,41302,,,41955,,,42633,,,43300,,,43954,,,44593,,,45230,,,45894,,,46598,,,47337,,,48111,,,48910,,,49717,,,50522,,,51323,,,52134,,,52959,,,53787,,,54585,,,55340,,,56087,,,56829,,,57516,,,59079,,,59770,,,60518,,,61318,,,62171,,,63043,,,63872,,,64606,,,65310,,,66073,,,66807,,,67504,,,68185,,,68838,,,69394,,,70011,,,70666,,,71179,,,71632,,,72230,,,72895,,,73463,,,74008,,,74531,,,75041,,,75541,,,76025,,,76494,,,76953,,,77401,,,77837,,,78261,,,78671,,,79068,,,79450,,,79818,,,80172,,,80507,,,80825,,,81131,,,81424,,,81702,,,81966,,,82216,,,82449,,,82673,,,82884,,,83078,,
"SIDS: Atlantic and Indian Ocean",1627,,,1658,,,1686,,,1714,,,1739,,,1765,,,1792,,,1820,,,1850,,,1881,,,1910,,,1941,,,1976,,,2012,,,2039,,,2059,,,2086,,,2125,,,2171,,,2212,,,2251,,,2288,,,2319,,,2356,,,2407,,,2477,,,2553,,,2635,,,2719,,,2782,,,2828,,,2878,,,2928,,,2978,,,3030,,,3083,,,3137,,,3191,,,3246,,,3303,,,3362,,,3428,,,3501,,,3577,,,3651,,,3718,,,3779,,,3837,,,3894,,,3952,,,4012,,,4074,,,4139,,,4204,,,4269,,,4337,,,4407,,,4482,,,4559,,,4637,,,4715,,,4794,,,4874,,,4954,,,5036,,,5117,,,5198,,,5279,,,5358,,,5438,,,5518,,,5599,,,5676,,,5749,,,5822,,,5895,,,5967,,,6039,,,6111,,,6181,,,6251,,,6321,,,6391,,,6462,,,6532,,,6600,,,6668,,,6737,,,6805,,,6873,,,6940,,,7006,,,7071,,,7136,,,7200,,,7265,,,7328,,,7390,,,7453,,,7514,,,7573,,
"SIDS: Caribbean",17871,,,18226,,,18587,,,18954,,,19330,,,19712,,,20103,,,20503,,,20913,,,21335,,,21776,,,22235,,,22705,,,23183,,,23665,,,24149,,,24633,,,25116,,,25595,,,26072,,,26553,,,27042,,,27525,,,27992,,,28450,,,28898,,,29334,,,29758,,,30168,,,30569,,,30963,,,31360,,,31779,,,32220,,,32667,,,33116,,,33565,,,34014,,,34471,,,34937,,,35409,,,35880,,,36340,,,36784,,,37216,,,37644,,,38068,,,38488,,,38900,,,39304,,,39694,,,40066,,,40428,,,40785,,,41128,,,41455,,,41775,,,42091,,,42403,,,42717,,,42980,,,43211,,,43500,,,43779,,,44043,,,44299,,,44545,,,44724,,,44961,,,45240,,,45463,,,45657,,,45832,,,46047,,,46259,,,46454,,,46630,,,46796,,,46951,,,47096,,,47231,,,47357,,,47475,,,47585,,,47686,,,47779,,,47864,,,47939,,,48006,,,48063,,,48111,,,48151,,,48183,,,48206,,,48221,,,48226,,,48222,,,48210,,,48189,,,48160,,,48122,,
"SIDS: Pacific",3497,,,3603,,,3716,,,3840,,,3971,,,4109,,,4255,,,4400,,,4538,,,4673,,,4811,,,4947,,,5080,,,5214,,,5349,,,5484,,,5620,,,5753,,,5885,,,6018,,,6153,,,6288,,,6423,,,6557,,,6691,,,6825,,,6958,,,7091,,,7223,,,7355,,,7511,,,7717,,,7926,,,8102,,,8257,,,8394,,,8528,,,8689,,,8880,,,9097,,,9340,,,9602,,,9876,,,10160,,,10456,,,10773,,,11112,,,11463,,,11792,,,12084,,,12381,,,12689,,,12949,,,14090,,,14373,,,14727,,,15135,,,15598,,,16082,,,16518,,,16911,,,17305,,,17700,,,18074,,,18426,,,18769,,,19095,,,19392,,,19691,,,19989,,,20198,,,20377,,,20722,,,21098,,,21381,,,21659,,,21933,,,22206,,,22479,,,22748,,,23013,,,23275,,,23534,,,23790,,,24043,,,24293,,,24535,,,24773,,,25008,,,25236,,,25456,,,25668,,,25876,,,26082,,,26281,,,26475,,,26665,,,26849,,,27032,,,27211,,,27383,,
"Low-income developing economies",190190,,,193207,,,196600,,,200383,,,204459,,,208812,,,213380,,,218121,,,222993,,,228120,,,233555,,,239185,,,245011,,,251071,,,257412,,,264026,,,270884,,,278067,,,285575,,,293293,,,301219,,,309239,,,317364,,,325870,,,334665,,,343637,,,352877,,,362251,,,372355,,,383047,,,393296,,,403316,,,414283,,,426100,,,437965,,,450105,,,462610,,,475536,,,488697,,,502150,,,515868,,,529893,,,555067,,,571261,,,587503,,,603702,,,620187,,,636587,,,653399,,,670667,,,688038,,,705735,,,724216,,,743203,,,762389,,,782054,,,802622,,,824036,,,845653,,,867441,,,889717,,,912090,,,923087,,,943481,,,964124,,,985570,,,1008241,,,1032461,,,1057676,,,1083834,,,1110970,,,1138296,,,1165121,,,1191949,,,1219352,,,1247530,,,1276221,,,1305154,,,1334347,,,1363861,,,1393663,,,1423698,,,1453870,,,1484159,,,1514580,,,1545120,,,1575773,,,1606491,,,1637261,,,1668123,,,1699077,,,1730047,,,1760990,,,1791973,,,1822991,,,1854001,,,1885032,,,1916029,,,1946964,,,1977882,,,2008681,,
"Middle-income developing economies",671354,,,686268,,,702013,,,718376,,,735489,,,753474,,,772102,,,791111,,,810687,,,831180,,,852305,,,873971,,,896190,,,919005,,,942388,,,965566,,,988582,,,1012460,,,1037005,,,1061952,,,1087763,,,1113461,,,1139792,,,1167782,,,1196683,,,1226522,,,1257028,,,1288228,,,1319762,,,1352379,,,1386854,,,1422293,,,1458418,,,1495353,,,1533116,,,1571337,,,1609680,,,1648327,,,1687305,,,1726787,,,1766716,,,1806380,,,1884114,,,1925166,,,1965774,,,2006418,,,2047612,,,2089061,,,2130710,,,2171963,,,2213034,,,2254318,,,2295290,,,2335842,,,2376435,,,2416750,,,2456756,,,2496686,,,2537090,,,2578458,,,2620346,,,2662801,,,2716780,,,2760808,,,2803777,,,2845509,,,2886080,,,2925166,,,2963399,,,3000886,,,3037491,,,3071360,,,3105522,,,3142687,,,3179953,,,3216655,,,3253080,,,3289329,,,3325193,,,3360664,,,3395731,,,3430371,,,3464575,,,3498305,,,3531529,,,3564231,,,3596386,,,3627920,,,3658793,,,3689019,,,3718589,,,3747481,,,3775636,,,3803003,,,3829600,,,3855419,,,3880435,,,3904663,,,3928100,,,3950754,,,3972661,,
"High-income developing economies",767896,,,783665,,,801351,,,820323,,,839661,,,860135,,,880533,,,902032,,,923788,,,940399,,,950846,,,960271,,,978118,,,1006343,,,1036256,,,1064887,,,1093403,,,1120919,,,1149966,,,1181006,,,1212161,,,1242963,,,1272714,,,1301854,,,1329945,,,1356216,,,1381064,,,1405132,,,1428938,,,1453474,,,1479076,,,1506216,,,1534825,,,1562603,,,1589810,,,1618249,,,1648187,,,1679664,,,1711058,,,1742029,,,1773263,,,1802206,,,1849197,,,1872633,,,1894618,,,1916457,,,1937924,,,1958768,,,1979183,,,1999316,,,2019662,,,2039745,,,2058129,,,2075992,,,2094421,,,2113299,,,2132502,,,2151524,,,2170652,,,2190149,,,2209559,,,2228497,,,2248477,,,2269425,,,2290300,,,2310229,,,2329012,,,2347187,,,2362977,,,2376029,,,2385738,,,2392126,,,2398313,,,2403772,,,2407645,,,2411098,,,2414164,,,2416847,,,2418930,,,2420407,,,2421354,,,2421809,,,2421797,,,2421329,,,2420430,,,2419109,,,2417374,,,2415261,,,2412764,,,2409849,,,2406488,,,2402662,,,2398367,,,2393627,,,2388420,,,2382653,,,2376262,,,2369233,,,2361535,,,2353093,,,2343918,,
"BRICS",1138171,,,1160101,,,1184254,,,1209839,,,1236131,,,1263982,,,1291902,,,1320823,,,1350291,,,1374866,,,1393294,,,1411116,,,1437337,,,1473748,,,1511013,,,1546243,,,1581409,,,1616393,,,1652885,,,1690501,,,1728774,,,1766920,,,1804297,,,1841595,,,1878375,,,1914072,,,1948704,,,1982822,,,2016404,,,2050811,,,2086728,,,2123692,,,2162425,,,2201523,,,2240501,,,2280876,,,2323162,,,2367315,,,2411544,,,2455285,,,2499511,,,2540792,,,2433166,,,2467654,,,2501637,,,2535003,,,2568033,,,2600456,,,2632531,,,2664016,,,2695400,,,2726609,,,2756930,,,2786238,,,2814938,,,2843479,,,2871687,,,2899430,,,2927046,,,2955725,,,2985024,,,3013799,,,3043145,,,3072599,,,3100835,,,3127865,,,3154253,,,3180538,,,3204818,,,3226127,,,3244318,,,3257530,,,3268868,,,3280448,,,3291083,,,3301519,,,3311950,,,3322292,,,3331981,,,3341014,,,3349418,,,3357151,,,3364209,,,3370605,,,3376349,,,3381466,,,3385931,,,3389707,,,3392805,,,3395216,,,3396951,,,3398014,,,3398359,,,3397982,,,3396891,,,3395041,,,3392360,,,3388820,,,3384362,,,3378967,,,3372678,,
"European Union (2020 )",318115,,,320446,,,322775,,,325338,,,328025,,,330702,,,333311,,,336106,,,339179,,,342146,,,344992,,,347801,,,350654,,,353573,,,356521,,,359439,,,362268,,,364886,,,367468,,,370212,,,372521,,,374878,,,377672,,,380294,,,382652,,,384604,,,386424,,,388331,,,390143,,,391983,,,394056,,,395918,,,397285,,,398388,,,399362,,,400359,,,401442,,,402559,,,403821,,,405319,,,406854,,,408327,,,424545,,,425819,,,426937,,,427629,,,427996,,,428499,,,428534,,,428734,,,429549,,,430517,,,431845,,,433431,,,435040,,,436549,,,437693,,,439032,,,440611,,,441770,,,442702,,,443544,,,444110,,,444525,,,445113,,,446076,,,447085,,,447881,,,448691,,,449557,,,449976,,,449914,,,451323,,,452874,,,452491,,,451240,,,450153,,,449484,,,448754,,,447962,,,447109,,,446197,,,445257,,,444307,,,443337,,,442340,,,441305,,,440247,,,439169,,,438057,,,436921,,,435784,,,434630,,,433425,,,432167,,,430866,,,429524,,,428131,,,426682,,,425176,,,423622,,
"G20 (Group of Twenty)",1695433,,,1726025,,,1759026,,,1793974,,,1829906,,,1867530,,,1905446,,,1944571,,,1984441,,,2019824,,,2049385,,,2078562,,,2116361,,,2164430,,,2213504,,,2260186,,,2306443,,,2352848,,,2400980,,,2450319,,,2500836,,,2551632,,,2601365,,,2650696,,,2699305,,,2746482,,,2792294,,,2837539,,,2882269,,,2927906,,,2975346,,,3023821,,,3074003,,,3124666,,,3175146,,,3226932,,,3280549,,,3336064,,,3391777,,,3447081,,,3582873,,,3636697,,,3541451,,,3588037,,,3633864,,,3678577,,,3722530,,,3765940,,,3808469,,,3850269,,,3892579,,,3935125,,,3976791,,,4016469,,,4056430,,,4096273,,,4135660,,,4174935,,,4214635,,,4255306,,,4296520,,,4337398,,,4378968,,,4420715,,,4461524,,,4501451,,,4539941,,,4576868,,,4610724,,,4641236,,,4666521,,,4684542,,,4702451,,,4721968,,,4739500,,,4755861,,,4771937,,,4787907,,,4803034,,,4817274,,,4830644,,,4843138,,,4854777,,,4865592,,,4875594,,,4884795,,,4893152,,,4900652,,,4907304,,,4913051,,,4917904,,,4921902,,,4925015,,,4927181,,,4928369,,,4928561,,,4927686,,,4925706,,,4922564,,,4918225,,,4912750,,
"G-77 (Group of 77)",1570721,,,1602699,,,1637716,,,1674949,,,1713517,,,1754305,,,1795730,,,1838669,,,1882507,,,1922333,,,1956913,,,1991281,,,2034900,,,2089688,,,2146213,,,2201245,,,2256768,,,2313143,,,2371920,,,2432548,,,2494357,,,2555826,,,2617024,,,2679707,,,2742559,,,2804730,,,2866387,,,2928026,,,2990456,,,3055287,,,3122594,,,3192248,,,3264975,,,3338437,,,3412224,,,3488010,,,3565848,,,3646013,,,3726660,,,3807704,,,3889750,,,3969495,,,4064159,,,4141628,,,4217433,,,4293161,,,4369422,,,4445384,,,4521654,,,4597593,,,4673558,,,4749863,,,4824928,,,4899568,,,4975041,,,5051175,,,5128186,,,5205650,,,5283657,,,5362978,,,5443203,,,5523651,,,5605141,,,5686836,,,5767270,,,5846088,,,5924260,,,6002128,,,6077822,,,6151318,,,6221942,,,6287128,,,6351969,,,6418991,,,6485212,,,6551332,,,6617342,,,6683071,,,6748123,,,6812557,,,6876390,,,6939597,,,7002099,,,7063840,,,7124835,,,7185078,,,7244527,,,7303074,,,7360683,,,7417373,,,7473101,,,7527762,,,7581240,,,7633574,,,7684750,,,7734644,,,7783194,,,7830364,,,7876088,,,7920350,,,7963107,,
"OECD (Organisation for Economic Cooperation and Development)",705356,,,714004,,,722891,,,732322,,,742035,,,751899,,,761867,,,772187,,,782911,,,793838,,,804904,,,816139,,,827597,,,839070,,,850520,,,861863,,,872918,,,883668,,,894303,,,905011,,,915696,,,926782,,,937974,,,948615,,,958816,,,968330,,,977389,,,986461,,,995505,,,1004633,,,1014126,,,1023416,,,1032283,,,1041027,,,1049589,,,1058126,,,1066791,,,1075578,,,1084614,,,1094020,,,1104060,,,1114360,,,1134394,,,1144090,,,1153424,,,1162154,,,1170349,,,1178583,,,1186345,,,1194230,,,1202696,,,1211374,,,1220359,,,1229513,,,1238682,,,1247785,,,1256656,,,1266025,,,1275908,,,1285384,,,1294545,,,1303623,,,1312434,,,1321167,,,1330395,,,1340251,,,1349912,,,1359300,,,1368523,,,1377096,,,1382925,,,1386368,,,1391988,,,1398519,,,1403045,,,1406379,,,1409600,,,1413046,,,1416307,,,1419342,,,1422153,,,1424765,,,1427183,,,1429435,,,1431529,,,1433453,,,1435199,,,1436791,,,1438236,,,1439493,,,1440559,,,1441482,,,1442283,,,1442904,,,1443300,,,1443497,,,1443501,,,1443308,,,1442907,,,1442278,,,1441449,,
